country,source,date,arrest,protest,legalaction,disaster,censor,electionactivity,electionirregularities,activism,martiallaw,cooperate,coup,violencenonlethal,violencelethal,corruption,legalchange,mobilizesecurity,purge,threaten,raid,cs_999,defamationcase,total_articles,ncr_arrest,ncr_cooperate,ncr_corruption,ncr_defamationcase,ncr_legalaction,ncr_legalchange,ncr_purge,ncr_raid,ncr_threaten,ncr_violencelethal,ncr_violencenonlethal
Hungary,168.hu,2012-01-01,1,21,6,5,0,6,0,0,0,3,0,2,1,4,9,1,2,2,0,787,0,871,2,1,3,0,5,2,4,1,0,2,6
Hungary,168.hu,2012-02-01,0,22,5,8,1,3,0,1,0,2,2,1,0,0,5,1,3,1,1,683,0,764,1,1,3,0,4,7,2,1,1,0,7
Hungary,168.hu,2012-03-01,2,17,3,4,1,7,0,0,0,4,0,3,0,1,2,3,1,3,0,683,0,757,4,1,1,0,6,3,1,1,1,1,5
Hungary,168.hu,2012-04-01,1,10,7,5,2,10,0,0,0,3,0,2,2,6,6,0,6,0,0,649,0,730,1,1,2,0,3,13,1,0,0,2,3
Hungary,168.hu,2012-05-01,1,8,7,3,0,6,0,0,1,3,0,4,0,4,7,0,2,0,0,743,0,810,1,2,0,0,10,5,0,1,0,0,3
Hungary,168.hu,2012-06-01,0,6,11,7,1,3,0,0,1,2,1,6,0,12,3,1,7,4,0,647,0,745,6,1,12,0,8,10,2,1,2,1,6
Hungary,168.hu,2012-07-01,0,2,5,8,2,3,0,1,0,3,1,3,2,2,4,1,9,0,0,611,0,683,4,0,1,0,3,8,1,1,0,3,6
Hungary,168.hu,2012-08-01,1,8,2,4,0,2,0,0,0,0,0,3,0,2,4,2,1,0,0,536,0,590,2,0,3,0,7,6,2,0,0,2,5
Hungary,168.hu,2012-09-01,1,8,3,3,0,5,1,0,0,0,0,3,1,5,4,2,1,3,0,552,0,613,2,1,4,0,7,7,2,0,0,0,1
Hungary,168.hu,2012-10-01,0,9,4,4,1,12,1,0,0,4,0,3,0,3,3,1,4,1,0,714,0,780,0,1,3,0,3,8,2,0,0,0,2
Hungary,168.hu,2012-11-01,0,4,5,1,0,11,1,0,0,5,0,1,0,7,9,1,6,0,1,653,1,721,0,1,3,0,2,7,0,0,0,3,5
Hungary,168.hu,2012-12-01,3,31,2,6,1,5,4,1,0,6,0,1,0,1,4,1,2,1,0,588,0,677,0,4,2,0,1,7,0,0,1,3,2
Hungary,168.hu,2013-01-01,1,14,10,3,3,8,0,1,0,5,0,0,0,2,10,0,1,1,0,613,0,684,1,0,0,0,2,5,3,0,0,0,3
Hungary,168.hu,2013-02-01,0,13,6,4,1,5,1,4,1,1,0,2,0,0,9,1,3,0,0,525,1,586,2,2,0,0,1,2,0,0,0,0,3
Hungary,168.hu,2013-03-01,0,22,4,5,0,6,1,1,1,1,0,3,1,3,13,2,1,2,0,601,0,682,0,1,1,0,4,5,2,1,1,0,1
Hungary,168.hu,2013-04-01,0,4,9,10,1,3,0,2,0,4,0,2,0,4,6,0,2,1,0,516,1,582,1,3,2,0,5,3,1,0,0,3,2
Hungary,168.hu,2013-05-01,1,11,8,6,1,4,0,0,0,1,0,0,0,11,9,0,1,2,0,541,0,612,1,1,5,0,6,4,1,0,1,0,3
Hungary,168.hu,2013-06-01,1,8,2,23,0,9,0,1,0,3,0,0,0,2,7,2,5,1,0,572,0,661,0,1,2,0,3,16,2,0,0,1,3
Hungary,168.hu,2013-07-01,0,3,5,6,0,3,0,0,1,2,0,1,0,4,2,1,2,0,0,513,0,557,1,1,3,0,5,6,1,0,0,1,0
Hungary,168.hu,2013-08-01,2,5,2,9,0,7,1,1,1,4,0,2,1,3,3,0,0,0,0,483,0,552,5,0,3,0,8,6,0,1,2,2,4
Hungary,168.hu,2013-09-01,2,5,4,5,0,20,1,0,1,2,0,0,0,2,6,0,2,0,0,511,0,575,2,0,1,0,4,2,2,0,0,1,3
Hungary,168.hu,2013-10-01,1,10,9,7,1,18,0,0,0,3,1,1,0,4,10,0,3,1,1,572,0,669,3,1,4,1,9,11,1,0,2,0,0
Hungary,168.hu,2013-11-01,0,7,15,6,0,10,1,0,0,1,1,2,0,5,5,0,3,0,1,513,1,588,2,1,3,0,5,9,0,0,0,1,1
Hungary,168.hu,2013-12-01,2,6,7,5,0,13,0,0,0,0,0,0,0,7,10,0,0,1,0,494,0,560,2,2,4,0,7,4,0,0,0,1,2
Hungary,168.hu,2014-01-01,0,7,9,11,1,13,0,5,0,7,2,0,0,5,5,1,1,0,0,549,0,631,3,2,5,0,6,2,0,0,0,1,3
Hungary,168.hu,2014-02-01,1,8,5,7,0,14,1,0,0,3,2,1,0,4,4,0,3,0,0,490,0,557,0,1,3,0,6,1,0,1,0,1,6
Hungary,168.hu,2014-03-01,0,6,7,7,1,22,7,2,0,1,0,1,0,3,3,0,3,1,0,570,0,660,4,3,5,0,10,2,0,0,1,1,4
Hungary,168.hu,2014-04-01,0,9,7,5,1,35,4,2,1,1,0,1,0,6,3,0,5,0,1,564,0,663,3,2,3,0,5,6,1,1,0,1,3
Hungary,168.hu,2014-05-01,0,4,6,11,0,29,1,0,0,1,1,0,0,1,0,1,2,0,0,606,0,687,3,2,5,0,9,1,1,1,1,1,3
Hungary,168.hu,2014-06-01,1,2,9,4,4,10,1,0,1,0,0,1,0,5,6,1,5,0,0,575,0,646,4,0,3,0,3,11,0,0,1,2,1
Hungary,168.hu,2014-07-01,0,3,6,11,0,7,1,0,0,1,0,1,1,5,2,1,2,0,0,509,0,565,0,0,0,0,10,4,1,0,1,1,2
Hungary,168.hu,2014-08-01,1,3,3,7,0,5,0,0,1,1,0,0,1,1,0,1,1,1,0,415,0,450,1,2,0,0,3,1,1,0,0,1,1
Hungary,168.hu,2014-09-01,0,2,1,1,0,3,0,0,0,0,0,2,0,3,2,1,2,0,0,366,0,388,0,0,1,0,3,0,1,1,0,0,0
Hungary,168.hu,2014-10-01,0,8,0,1,1,9,0,0,1,1,0,1,0,0,2,0,2,0,0,371,0,403,0,1,1,0,1,4,0,0,0,0,0
Hungary,168.hu,2014-11-01,0,13,2,1,0,6,1,1,1,0,0,0,0,10,1,0,1,1,0,336,0,373,0,0,0,0,0,2,0,0,0,0,0
Hungary,168.hu,2014-12-01,0,9,2,0,0,4,0,0,2,1,0,0,0,6,2,0,0,0,0,328,0,360,0,1,0,0,1,1,1,0,1,1,0
Hungary,168.hu,2015-01-01,0,8,2,1,0,0,0,0,0,0,0,0,0,3,1,0,1,0,0,364,0,388,1,0,2,0,2,3,0,0,0,0,1
Hungary,168.hu,2015-02-01,0,3,2,1,0,2,0,0,0,2,0,0,0,0,1,2,0,1,0,381,0,406,1,0,3,0,2,7,0,0,0,0,0
Hungary,168.hu,2015-03-01,2,9,5,2,0,11,0,0,1,1,1,0,0,5,3,0,0,0,0,416,0,468,1,0,5,0,6,3,0,1,1,1,0
Hungary,168.hu,2015-04-01,0,9,3,3,0,6,0,0,1,1,0,1,0,5,2,0,1,0,0,392,0,439,1,0,7,0,7,3,0,0,0,1,0
Hungary,168.hu,2015-05-01,1,7,3,4,2,3,0,0,0,0,0,0,0,3,0,0,1,1,1,432,1,468,0,0,0,0,2,3,0,0,1,5,0
Hungary,168.hu,2015-06-01,0,4,6,4,1,2,0,1,1,1,0,3,1,4,4,3,5,1,0,492,1,550,3,0,4,0,10,1,0,0,0,1,5
Hungary,168.hu,2015-07-01,1,3,3,7,0,1,0,0,1,0,0,0,0,5,0,0,0,1,1,516,0,561,5,1,3,0,3,3,1,0,1,2,6
Hungary,168.hu,2015-08-01,1,3,2,7,0,3,0,0,0,1,0,1,0,4,1,1,1,0,1,449,0,492,4,0,0,0,4,1,1,0,1,2,5
Hungary,168.hu,2015-09-01,2,4,1,3,0,5,0,1,0,0,0,4,0,2,2,4,0,0,0,455,0,504,5,0,2,0,3,2,3,0,0,1,6
Hungary,168.hu,2015-10-01,0,1,4,3,1,6,0,0,0,1,0,0,0,3,0,4,0,0,0,422,0,459,2,1,1,0,5,3,0,0,0,2,2
Hungary,168.hu,2015-11-01,4,2,3,7,2,3,0,1,1,1,1,1,0,7,1,3,3,1,0,479,0,536,1,0,2,0,3,3,2,1,0,2,5
Hungary,168.hu,2015-12-01,0,5,4,7,0,5,0,1,0,0,0,0,0,6,5,1,1,0,0,471,0,525,5,1,4,0,6,3,1,0,0,2,1
Hungary,168.hu,2016-01-01,0,12,5,6,0,4,0,0,1,0,2,0,2,6,5,2,1,0,0,474,0,537,2,0,1,0,8,2,3,0,0,2,4
Hungary,168.hu,2016-02-01,1,30,7,4,1,11,2,0,0,2,3,0,1,10,2,1,3,1,0,521,0,613,1,2,0,0,3,2,1,0,1,3,5
Hungary,168.hu,2016-03-01,0,14,6,5,2,1,3,4,0,2,1,2,0,8,3,0,0,1,0,479,0,545,1,0,6,0,9,3,0,0,0,1,2
Hungary,168.hu,2016-04-01,0,17,12,12,1,7,2,0,1,2,0,0,0,12,3,0,4,1,0,569,0,658,2,2,6,0,8,2,1,0,1,1,3
Hungary,168.hu,2016-05-01,0,5,6,6,1,2,1,0,0,1,0,1,1,4,2,1,4,1,0,544,1,595,5,0,4,0,11,0,0,0,1,0,1
Hungary,168.hu,2016-06-01,0,7,10,10,0,13,0,0,0,1,0,0,2,5,6,1,3,0,0,504,0,594,5,2,5,0,11,5,1,0,0,4,4
Hungary,168.hu,2016-07-01,1,16,8,7,0,7,2,1,0,1,4,1,1,8,2,2,0,0,0,449,0,528,5,1,2,0,6,2,1,0,0,2,5
Hungary,168.hu,2016-08-01,0,2,3,5,0,7,0,0,2,1,0,0,0,5,2,3,0,0,0,355,0,399,2,0,5,0,7,1,0,1,2,0,4
Hungary,168.hu,2016-09-01,0,0,0,0,0,0,0,0,0,0,0,0,0,2,0,0,0,0,0,100,0,102,0,0,0,0,0,0,0,0,0,0,0
Hungary,168.hu,2016-10-01,0,13,6,5,2,7,0,1,1,1,0,1,2,5,11,1,1,0,0,544,0,630,6,1,1,0,6,2,5,1,0,1,7
Hungary,168.hu,2016-11-01,1,7,7,8,1,11,0,0,3,2,0,0,0,10,3,0,4,1,0,551,0,636,3,0,2,1,10,12,2,0,1,1,2
Hungary,168.hu,2016-12-01,1,7,1,13,0,5,0,0,0,0,0,1,1,3,2,1,1,0,0,524,0,591,5,1,2,0,11,3,1,0,0,5,5
Hungary,168.hu,2017-01-01,0,6,10,12,0,11,0,2,1,1,0,2,0,6,3,0,4,0,0,623,0,715,3,1,4,0,12,9,1,1,0,2,7
Hungary,168.hu,2017-02-01,3,3,12,6,4,12,0,1,0,2,0,2,1,5,1,0,3,0,0,537,0,622,6,0,4,0,8,3,0,1,1,5,7
Hungary,168.hu,2017-03-01,2,7,8,6,2,7,1,0,3,1,0,0,1,9,2,1,0,1,0,574,0,653,8,1,3,0,10,5,0,0,1,1,8
Hungary,168.hu,2017-04-01,1,25,5,6,1,10,2,0,0,3,0,4,1,6,5,0,2,0,0,528,0,633,4,1,4,0,10,9,1,1,1,1,8
Hungary,168.hu,2017-05-01,3,10,8,9,0,14,0,0,0,4,0,1,0,15,2,0,4,2,0,544,0,642,0,1,2,0,15,4,1,2,2,2,3
Hungary,168.hu,2017-06-01,3,4,6,7,2,8,0,0,0,0,0,2,1,6,9,0,2,0,0,525,0,599,6,0,6,0,11,4,0,1,0,2,3
Hungary,168.hu,2017-07-01,0,7,6,9,3,6,0,0,2,1,1,0,0,3,5,0,2,2,0,547,0,609,5,2,4,0,4,1,2,0,0,0,3
Hungary,168.hu,2017-08-01,1,6,5,17,0,7,0,1,0,0,0,2,0,4,3,0,0,0,0,452,0,524,6,0,3,0,11,4,0,0,2,2,2
Hungary,168.hu,2017-09-01,1,9,4,8,2,9,0,1,1,0,1,0,0,5,3,1,5,1,0,458,0,522,2,1,2,0,6,4,1,0,0,1,1
Hungary,168.hu,2017-10-01,0,6,10,15,0,9,2,2,0,3,0,2,1,4,5,1,7,0,0,569,1,655,5,1,2,0,7,4,0,1,0,1,2
Hungary,168.hu,2017-11-01,3,2,14,6,2,12,1,2,1,3,0,2,1,3,6,1,3,1,1,692,0,806,10,2,6,0,16,6,2,1,0,5,8
Hungary,168.hu,2017-12-01,0,5,15,19,0,21,4,2,0,2,0,2,0,7,7,0,1,2,0,725,0,860,15,5,3,0,11,3,1,0,0,7,8
Hungary,168.hu,2018-01-01,0,13,19,13,2,31,3,2,0,10,0,1,2,19,8,1,5,2,0,834,0,1008,5,0,4,0,14,1,2,2,3,10,11
Hungary,168.hu,2018-02-01,1,11,19,12,1,29,3,4,2,5,1,3,3,26,2,1,5,3,2,790,0,964,6,1,12,0,18,0,2,1,2,9,8
Hungary,168.hu,2018-03-01,1,17,16,17,4,54,4,0,0,4,2,3,1,23,6,0,6,3,0,931,1,1153,7,1,13,0,28,4,0,0,1,9,11
Hungary,168.hu,2018-04-01,0,24,12,8,3,93,18,1,1,2,3,4,2,14,4,1,16,1,0,863,0,1111,7,0,3,1,18,2,3,3,2,2,8
Hungary,168.hu,2018-05-01,0,14,6,23,4,14,2,2,1,6,0,0,0,5,7,3,4,4,0,910,0,1063,13,0,4,0,10,6,3,1,2,9,15
Hungary,168.hu,2018-06-01,5,7,9,30,0,19,0,1,1,3,1,2,0,6,9,1,8,4,0,772,0,941,8,0,8,0,22,4,4,1,1,8,15
Hungary,168.hu,2018-07-01,0,5,12,17,1,14,2,0,1,2,1,1,0,9,9,2,3,0,0,818,0,959,8,1,4,0,16,10,1,1,1,6,22
Hungary,168.hu,2018-08-01,0,11,14,25,0,8,0,2,1,4,0,3,0,8,8,4,7,1,0,782,0,933,7,0,5,0,17,2,5,1,1,14,12
Hungary,168.hu,2018-09-01,1,7,11,23,4,17,1,3,1,2,0,3,0,7,5,2,5,0,1,811,0,982,14,2,4,0,20,6,1,2,2,15,18
Hungary,168.hu,2018-10-01,1,12,13,21,2,14,1,5,0,4,1,1,3,10,12,6,11,0,0,909,0,1107,12,1,8,0,32,7,6,1,0,8,16
Hungary,168.hu,2018-11-01,3,20,21,18,1,10,0,2,3,5,3,3,0,8,5,1,10,1,0,817,0,1014,12,0,10,0,33,11,2,3,1,9,14
Hungary,168.hu,2018-12-01,6,72,14,20,0,13,0,2,0,4,4,6,3,8,9,3,6,1,2,749,1,987,10,1,2,0,17,11,1,1,1,7,18
Hungary,168.hu,2019-01-01,0,47,19,30,2,14,0,1,2,5,3,3,0,11,4,2,2,2,0,812,0,1013,8,2,3,0,15,3,3,1,5,9,11
Hungary,168.hu,2019-02-01,2,17,10,12,1,18,1,1,2,2,0,4,1,6,6,2,5,3,0,751,0,902,11,2,3,0,20,2,5,1,0,6,14
Hungary,168.hu,2019-03-01,3,20,13,15,1,23,0,1,1,1,0,5,3,7,7,1,7,1,0,736,0,914,11,2,1,0,20,5,2,2,4,10,15
Hungary,168.hu,2019-04-01,1,10,22,22,1,30,4,2,3,1,1,3,1,9,8,3,3,1,3,814,0,1020,13,3,7,0,28,5,1,4,0,12,15
Hungary,168.hu,2019-05-01,2,18,14,22,7,41,1,4,1,7,0,3,3,6,2,1,3,3,0,799,0,996,9,4,4,0,8,6,6,0,1,7,20
Hungary,168.hu,2019-06-01,0,9,11,29,1,29,2,2,1,4,0,3,2,9,15,3,3,1,0,748,0,941,10,0,6,0,15,9,1,0,0,10,24
Hungary,168.hu,2019-07-01,0,7,9,24,4,27,4,0,0,5,0,3,1,7,3,1,4,2,0,714,0,886,8,1,3,0,15,6,2,3,1,11,24
Hungary,168.hu,2019-08-01,0,5,14,16,0,38,3,1,0,1,2,4,3,13,2,0,5,0,1,703,0,894,16,2,5,0,19,4,1,1,1,21,22
Hungary,168.hu,2019-09-01,2,7,17,28,1,44,3,5,0,5,0,11,1,12,2,0,3,3,1,797,0,1024,13,0,6,0,27,4,3,2,3,14,23
Hungary,168.hu,2019-10-01,0,12,24,25,4,84,13,1,0,3,0,5,3,18,6,2,7,4,1,838,0,1131,12,2,6,0,29,2,0,1,0,14,22
Hungary,168.hu,2019-11-01,3,16,21,14,2,30,3,3,2,4,2,4,0,18,3,0,7,2,0,779,0,999,8,4,6,0,29,10,2,1,2,10,27
Hungary,168.hu,2019-12-01,1,11,17,14,2,16,0,2,0,2,0,0,0,9,8,0,4,1,0,751,1,939,17,0,4,0,20,12,6,0,0,21,28
Hungary,168.hu,2020-01-01,3,7,18,33,1,28,1,0,1,3,2,5,1,10,2,4,4,0,2,708,0,927,17,1,6,0,24,8,2,0,2,14,30
Hungary,168.hu,2020-02-01,1,14,10,28,1,4,1,2,2,1,0,1,0,4,1,1,1,0,1,584,0,733,17,2,3,0,14,6,2,0,1,16,20
Hungary,168.hu,2020-03-01,0,6,4,78,2,5,0,1,18,1,0,1,0,3,10,4,0,0,1,691,0,885,8,2,1,0,8,5,0,1,3,14,20
Hungary,168.hu,2020-04-01,1,2,5,73,2,2,0,0,12,1,1,1,0,2,6,2,1,2,0,666,0,860,18,1,3,0,9,12,3,1,3,13,22
Hungary,168.hu,2020-05-01,6,11,4,51,2,3,0,3,9,1,1,1,0,3,7,2,1,0,0,696,0,886,18,0,3,0,10,6,4,2,3,17,26
Hungary,168.hu,2020-06-01,0,5,7,57,0,11,1,4,0,4,0,2,1,5,4,1,6,2,0,644,0,822,12,0,3,0,15,5,2,2,0,12,21
Hungary,168.hu,2020-07-01,2,15,11,66,2,12,1,2,1,0,3,1,0,6,5,0,9,0,1,679,0,917,16,2,7,1,18,9,3,2,0,10,41
Hungary,168.hu,2020-08-01,4,12,3,67,0,14,1,0,8,3,2,3,2,3,2,4,4,0,0,781,0,987,27,2,2,1,7,5,2,0,1,10,22
Hungary,168.hu,2020-09-01,3,9,12,89,1,24,2,3,9,9,2,2,2,7,1,2,5,2,0,1020,0,1278,21,1,6,0,26,12,2,4,1,5,7
Hungary,168.hu,2020-10-01,2,13,7,80,2,25,1,5,4,2,0,2,2,11,3,0,2,0,0,862,1,1099,15,2,4,0,15,12,2,3,2,14,16
Hungary,168.hu,2020-11-01,1,4,8,80,0,3,0,1,5,2,1,0,0,5,10,2,3,3,3,789,0,984,19,1,3,0,11,13,1,1,0,10,11
Hungary,168.hu,2020-12-01,2,4,6,72,1,8,1,0,4,3,0,1,1,4,3,0,4,1,0,783,0,983,23,0,4,1,23,11,1,2,0,5,23
Hungary,168.hu,2021-01-01,1,4,9,64,0,14,0,1,5,2,1,3,4,6,6,0,12,0,0,736,0,938,17,3,7,1,14,10,1,3,0,7,18
Hungary,168.hu,2021-02-01,0,6,12,40,3,19,0,1,2,2,2,0,1,4,3,1,2,2,0,576,1,719,10,0,2,2,7,7,2,4,2,3,11
Hungary,168.hu,2021-03-01,4,6,11,56,0,7,1,2,7,4,1,0,0,7,2,2,5,0,0,768,0,946,14,3,2,0,12,8,1,4,2,11,14
Hungary,168.hu,2021-04-01,1,3,7,71,3,13,1,3,2,0,0,3,0,7,3,0,0,2,0,739,0,927,9,3,3,0,15,9,1,1,1,10,21
Hungary,168.hu,2021-05-01,2,4,16,45,2,13,3,0,0,6,1,3,4,7,3,0,0,4,3,905,0,1094,16,4,4,0,16,10,1,5,3,5,17
Hungary,168.hu,2021-06-01,5,15,19,41,6,11,2,2,3,1,2,2,0,8,16,0,4,3,0,870,0,1091,20,2,0,0,9,16,1,1,3,9,25
Hungary,168.hu,2021-07-01,2,11,14,60,0,10,0,6,0,2,0,2,2,15,11,1,4,1,1,919,0,1119,8,1,9,0,15,11,0,0,6,3,18
Hungary,168.hu,2021-08-01,2,9,4,70,0,13,1,3,2,4,2,6,1,4,6,1,1,1,0,951,0,1153,18,2,5,0,13,8,0,3,1,5,23
Hungary,168.hu,2021-09-01,3,5,23,66,3,80,5,4,2,6,0,7,4,19,6,4,4,0,3,1333,1,1669,11,3,5,0,22,17,1,0,3,15,33
Hungary,168.hu,2021-10-01,3,9,22,74,1,63,1,6,3,9,1,2,2,12,4,1,10,1,0,1186,0,1498,14,9,7,0,20,22,0,3,3,10,15
Hungary,168.hu,2021-11-01,3,6,12,79,2,18,4,5,2,5,2,4,0,12,7,4,3,0,0,1002,0,1258,12,6,7,0,23,22,2,2,0,6,18
Hungary,168.hu,2021-12-01,0,4,23,77,0,12,1,1,4,4,1,2,3,13,7,2,5,1,1,1051,0,1295,22,4,6,0,21,16,2,0,3,9,15
Hungary,168.hu,2022-01-01,6,16,14,79,1,27,2,1,0,4,0,0,0,8,4,2,8,1,1,1006,0,1269,18,2,13,0,25,7,1,4,3,8,25
Hungary,168.hu,2022-02-01,3,24,16,59,2,39,0,4,2,3,2,3,1,18,4,4,3,1,1,952,0,1199,8,4,7,0,11,7,2,2,6,11,16
Hungary,168.hu,2022-03-01,2,16,10,34,2,33,5,2,1,3,0,5,2,6,4,7,3,2,2,720,0,904,9,3,2,0,9,4,0,0,1,8,14
Hungary,168.hu,2022-04-01,6,7,14,48,1,77,4,2,2,3,0,3,3,7,3,2,11,0,0,862,0,1097,11,0,2,0,12,3,1,2,5,5,9
Hungary,168.hu,2022-05-01,6,3,14,33,1,14,0,1,0,10,0,1,3,11,6,3,5,3,1,927,0,1098,8,1,6,0,15,2,0,3,4,8,21
Hungary,168.hu,2022-06-01,4,1,6,46,0,15,0,1,2,2,1,4,3,3,5,1,5,4,0,953,0,1123,11,4,4,0,18,8,4,1,4,2,16
Hungary,168.hu,2022-07-01,3,28,8,61,2,18,1,1,6,5,1,6,3,4,7,4,11,0,0,852,0,1110,20,6,3,0,15,24,1,0,2,8,16
Hungary,168.hu,2022-08-01,1,12,3,66,0,6,0,0,0,2,1,5,2,1,1,0,3,0,2,758,0,895,7,1,1,0,1,6,0,1,3,2,11
Hungary,168.hu,2022-09-01,2,16,5,25,1,18,0,1,0,2,1,2,2,4,3,2,4,1,0,607,0,728,3,3,5,0,7,10,0,0,2,3,6
Hungary,168.hu,2022-10-01,1,51,12,18,1,9,0,2,1,5,0,2,2,5,5,0,2,4,0,656,0,815,4,2,2,0,9,11,1,3,3,7,4
Hungary,168.hu,2022-11-01,2,18,6,20,1,10,0,4,0,4,1,2,1,7,2,2,9,0,0,630,0,776,15,5,5,0,12,5,2,0,1,7,14
Hungary,168.hu,2022-12-01,3,13,11,30,3,3,0,1,0,4,1,1,0,7,4,1,2,0,0,646,0,778,8,7,2,0,12,6,3,3,2,3,9
Hungary,168.hu,2023-01-01,5,18,11,30,0,13,1,1,1,5,4,3,0,8,3,0,3,2,0,612,0,783,17,1,3,0,18,8,3,2,0,5,14
Hungary,168.hu,2023-02-01,8,13,9,22,1,5,1,4,1,7,2,1,0,8,1,0,6,1,0,515,0,659,11,5,8,0,18,9,2,0,1,4,9
Hungary,168.hu,2023-03-01,3,10,9,28,1,11,1,2,1,1,1,0,0,8,6,1,5,1,2,609,0,754,13,4,6,0,18,5,3,1,0,2,13
Hungary,168.hu,2023-04-01,4,8,5,12,0,8,0,0,1,4,0,0,0,4,6,1,6,0,0,596,0,707,4,2,2,0,17,7,1,2,0,10,12
Hungary,168.hu,2023-05-01,1,10,13,27,0,13,1,0,0,3,2,4,0,4,4,0,3,2,1,726,0,879,15,1,4,0,18,8,2,2,1,7,13
Hungary,168.hu,2023-06-01,1,13,12,34,0,7,1,0,1,3,1,3,4,3,3,3,6,0,0,702,0,866,8,3,4,0,20,18,0,3,1,8,8
Hungary,168.hu,2023-07-01,2,6,3,32,0,11,0,0,3,5,1,2,1,2,4,1,5,1,0,728,0,870,9,1,5,0,16,16,1,1,1,7,9
Hungary,168.hu,2023-08-01,3,3,7,57,0,7,0,0,2,3,0,6,1,4,2,3,4,0,0,761,0,936,11,0,3,0,13,11,4,2,3,17,13
Hungary,168.hu,2023-09-01,0,3,6,23,1,12,0,1,1,4,0,5,2,7,1,3,8,0,0,782,0,908,7,0,6,0,16,7,1,2,1,5,10
Hungary,168.hu,2023-10-01,1,6,8,29,2,8,0,0,0,4,0,2,3,6,6,4,2,0,1,809,0,955,8,1,7,0,22,13,1,0,3,7,11
Hungary,168.hu,2023-11-01,3,5,12,32,1,7,0,0,3,3,1,1,0,6,11,1,6,0,0,797,0,954,7,4,6,0,27,14,5,1,1,1,7
Hungary,168.hu,2023-12-01,0,9,13,53,0,6,1,0,0,6,1,3,0,6,13,2,5,0,0,744,1,905,6,1,0,0,14,12,0,1,0,6,6
Hungary,168.hu,2024-01-01,1,9,9,25,0,10,0,0,0,2,1,2,1,6,2,0,2,0,0,671,0,774,8,0,1,0,8,4,3,0,0,5,9
Hungary,168.hu,2024-02-01,1,19,11,12,1,13,1,1,1,5,0,3,0,6,2,1,8,0,0,488,0,607,5,2,5,0,13,2,1,1,0,3,9
Hungary,168.hu,2024-03-01,0,2,7,7,0,7,0,0,0,2,0,1,0,1,3,1,1,0,0,504,0,558,2,0,1,1,9,4,0,0,0,0,7
Hungary,168.hu,2024-04-01,0,6,7,31,0,14,0,0,0,2,0,1,0,3,2,0,3,1,0,395,0,494,7,2,3,0,8,5,1,0,1,2,5
Hungary,168.hu,2024-05-01,0,2,11,19,2,22,1,0,1,2,1,1,1,3,0,0,2,0,0,509,0,600,3,3,2,0,7,3,0,0,0,0,8
Hungary,168.hu,2024-06-01,1,2,5,29,0,30,11,0,3,2,0,1,0,3,1,1,3,3,0,456,0,568,1,0,2,0,5,8,1,0,0,1,3
Hungary,168.hu,2024-07-01,3,1,3,20,0,7,2,0,2,2,0,0,1,2,2,1,4,1,0,460,0,536,4,1,2,0,3,9,1,0,0,1,8
Hungary,168.hu,2024-08-01,4,2,7,21,1,3,1,0,1,4,0,0,0,5,2,0,2,1,1,461,0,542,5,0,2,0,10,7,2,0,0,1,5
Hungary,168.hu,2024-09-01,0,1,3,51,1,3,0,0,1,1,0,0,0,2,0,0,0,0,0,397,0,488,1,1,2,0,7,12,0,2,0,1,4
Hungary,168.hu,2024-10-01,2,1,3,23,0,1,0,0,2,0,0,0,0,3,0,0,0,0,0,552,0,617,3,0,3,0,5,22,0,0,0,1,1
Hungary,168.hu,2024-11-01,0,0,2,15,0,2,0,0,2,0,0,0,2,1,1,1,0,0,0,455,0,501,1,1,0,0,2,17,0,0,0,0,0
Hungary,168.hu,2024-12-01,0,0,0,7,1,1,1,0,0,0,0,1,0,1,0,1,2,0,0,653,0,682,1,0,2,0,1,7,0,1,0,0,2
Hungary,168.hu,2025-01-01,0,1,2,9,0,3,0,0,5,0,0,0,0,1,1,0,0,1,0,382,0,416,2,0,0,0,1,7,0,1,1,0,0
Hungary,168.hu,2025-02-01,0,3,2,15,0,0,0,0,0,0,0,0,0,2,0,2,0,0,0,393,0,431,1,0,2,0,2,8,0,0,0,0,3
Hungary,168.hu,2025-03-01,0,1,1,15,0,1,0,0,4,0,0,1,1,0,2,0,0,0,1,464,0,512,0,1,3,0,3,11,0,1,0,0,4
Hungary,168.hu,2025-04-01,0,0,0,0,0,0,0,0,0,0,0,0,0,0,0,0,0,0,0,0,0,0,0,0,0,0,0,0,0,0,0,0,0
Hungary,168.hu,2025-05-01,0,0,0,0,0,0,0,0,0,0,0,0,0,0,0,0,0,0,0,0,0,0,0,0,0,0,0,0,0,0,0,0,0
Hungary,168.hu,2025-06-01,0,0,0,0,0,0,0,0,0,0,0,0,0,0,0,0,0,0,0,0,0,0,0,0,0,0,0,0,0,0,0,0,0
Hungary,24.hu,2012-01-01,2,26,23,39,0,12,1,3,0,10,2,6,1,10,6,2,12,3,0,1813,0,2084,21,7,10,0,37,13,4,0,0,15,21
Hungary,24.hu,2012-02-01,1,18,16,62,1,11,1,0,1,8,1,7,2,9,7,4,4,0,0,1628,0,1876,21,1,3,1,30,9,3,1,3,7,26
Hungary,24.hu,2012-03-01,4,27,11,49,4,19,1,0,1,5,1,4,0,11,11,1,3,1,1,1719,0,1987,16,7,8,1,32,15,3,1,1,15,29
Hungary,24.hu,2012-04-01,2,19,21,32,1,17,0,1,1,8,1,5,0,5,4,6,6,2,0,1587,0,1825,16,6,6,0,20,18,2,5,3,19,20
Hungary,24.hu,2012-05-01,1,5,10,50,0,10,1,0,1,0,1,5,1,8,5,4,7,0,0,1494,0,1721,11,2,8,0,38,18,2,2,2,20,26
Hungary,24.hu,2012-06-01,5,3,16,43,0,7,0,0,1,3,1,5,0,16,7,3,11,1,3,1456,0,1695,21,4,10,1,26,11,3,4,3,10,39
Hungary,24.hu,2012-07-01,0,3,16,52,1,8,0,2,2,2,3,0,2,7,5,2,3,1,1,1402,0,1609,22,2,4,0,18,9,1,1,1,22,25
Hungary,24.hu,2012-08-01,1,5,12,31,1,8,1,2,0,2,0,9,2,5,1,5,4,2,0,1312,0,1486,23,2,11,0,11,4,3,7,1,9,24
Hungary,24.hu,2012-09-01,5,21,20,28,0,14,1,2,0,4,0,6,2,11,7,4,6,1,0,1415,0,1645,26,4,3,0,17,16,4,1,2,12,25
Hungary,24.hu,2012-10-01,2,16,12,36,3,17,1,1,3,10,1,8,1,9,8,4,4,0,0,1685,0,1947,28,4,10,0,27,26,3,0,2,13,26
Hungary,24.hu,2012-11-01,3,17,18,29,1,17,1,1,1,5,2,4,1,15,13,1,9,1,2,1679,0,1954,22,10,9,0,26,12,3,5,1,22,41
Hungary,24.hu,2012-12-01,2,38,5,43,0,6,0,5,0,10,1,5,3,8,11,4,6,1,1,1482,0,1740,21,4,1,0,16,20,3,5,3,12,29
Hungary,24.hu,2013-01-01,2,22,8,52,2,8,3,3,0,8,3,2,1,7,4,3,7,1,0,1775,0,2064,24,11,6,0,29,21,4,3,4,17,43
Hungary,24.hu,2013-02-01,3,33,14,47,3,10,0,3,3,0,0,2,2,7,6,2,11,2,1,1583,0,1880,19,14,9,0,25,19,7,2,1,17,42
Hungary,24.hu,2013-03-01,2,23,11,54,0,9,0,0,1,6,0,7,1,3,15,3,3,1,3,1615,0,1865,17,6,8,0,18,8,3,3,7,8,35
Hungary,24.hu,2013-04-01,2,4,11,39,3,15,2,3,2,1,1,4,3,8,7,0,2,1,0,1584,0,1790,16,3,6,0,14,11,1,1,2,22,30
Hungary,24.hu,2013-05-01,0,10,11,30,1,11,1,1,1,0,2,4,2,5,5,3,2,0,0,1490,0,1670,13,1,4,0,16,5,0,4,1,16,36
Hungary,24.hu,2013-06-01,1,8,4,69,1,9,1,0,4,2,0,5,2,4,5,7,1,0,0,1419,0,1650,12,1,7,0,18,13,2,3,2,15,41
Hungary,24.hu,2013-07-01,3,4,12,39,0,5,0,3,0,0,1,6,1,4,0,3,3,1,0,1587,0,1799,24,1,6,0,18,12,2,3,2,21,46
Hungary,24.hu,2013-08-01,2,8,6,67,0,9,1,0,3,3,3,1,1,8,0,4,3,1,0,1577,0,1790,15,4,5,0,13,7,4,3,2,10,37
Hungary,24.hu,2013-09-01,3,10,5,41,0,10,0,1,2,3,1,5,1,4,2,5,3,2,1,1675,0,1902,19,4,5,2,25,12,3,3,4,14,44
Hungary,24.hu,2013-10-01,1,13,13,51,0,23,2,2,0,2,2,5,2,15,1,1,3,0,1,1887,1,2184,23,4,11,1,33,15,1,2,5,18,59
Hungary,24.hu,2013-11-01,1,13,11,28,0,14,0,1,0,4,0,9,2,9,2,2,6,0,0,1648,0,1861,18,1,2,0,20,8,3,4,2,26,34
Hungary,24.hu,2013-12-01,0,4,14,50,0,18,0,1,2,2,2,4,4,10,2,3,3,0,0,2046,0,2315,23,3,12,1,32,13,4,2,4,25,50
Hungary,24.hu,2014-01-01,2,7,10,53,2,35,2,0,0,3,1,11,2,4,4,4,2,2,0,1930,0,2222,14,3,8,0,34,7,1,3,6,27,55
Hungary,24.hu,2014-02-01,3,12,14,53,2,36,3,7,1,3,3,4,0,10,5,2,2,0,2,1775,0,2054,15,3,7,0,32,4,3,4,3,17,39
Hungary,24.hu,2014-03-01,6,14,13,47,0,55,3,3,0,5,1,5,3,8,4,2,4,2,0,1822,0,2107,21,2,12,1,25,3,1,4,3,16,38
Hungary,24.hu,2014-04-01,2,8,12,47,0,71,4,0,0,1,0,8,4,11,5,3,7,1,1,1600,0,1883,13,2,10,1,23,2,4,0,3,15,43
Hungary,24.hu,2014-05-01,2,7,7,70,1,24,3,2,1,1,2,6,1,5,4,4,10,1,2,1635,0,1912,16,2,15,1,28,5,3,0,6,20,44
Hungary,24.hu,2014-06-01,3,7,9,46,3,11,3,0,0,2,3,3,4,7,4,0,6,2,2,1386,0,1609,14,0,3,0,19,12,0,4,6,20,38
Hungary,24.hu,2014-07-01,2,6,8,70,2,18,2,1,0,1,0,3,3,8,2,0,1,2,1,1360,0,1582,14,0,3,0,19,9,0,3,1,15,35
Hungary,24.hu,2014-08-01,2,3,8,66,1,18,0,0,1,4,2,4,1,5,2,3,4,6,0,1312,0,1521,7,0,4,0,18,6,0,1,1,16,31
Hungary,24.hu,2014-09-01,1,7,12,55,1,12,1,2,0,0,2,8,5,10,4,2,5,2,0,1503,0,1745,6,0,4,2,27,12,1,6,2,19,43
Hungary,24.hu,2014-10-01,6,31,15,40,0,38,3,3,2,1,1,13,4,9,3,2,16,4,1,1499,0,1805,19,2,10,0,29,21,0,2,2,14,28
Hungary,24.hu,2014-11-01,1,39,17,38,2,18,0,1,2,2,0,4,5,17,3,3,11,1,1,1462,0,1762,16,3,15,0,33,25,6,3,2,23,29
Hungary,24.hu,2014-12-01,0,20,11,46,1,13,2,2,2,1,3,2,7,9,7,2,2,1,0,1728,0,1974,12,4,12,0,26,19,2,2,1,20,32
Hungary,24.hu,2015-01-01,3,20,13,46,2,10,2,1,0,5,0,3,6,10,5,1,5,3,0,1548,0,1795,13,2,14,0,29,13,2,1,3,20,32
Hungary,24.hu,2015-02-01,2,13,15,37,1,22,0,0,2,4,0,8,4,15,3,7,3,1,2,1501,0,1755,17,7,16,1,27,14,3,2,3,19,25
Hungary,24.hu,2015-03-01,4,20,33,44,1,12,1,3,2,3,0,11,7,26,5,8,9,1,1,1651,0,1986,19,1,38,0,42,15,2,6,6,25,30
Hungary,24.hu,2015-04-01,4,28,29,30,2,17,1,1,0,6,1,8,2,26,7,0,5,0,2,1843,0,2177,20,3,37,0,44,18,6,0,3,17,47
Hungary,24.hu,2015-05-01,2,19,19,33,2,13,1,0,1,6,1,7,6,20,11,1,5,3,3,1638,0,1911,16,3,12,0,25,29,2,0,1,18,34
Hungary,24.hu,2015-06-01,2,8,23,57,3,14,1,2,0,1,0,2,1,18,8,1,6,3,1,1797,0,2078,14,1,14,0,29,15,5,3,5,25,43
Hungary,24.hu,2015-07-01,1,8,18,62,1,16,0,2,1,5,2,9,1,14,8,3,7,0,0,1691,0,2003,21,4,11,1,32,15,4,2,2,24,60
Hungary,24.hu,2015-08-01,5,6,9,53,0,10,1,1,1,3,2,8,5,10,2,6,5,0,0,1450,0,1672,19,2,10,0,24,2,3,2,2,17,27
Hungary,24.hu,2015-09-01,9,18,13,30,1,12,1,5,1,8,0,9,2,11,8,10,6,1,1,1853,0,2135,29,2,19,1,26,13,3,3,2,12,45
Hungary,24.hu,2015-10-01,4,11,27,35,3,16,0,2,2,6,3,4,4,13,9,10,6,1,0,1857,1,2167,26,4,17,0,37,16,2,2,3,20,47
Hungary,24.hu,2015-11-01,6,12,20,61,2,11,0,4,1,3,1,14,3,17,8,5,3,2,1,1840,0,2169,17,5,12,0,26,17,5,5,5,27,57
Hungary,24.hu,2015-12-01,5,12,13,32,0,9,0,1,1,2,1,3,7,14,10,5,4,1,0,1790,0,2044,23,1,9,0,28,17,0,1,6,22,43
Hungary,24.hu,2016-01-01,1,22,13,54,3,15,0,0,0,3,4,10,4,11,7,3,6,3,2,1629,0,1930,22,0,16,1,40,10,3,0,1,11,51
Hungary,24.hu,2016-02-01,3,49,19,43,2,22,2,2,3,6,0,8,3,10,12,4,9,2,1,1897,0,2263,21,11,9,0,35,16,4,1,3,32,47
Hungary,24.hu,2016-03-01,4,49,23,47,2,21,3,6,1,8,0,7,3,16,12,4,2,6,0,2091,0,2465,29,5,16,0,46,16,1,4,4,18,46
Hungary,24.hu,2016-04-01,2,51,21,50,5,18,0,3,1,6,2,13,2,17,18,2,6,2,0,2059,0,2451,21,10,23,0,42,24,5,1,3,13,50
Hungary,24.hu,2016-05-01,1,17,22,56,4,24,1,4,1,5,7,6,8,19,14,2,6,4,1,1964,0,2351,24,5,13,1,44,18,9,6,2,26,58
Hungary,24.hu,2016-06-01,5,11,25,53,2,18,1,2,3,7,2,5,4,22,8,0,7,0,1,2079,2,2531,51,6,11,0,50,11,0,9,3,37,122
Hungary,24.hu,2016-07-01,6,10,18,88,1,8,1,2,4,0,10,8,5,14,6,11,6,1,2,2046,0,2513,51,2,17,0,36,7,3,1,5,38,128
Hungary,24.hu,2016-08-01,2,5,19,69,4,31,0,2,1,5,8,6,7,22,6,7,4,0,2,1929,0,2354,38,5,10,0,38,17,1,7,2,23,104
Hungary,24.hu,2016-09-01,0,12,27,59,2,54,9,5,2,2,3,15,8,11,7,0,6,2,0,2072,0,2530,43,3,7,0,41,12,1,7,11,25,95
Hungary,24.hu,2016-10-01,3,14,13,51,5,29,7,2,2,3,2,11,4,9,21,1,3,1,2,1915,0,2320,43,4,5,0,30,20,3,4,3,27,94
Hungary,24.hu,2016-11-01,5,14,13,47,2,20,0,2,1,9,1,3,4,18,20,0,3,1,1,1832,0,2248,47,3,14,0,51,8,3,4,7,41,92
Hungary,24.hu,2016-12-01,3,11,5,50,2,14,0,0,0,1,1,2,4,6,3,1,4,0,2,1652,0,1934,39,6,9,0,25,9,1,1,0,34,57
Hungary,24.hu,2017-01-01,2,13,7,86,2,26,1,5,0,3,2,6,3,9,2,1,1,1,0,1687,0,2038,24,5,9,0,30,9,4,3,1,39,68
Hungary,24.hu,2017-02-01,3,7,14,47,3,28,0,2,1,5,2,3,6,11,5,7,6,0,1,1527,0,1791,12,2,8,0,25,7,2,6,3,23,36
Hungary,24.hu,2017-03-01,4,16,12,32,2,19,1,3,2,4,4,5,3,9,13,1,9,3,2,1698,0,1999,14,6,9,0,32,17,2,2,0,33,54
Hungary,24.hu,2017-04-01,1,70,9,33,2,28,1,2,1,7,0,7,5,6,13,4,8,3,1,1551,0,1888,17,3,8,0,32,18,1,2,2,25,37
Hungary,24.hu,2017-05-01,4,29,28,58,1,21,0,1,0,4,0,5,2,21,6,3,7,4,0,1647,1,1981,16,6,10,0,27,19,4,1,3,27,52
Hungary,24.hu,2017-06-01,3,13,16,45,4,11,0,1,1,4,1,6,6,8,7,1,5,0,0,1409,0,1674,16,1,9,1,30,14,3,0,1,23,48
Hungary,24.hu,2017-07-01,2,7,16,62,0,10,0,1,1,4,1,3,3,13,5,3,2,2,0,1445,0,1702,14,6,8,0,28,6,2,2,1,22,45
Hungary,24.hu,2017-08-01,2,10,9,62,1,9,1,2,1,3,0,1,1,7,1,2,6,1,0,1483,0,1731,18,5,8,0,31,8,2,2,0,21,43
Hungary,24.hu,2017-09-01,4,23,16,42,4,14,1,0,1,6,6,1,2,16,7,0,2,1,0,1347,0,1606,11,3,5,0,21,10,3,0,1,37,36
Hungary,24.hu,2017-10-01,2,6,13,41,3,26,0,3,1,5,1,5,5,8,9,4,7,0,0,1399,0,1676,17,1,10,0,27,18,2,8,2,22,41
Hungary,24.hu,2017-11-01,1,11,15,46,3,24,0,3,1,4,0,1,3,14,4,2,2,1,0,1463,0,1709,13,4,5,1,32,10,4,3,5,19,26
Hungary,24.hu,2017-12-01,0,7,10,39,1,25,2,0,2,2,1,1,1,9,3,2,9,0,0,1206,0,1402,16,2,6,1,25,10,1,2,0,17,13
Hungary,24.hu,2018-01-01,1,13,17,43,2,36,0,4,0,4,1,1,3,9,1,0,6,0,0,1238,0,1486,17,2,9,0,39,5,3,1,0,18,27
Hungary,24.hu,2018-02-01,3,9,17,29,1,30,1,1,1,5,1,6,1,21,8,3,4,1,1,1422,0,1674,26,1,16,1,35,4,4,3,3,14,32
Hungary,24.hu,2018-03-01,3,19,22,46,4,62,9,1,0,8,0,2,3,23,2,0,6,4,1,1454,1,1759,8,3,7,0,33,8,1,2,2,19,22
Hungary,24.hu,2018-04-01,2,23,14,29,3,69,14,2,1,3,0,2,1,13,5,1,14,3,1,1461,0,1764,17,2,10,0,38,5,2,1,1,7,34
Hungary,24.hu,2018-05-01,2,15,13,48,4,24,1,1,1,4,2,7,2,13,2,0,6,4,0,1447,0,1705,27,2,11,0,24,9,1,0,2,15,32
Hungary,24.hu,2018-06-01,2,8,15,52,0,17,0,2,1,4,1,1,0,9,13,1,7,1,1,1351,0,1591,18,0,9,0,27,14,2,2,1,13,34
Hungary,24.hu,2018-07-01,4,6,12,40,3,15,0,0,1,3,1,0,1,10,5,3,9,1,0,1286,1,1531,28,3,4,0,26,10,3,7,6,12,44
Hungary,24.hu,2018-08-01,0,6,10,44,1,7,0,3,1,1,2,3,0,11,4,0,8,0,0,1212,0,1405,21,0,7,0,22,8,2,1,0,12,31
Hungary,24.hu,2018-09-01,3,4,11,31,1,17,0,3,1,2,1,6,1,3,4,1,3,2,0,1227,0,1466,25,3,11,0,31,13,3,5,3,20,41
Hungary,24.hu,2018-10-01,2,13,10,30,2,17,0,6,0,3,0,4,1,3,4,3,7,0,1,1372,0,1645,31,5,7,1,41,12,6,6,0,16,51
Hungary,24.hu,2018-11-01,3,9,17,28,6,13,0,0,0,2,4,3,4,10,6,1,8,1,0,1442,0,1709,24,5,13,0,41,10,1,4,1,20,53
Hungary,24.hu,2018-12-01,8,50,8,22,2,17,0,3,0,3,2,12,2,7,10,1,11,2,0,1116,0,1385,18,3,6,1,24,18,1,0,0,17,28
Hungary,24.hu,2019-01-01,3,38,14,52,4,20,0,1,1,1,1,4,2,11,7,1,4,1,1,1170,0,1456,24,4,7,0,29,11,2,1,3,17,34
Hungary,24.hu,2019-02-01,6,22,6,23,0,22,1,3,3,5,3,2,0,9,4,1,8,1,0,1172,0,1424,22,2,10,0,39,5,2,4,1,18,42
Hungary,24.hu,2019-03-01,11,28,12,27,0,28,0,2,1,9,0,1,1,13,3,2,4,1,0,1198,0,1461,28,3,8,0,26,3,1,3,3,18,43
Hungary,24.hu,2019-04-01,2,15,11,23,1,23,1,2,1,6,0,3,0,4,4,1,7,0,0,1126,0,1332,21,3,5,1,21,8,0,5,1,19,26
Hungary,24.hu,2019-05-01,0,16,14,34,3,36,3,3,0,3,2,0,1,7,6,2,9,1,0,1260,0,1497,17,3,3,0,25,5,0,2,1,14,35
Hungary,24.hu,2019-06-01,0,11,9,46,4,32,1,2,0,4,2,1,1,6,7,0,7,0,0,1126,0,1388,27,4,5,0,27,12,0,5,5,16,33
Hungary,24.hu,2019-07-01,3,4,13,42,0,29,2,0,1,3,1,3,0,9,2,0,3,1,0,1096,0,1315,20,1,6,0,21,8,2,6,2,15,32
Hungary,24.hu,2019-08-01,1,6,12,29,0,28,2,1,1,1,2,2,1,6,2,0,2,1,0,960,0,1177,25,0,10,0,31,1,3,1,0,22,40
Hungary,24.hu,2019-09-01,1,12,17,36,1,40,3,1,0,6,3,5,3,7,3,1,4,0,3,1204,0,1479,21,3,9,0,32,4,1,1,3,18,51
Hungary,24.hu,2019-10-01,3,10,18,29,2,58,6,2,0,2,0,6,1,13,2,1,7,1,1,1272,0,1560,20,2,7,0,45,10,1,3,1,13,38
Hungary,24.hu,2019-11-01,1,15,20,27,0,36,4,2,0,4,0,4,0,10,6,1,5,3,0,1152,0,1427,22,3,8,0,36,17,1,2,3,28,32
Hungary,24.hu,2019-12-01,3,5,14,16,1,18,0,0,0,1,2,2,1,5,6,0,4,1,0,1039,0,1217,18,1,6,0,26,13,2,1,2,15,24
Hungary,24.hu,2020-01-01,1,6,6,46,0,9,0,0,1,5,2,3,1,4,3,3,6,0,0,1041,0,1278,25,4,12,0,37,6,2,1,4,25,35
Hungary,24.hu,2020-02-01,1,22,16,54,1,13,1,3,3,3,0,3,0,8,6,2,6,0,0,975,0,1257,15,5,8,0,41,6,3,2,5,31,37
Hungary,24.hu,2020-03-01,2,13,6,164,1,6,0,3,34,3,0,1,2,5,9,3,6,1,3,1231,0,1629,22,4,4,0,27,12,2,3,2,18,47
Hungary,24.hu,2020-04-01,2,6,7,129,2,4,0,2,20,0,1,0,2,5,6,2,3,0,0,1139,0,1459,27,0,4,0,25,18,1,0,4,21,36
Hungary,24.hu,2020-05-01,2,9,11,97,1,2,0,3,8,2,2,0,1,5,7,1,1,1,0,1322,0,1619,34,0,8,1,27,15,2,5,5,14,45
Hungary,24.hu,2020-06-01,4,10,12,108,0,6,0,2,3,3,2,2,0,9,7,2,6,3,2,1343,0,1672,20,1,4,0,38,13,2,4,4,23,48
Hungary,24.hu,2020-07-01,3,9,12,78,2,11,1,2,4,1,2,4,2,11,3,4,7,0,2,1116,0,1378,20,2,7,1,33,12,1,3,2,7,31
Hungary,24.hu,2020-08-01,4,9,2,93,0,13,2,1,8,0,0,0,0,7,1,3,8,1,0,990,0,1289,35,0,7,0,17,3,1,2,2,17,72
Hungary,24.hu,2020-09-01,4,8,17,98,0,23,0,0,11,3,2,7,1,10,3,2,6,1,0,1169,1,1491,19,1,8,0,39,14,2,3,3,9,45
Hungary,24.hu,2020-10-01,0,10,14,120,1,19,2,1,6,3,1,1,0,4,3,1,2,0,0,1134,0,1461,21,4,10,0,42,18,5,2,1,13,33
Hungary,24.hu,2020-11-01,2,2,9,117,2,13,0,1,9,2,4,2,0,5,17,3,10,0,0,1299,0,1619,23,2,6,0,28,18,1,1,3,10,40
Hungary,24.hu,2020-12-01,2,4,10,88,1,4,0,1,2,4,1,0,1,14,8,2,4,1,0,1118,0,1412,26,4,13,0,39,17,1,3,3,14,50
Hungary,24.hu,2021-01-01,7,6,9,88,1,4,0,1,2,1,5,2,4,12,1,0,6,1,0,970,0,1283,27,7,6,0,31,4,3,1,2,31,61
Hungary,24.hu,2021-02-01,3,6,19,84,0,9,0,3,2,4,2,4,0,8,6,1,1,2,0,1178,0,1450,20,0,6,0,32,8,2,3,4,12,42
Hungary,24.hu,2021-03-01,1,12,9,84,0,10,0,0,7,6,1,0,1,9,8,1,2,0,0,1306,0,1590,16,3,4,0,28,12,1,5,5,15,51
Hungary,24.hu,2021-04-01,2,3,8,87,0,16,1,3,2,5,0,6,2,6,7,1,1,2,0,1189,1,1479,20,5,9,0,40,6,0,2,5,15,49
Hungary,24.hu,2021-05-01,4,4,12,70,1,17,0,0,3,4,3,2,0,10,10,0,2,4,0,1317,0,1596,24,5,13,0,32,13,2,6,4,13,39
Hungary,24.hu,2021-06-01,4,15,18,61,1,12,1,4,2,3,6,3,1,10,17,1,8,1,0,1176,0,1474,20,6,5,0,32,10,3,5,3,14,44
Hungary,24.hu,2021-07-01,1,7,19,77,1,8,0,5,3,2,3,6,0,7,8,1,5,2,0,1055,1,1333,15,3,6,0,39,19,0,4,0,11,35
Hungary,24.hu,2021-08-01,1,1,15,69,1,10,0,3,3,3,2,7,1,8,2,0,1,0,2,945,0,1171,14,4,3,0,12,6,0,1,4,14,48
Hungary,24.hu,2021-09-01,1,6,23,60,0,28,2,2,2,8,3,6,1,10,7,0,2,2,0,1042,3,1327,16,1,12,0,38,8,0,2,3,23,38
Hungary,24.hu,2021-10-01,3,2,16,62,0,44,0,7,2,5,6,3,0,7,8,3,6,3,0,1130,1,1440,24,5,9,1,32,22,1,5,3,12,33
Hungary,24.hu,2021-11-01,1,3,7,79,0,14,3,0,1,4,1,1,1,9,10,5,3,0,0,1200,0,1461,18,0,6,0,33,15,2,2,5,11,36
Hungary,24.hu,2021-12-01,1,6,13,57,1,13,1,1,2,4,2,2,0,13,4,2,11,1,0,1075,1,1328,19,2,16,0,32,9,2,3,6,12,39
Hungary,24.hu,2022-01-01,3,19,16,73,1,35,3,2,1,3,4,0,0,13,2,2,5,6,0,920,0,1228,26,0,13,2,36,7,2,1,6,15,37
Hungary,24.hu,2022-02-01,5,15,15,38,2,47,1,7,0,3,5,2,1,19,9,2,3,1,1,898,1,1187,20,1,10,0,22,8,1,0,7,16,47
Hungary,24.hu,2022-03-01,1,15,14,37,1,34,2,1,1,4,3,2,0,10,5,2,3,0,0,911,0,1150,16,3,6,0,21,5,1,2,6,15,43
Hungary,24.hu,2022-04-01,3,7,13,54,3,54,2,1,1,6,1,1,2,12,2,1,5,5,1,878,0,1148,21,2,3,0,29,5,1,0,5,14,30
Hungary,24.hu,2022-05-01,4,3,17,37,1,23,0,2,1,4,1,1,1,15,5,0,5,1,0,1259,1,1525,22,3,8,1,38,11,1,3,4,20,55
Hungary,24.hu,2022-06-01,1,3,17,57,0,27,1,2,3,1,3,1,0,17,7,2,12,0,2,1220,0,1517,17,2,10,1,43,18,1,1,7,19,41
Hungary,24.hu,2022-07-01,2,23,11,74,1,23,2,4,10,3,1,7,1,8,12,1,13,0,0,1145,0,1463,23,3,3,0,26,22,4,5,4,14,26
Hungary,24.hu,2022-08-01,3,8,8,57,2,11,0,2,1,1,2,3,0,9,3,2,6,2,0,1140,0,1367,20,2,4,0,24,12,2,3,3,13,35
Hungary,24.hu,2022-09-01,3,20,12,37,0,17,1,1,1,9,3,1,3,16,8,1,9,3,0,1477,0,1760,22,7,5,0,39,15,3,1,2,18,40
Hungary,24.hu,2022-10-01,1,36,18,33,2,10,0,4,1,3,6,0,2,11,9,0,5,2,0,1398,0,1692,17,3,7,0,35,23,3,4,7,22,40
Hungary,24.hu,2022-11-01,4,8,22,34,1,13,1,1,1,5,3,2,4,15,13,1,8,2,0,1134,1,1395,19,6,12,0,30,12,4,6,1,14,42
Hungary,24.hu,2022-12-01,1,18,17,35,0,9,0,2,1,7,2,2,2,12,2,2,6,3,0,1186,0,1411,11,4,4,0,29,14,3,3,4,15,30
Hungary,24.hu,2023-01-01,4,10,12,46,0,13,0,1,0,5,4,1,0,10,2,0,4,4,1,1059,0,1320,26,7,6,0,34,8,1,4,5,22,39
Hungary,24.hu,2023-02-01,5,7,22,39,2,9,1,5,0,5,2,5,0,13,7,2,7,1,2,1257,0,1507,25,2,14,1,36,6,1,2,7,10,34
Hungary,24.hu,2023-03-01,5,9,13,42,2,12,1,4,1,1,2,2,2,9,8,1,6,0,1,1461,1,1692,18,0,6,0,30,17,2,4,6,9,31
Hungary,24.hu,2023-04-01,2,7,11,35,1,12,0,0,1,4,3,8,1,6,10,1,9,0,0,1348,1,1567,19,5,5,0,29,15,1,2,2,15,25
Hungary,24.hu,2023-05-01,1,15,17,35,1,11,0,1,0,3,2,2,1,8,5,3,6,0,2,1326,0,1574,21,4,7,0,35,15,5,2,5,14,39
Hungary,24.hu,2023-06-01,1,13,15,47,1,22,2,1,1,3,2,2,3,8,17,2,10,2,2,1388,0,1697,15,2,6,0,48,23,3,7,5,16,39
Hungary,24.hu,2023-07-01,1,13,5,53,0,6,0,1,3,1,2,0,2,3,7,2,5,1,0,1204,0,1426,18,2,7,0,30,17,1,0,4,10,36
Hungary,24.hu,2023-08-01,0,6,7,58,1,3,1,3,5,5,3,0,1,6,2,0,10,1,0,1065,0,1338,22,3,9,0,33,12,1,5,7,27,52
Hungary,24.hu,2023-09-01,4,2,16,32,3,8,1,0,0,6,3,5,7,15,6,1,2,2,0,1380,0,1639,25,4,12,0,43,14,3,4,2,15,37
Hungary,24.hu,2023-10-01,2,7,17,38,1,19,1,0,3,5,2,6,5,12,7,2,2,1,0,1357,1,1620,21,0,5,0,41,25,2,1,7,8,37
Hungary,24.hu,2023-11-01,0,8,18,36,1,16,1,2,0,10,1,3,1,11,11,3,9,0,0,1198,0,1442,16,6,12,1,32,21,4,2,6,7,26
Hungary,24.hu,2023-12-01,0,7,12,52,0,11,1,0,0,4,1,4,3,6,10,2,5,3,0,1076,0,1269,15,3,5,0,16,16,1,0,1,8,17
Hungary,24.hu,2024-01-01,4,11,16,36,0,22,0,1,0,4,3,2,0,5,5,0,3,0,1,1086,0,1320,22,1,4,0,31,15,6,4,2,9,32
Hungary,24.hu,2024-02-01,3,29,22,19,2,26,2,2,1,5,1,4,2,10,3,1,13,1,2,1009,0,1271,18,3,5,1,31,15,7,3,1,14,27
Hungary,24.hu,2024-03-01,2,10,24,34,1,42,0,0,4,5,1,4,1,12,6,2,7,1,1,1121,0,1383,29,3,6,0,29,9,5,1,4,14,18
Hungary,24.hu,2024-04-01,2,18,19,45,2,91,2,0,3,8,6,6,3,16,16,2,11,1,0,1003,0,1414,32,7,16,0,55,20,3,4,3,12,33
Hungary,24.hu,2024-05-01,10,11,22,49,5,82,6,3,1,4,6,13,2,16,9,0,5,4,0,1098,0,1495,25,3,8,0,58,14,2,3,4,22,26
Hungary,24.hu,2024-06-01,7,11,27,48,0,135,19,3,4,9,1,3,3,20,9,1,11,1,2,1102,0,1569,37,3,11,0,59,11,2,5,3,14,34
Hungary,24.hu,2024-07-01,2,2,17,54,0,49,9,1,2,4,0,2,8,10,5,1,4,1,0,984,0,1302,22,3,7,1,46,20,1,1,4,14,43
Hungary,24.hu,2024-08-01,11,7,14,80,2,25,0,0,2,5,1,3,1,13,3,1,5,0,2,898,0,1210,32,6,8,1,39,11,1,3,5,16,35
Hungary,24.hu,2024-09-01,1,14,21,105,2,31,2,1,0,15,0,3,2,13,14,5,5,0,2,962,0,1363,24,2,6,0,54,31,2,5,5,19,33
Hungary,24.hu,2024-10-01,6,6,29,60,0,22,1,1,1,8,0,1,4,25,9,2,6,1,1,1538,0,1922,26,5,16,0,70,49,4,6,1,22,32
Hungary,24.hu,2024-11-01,5,8,33,51,3,43,8,0,1,12,1,3,4,16,16,4,15,3,0,1621,0,2039,40,7,10,0,58,45,6,2,2,15,28
Hungary,24.hu,2024-12-01,6,0,20,36,2,18,0,1,5,1,1,5,0,10,13,1,13,1,1,1563,0,1815,19,2,9,0,49,19,2,1,2,16,15
Hungary,24.hu,2025-01-01,3,8,23,46,0,17,3,0,2,5,1,7,2,18,4,4,2,4,1,946,0,1205,24,0,12,0,36,11,4,1,5,17,23
Hungary,24.hu,2025-02-01,3,19,16,40,0,6,0,1,1,3,1,1,0,8,4,4,8,3,0,1144,2,1416,25,6,8,0,55,9,1,1,9,17,32
Hungary,24.hu,2025-03-01,4,27,29,44,1,13,1,2,3,2,1,10,1,11,17,6,4,3,2,1231,0,1562,25,5,9,0,25,19,5,4,6,23,44
Hungary,24.hu,2025-04-01,2,1,1,1,0,1,0,0,0,1,0,0,0,0,0,0,1,0,0,54,0,65,1,0,0,0,1,0,0,0,0,1,0
Hungary,24.hu,2025-05-01,0,0,0,0,0,0,0,0,0,0,0,0,0,0,0,0,0,0,0,0,0,0,0,0,0,0,0,0,0,0,0,0,0
Hungary,24.hu,2025-06-01,0,0,0,0,0,0,0,0,0,0,0,0,0,0,0,0,0,0,0,0,0,0,0,0,0,0,0,0,0,0,0,0,0
Hungary,aljazeera.com,2012-01-01,0,2,1,0,0,0,0,0,0,0,0,0,0,0,1,0,0,0,0,2,0,6,0,0,0,0,0,0,0,0,0,0,0
Hungary,aljazeera.com,2012-02-01,0,1,0,0,0,0,0,0,0,0,0,0,0,0,0,0,0,0,0,1,0,2,0,0,0,0,0,0,0,0,0,0,0
Hungary,aljazeera.com,2012-03-01,0,0,0,0,0,0,0,0,0,0,0,0,0,0,1,0,0,0,0,0,0,1,0,0,0,0,0,0,0,0,0,0,0
Hungary,aljazeera.com,2012-04-01,0,0,0,0,0,0,0,0,0,0,0,0,0,0,0,0,1,0,0,0,0,1,0,0,0,0,0,0,0,0,0,0,0
Hungary,aljazeera.com,2012-05-01,0,0,0,0,0,0,0,0,0,0,0,0,0,0,0,0,0,0,0,1,0,1,0,0,0,0,0,0,0,0,0,0,0
Hungary,aljazeera.com,2012-06-01,0,0,0,0,0,0,0,0,0,0,0,0,0,0,0,0,0,0,0,0,0,0,0,0,0,0,0,0,0,0,0,0,0
Hungary,aljazeera.com,2012-07-01,1,0,0,0,0,0,0,1,0,0,0,0,0,0,0,0,0,0,0,0,0,2,0,0,0,0,0,0,0,0,0,0,0
Hungary,aljazeera.com,2012-08-01,0,0,1,0,0,0,0,0,0,0,0,0,0,0,0,0,0,0,0,0,0,1,0,0,0,0,0,0,0,0,0,0,0
Hungary,aljazeera.com,2012-09-01,0,0,0,0,0,0,0,0,0,0,0,0,0,0,0,0,0,0,0,3,0,3,0,0,0,0,0,0,0,0,0,0,0
Hungary,aljazeera.com,2012-10-01,0,0,0,0,0,0,0,0,0,0,0,0,0,0,0,0,0,0,0,0,0,0,0,0,0,0,0,0,0,0,0,0,0
Hungary,aljazeera.com,2012-11-01,1,0,0,0,0,0,0,0,0,0,0,0,0,1,0,0,0,0,0,0,0,1,0,0,0,0,0,0,0,0,0,0,0
Hungary,aljazeera.com,2012-12-01,0,0,0,0,0,0,0,0,0,0,0,0,0,0,0,0,0,0,0,0,0,0,0,0,0,0,0,0,0,0,0,0,0
Hungary,aljazeera.com,2013-01-01,0,0,0,0,0,0,0,0,0,0,0,0,0,0,0,0,0,0,0,0,0,0,0,0,0,0,0,0,0,0,0,0,0
Hungary,aljazeera.com,2013-02-01,0,0,0,0,0,0,0,0,0,0,0,0,0,0,0,0,0,0,0,1,0,1,0,0,0,0,0,0,0,0,0,0,0
Hungary,aljazeera.com,2013-03-01,0,0,0,0,0,0,0,0,0,0,0,0,0,0,1,0,0,0,0,1,0,2,0,0,0,0,0,0,0,0,0,0,0
Hungary,aljazeera.com,2013-04-01,0,0,0,0,0,0,0,0,0,0,0,0,0,0,0,0,0,0,0,2,0,3,0,0,0,0,0,1,0,0,0,0,0
Hungary,aljazeera.com,2013-05-01,0,0,0,1,0,0,0,0,0,0,0,0,0,0,0,0,0,0,0,3,0,4,0,0,0,0,0,0,0,0,0,0,0
Hungary,aljazeera.com,2013-06-01,0,0,1,3,0,0,0,0,0,0,0,0,0,0,0,0,0,0,0,1,0,5,0,0,0,0,0,0,0,0,0,0,0
Hungary,aljazeera.com,2013-07-01,0,0,0,0,0,0,0,0,0,0,0,0,0,0,0,0,0,0,0,0,0,0,0,0,0,0,0,0,0,0,0,0,0
Hungary,aljazeera.com,2013-08-01,1,0,0,0,0,0,0,0,0,0,0,0,0,0,0,0,0,0,0,1,0,2,0,0,0,0,0,0,0,0,0,0,0
Hungary,aljazeera.com,2013-09-01,0,0,0,0,0,0,0,0,0,0,0,0,0,0,0,0,0,0,0,0,0,1,0,0,0,0,0,1,0,0,0,0,0
Hungary,aljazeera.com,2013-10-01,0,0,2,0,0,0,0,0,0,0,0,0,0,1,0,0,0,0,0,0,0,3,0,0,0,0,0,1,0,0,0,0,0
Hungary,aljazeera.com,2013-11-01,0,1,0,0,0,0,0,0,0,0,0,0,0,0,0,0,0,0,0,2,0,3,0,0,0,0,0,0,0,0,0,0,0
Hungary,aljazeera.com,2013-12-01,0,0,0,0,0,0,0,0,0,0,0,0,0,0,0,0,0,0,0,0,0,0,0,0,0,0,0,0,0,0,0,0,0
Hungary,aljazeera.com,2014-01-01,0,0,0,0,0,0,0,0,0,0,0,0,0,0,0,0,0,1,0,4,0,5,0,0,0,0,0,0,0,0,0,0,0
Hungary,aljazeera.com,2014-02-01,0,1,0,0,0,0,0,0,0,0,0,0,0,0,0,0,0,0,0,4,0,5,0,0,0,0,0,0,0,0,0,0,0
Hungary,aljazeera.com,2014-03-01,0,0,0,0,0,0,0,0,0,0,0,0,0,0,0,0,0,0,0,0,0,1,0,0,0,0,0,1,0,0,0,0,0
Hungary,aljazeera.com,2014-04-01,0,0,0,0,0,3,0,0,0,1,0,0,0,0,0,0,0,0,0,3,0,7,0,0,0,0,0,0,0,0,0,0,0
Hungary,aljazeera.com,2014-05-01,0,0,0,0,0,1,0,0,0,0,0,0,0,0,0,0,0,0,0,1,0,2,0,0,0,0,0,0,0,0,0,0,0
Hungary,aljazeera.com,2014-06-01,0,0,0,0,0,0,0,0,0,0,0,0,0,0,0,0,0,0,0,2,0,2,0,0,0,0,0,0,0,0,0,0,0
Hungary,aljazeera.com,2014-07-01,0,0,0,0,0,0,0,0,0,0,0,0,0,0,0,0,0,0,0,0,0,0,0,0,0,0,0,0,0,0,0,0,0
Hungary,aljazeera.com,2014-08-01,0,0,0,0,0,0,0,0,0,0,0,0,0,0,0,0,0,0,0,1,0,1,0,0,0,0,0,0,0,0,0,0,0
Hungary,aljazeera.com,2014-09-01,0,0,0,0,0,0,0,0,0,0,0,0,0,0,0,0,0,0,0,0,0,0,0,0,0,0,0,0,0,0,0,0,0
Hungary,aljazeera.com,2014-10-01,0,3,0,0,0,0,0,0,0,0,0,0,0,0,1,0,0,0,0,1,0,5,0,0,0,0,0,0,0,0,0,0,0
Hungary,aljazeera.com,2014-11-01,0,0,0,0,0,0,0,0,0,0,0,0,0,0,0,0,0,0,0,0,0,0,0,0,0,0,0,0,0,0,0,0,0
Hungary,aljazeera.com,2014-12-01,0,0,0,0,0,0,0,0,0,0,0,0,0,0,0,0,0,0,0,1,0,1,0,0,0,0,0,0,0,0,0,0,0
Hungary,aljazeera.com,2015-01-01,0,0,0,0,0,0,0,0,0,0,0,0,0,0,0,0,0,0,0,1,0,1,0,0,0,0,0,0,0,0,0,0,0
Hungary,aljazeera.com,2015-02-01,0,1,0,0,0,0,0,1,0,0,0,0,0,0,0,0,0,0,0,1,0,3,0,0,0,0,0,0,0,0,0,0,0
Hungary,aljazeera.com,2015-03-01,0,0,0,0,0,0,0,0,0,0,0,0,0,0,0,0,0,0,0,0,0,0,0,0,0,0,0,0,0,0,0,0,0
Hungary,aljazeera.com,2015-04-01,0,0,0,0,0,0,0,0,0,0,0,0,0,0,0,0,0,0,0,0,0,0,0,0,0,0,0,0,0,0,0,0,0
Hungary,aljazeera.com,2015-05-01,0,0,0,0,0,0,0,0,0,0,0,0,0,0,0,0,0,0,0,1,0,1,0,0,0,0,0,0,0,0,0,0,0
Hungary,aljazeera.com,2015-06-01,0,1,0,0,0,0,0,0,0,0,0,0,0,0,1,0,0,0,0,2,0,4,0,0,0,0,0,0,0,0,0,0,0
Hungary,aljazeera.com,2015-07-01,0,0,0,1,0,0,0,0,0,0,0,0,0,0,1,0,0,0,0,2,0,4,0,0,0,0,0,0,0,0,0,0,0
Hungary,aljazeera.com,2015-08-01,2,0,0,0,0,0,0,0,0,0,0,0,0,0,0,1,0,0,0,14,0,17,0,0,0,0,0,0,0,0,0,0,0
Hungary,aljazeera.com,2015-09-01,0,6,1,2,0,0,0,0,2,4,0,2,2,0,4,2,2,0,0,53,0,82,0,2,0,0,0,0,0,0,0,0,0
Hungary,aljazeera.com,2015-10-01,0,0,1,0,0,0,0,0,0,0,0,0,0,0,1,1,0,0,0,12,0,15,0,0,0,0,0,0,0,0,0,0,0
Hungary,aljazeera.com,2015-11-01,0,0,0,0,0,0,0,0,0,0,0,0,1,0,0,0,0,0,1,3,0,5,0,0,0,0,0,0,0,0,0,0,0
Hungary,aljazeera.com,2015-12-01,0,0,1,0,0,0,0,0,0,0,0,0,0,0,0,0,0,0,0,3,0,4,0,0,0,0,0,0,0,0,0,0,0
Hungary,aljazeera.com,2016-01-01,0,0,0,0,0,0,0,0,0,0,0,1,0,0,0,0,0,0,0,2,0,3,0,0,0,0,0,0,0,0,0,0,0
Hungary,aljazeera.com,2016-02-01,0,0,0,0,0,0,0,0,0,0,0,0,0,0,0,0,0,0,0,1,0,1,0,0,0,0,0,0,0,0,0,0,0
Hungary,aljazeera.com,2016-03-01,0,0,1,0,0,1,0,0,0,0,0,0,0,0,0,1,0,0,0,1,0,4,0,0,0,0,0,0,0,0,0,0,0
Hungary,aljazeera.com,2016-04-01,0,0,1,0,0,0,0,0,0,0,0,0,0,0,0,0,0,0,0,1,0,2,0,0,0,0,0,0,0,0,0,0,0
Hungary,aljazeera.com,2016-05-01,0,0,0,0,0,0,0,0,0,0,0,0,0,0,0,0,0,0,0,0,0,0,0,0,0,0,0,0,0,0,0,0,0
Hungary,aljazeera.com,2016-06-01,0,0,0,0,0,0,0,0,0,0,0,0,0,0,0,0,0,0,0,0,0,0,0,0,0,0,0,0,0,0,0,0,0
Hungary,aljazeera.com,2016-07-01,0,1,1,0,0,1,0,0,0,0,0,0,0,0,0,1,0,0,0,4,0,8,0,0,0,0,0,0,0,0,0,0,0
Hungary,aljazeera.com,2016-08-01,0,0,0,0,0,0,0,0,0,0,0,0,0,0,0,0,0,0,0,2,0,2,0,0,0,0,0,0,0,0,0,0,0
Hungary,aljazeera.com,2016-09-01,0,0,1,0,0,0,0,0,0,0,0,0,0,0,0,0,0,0,0,0,0,1,0,0,0,0,0,0,0,0,0,0,0
Hungary,aljazeera.com,2016-10-01,0,0,0,0,0,1,1,0,0,0,0,0,0,0,0,0,0,0,0,0,0,2,0,0,0,0,0,0,0,0,0,0,0
Hungary,aljazeera.com,2016-11-01,0,0,0,0,1,0,0,0,0,0,0,0,0,0,0,0,0,0,0,1,0,2,0,0,0,0,0,0,0,0,0,0,0
Hungary,aljazeera.com,2016-12-01,0,0,0,0,0,0,0,0,0,0,0,0,0,0,0,0,0,0,0,1,0,1,0,0,0,0,0,0,0,0,0,0,0
Hungary,aljazeera.com,2017-01-01,0,0,1,1,0,0,0,0,0,0,0,0,0,0,0,0,0,0,0,0,0,2,0,0,0,0,0,0,0,0,0,0,0
Hungary,aljazeera.com,2017-02-01,1,0,0,0,0,0,0,0,0,0,0,0,0,0,0,0,0,0,0,2,0,3,0,0,0,0,0,0,0,0,0,0,0
Hungary,aljazeera.com,2017-03-01,0,0,0,0,0,0,0,0,0,0,0,0,0,0,0,0,0,0,0,1,0,2,0,0,0,0,0,1,0,0,0,0,0
Hungary,aljazeera.com,2017-04-01,0,0,1,0,0,0,0,0,0,0,0,0,0,0,1,0,0,0,0,1,0,5,0,0,0,0,0,2,0,0,0,0,0
Hungary,aljazeera.com,2017-05-01,0,0,0,0,0,0,0,0,0,0,0,0,0,0,0,0,0,0,0,2,0,2,0,0,0,0,0,0,0,0,0,0,0
Hungary,aljazeera.com,2017-06-01,0,0,1,0,0,1,0,0,0,0,0,0,0,0,3,0,0,0,0,0,0,5,0,0,0,0,0,0,0,0,0,0,0
Hungary,aljazeera.com,2017-07-01,0,1,2,0,0,0,0,0,0,0,0,0,0,0,0,0,0,0,0,3,0,6,0,0,0,0,0,0,0,0,0,0,0
Hungary,aljazeera.com,2017-08-01,0,0,0,0,0,0,0,0,0,0,0,0,0,0,0,0,0,0,0,0,0,0,0,0,0,0,0,0,0,0,0,0,0
Hungary,aljazeera.com,2017-09-01,0,0,0,0,0,0,0,0,0,0,0,0,0,0,0,0,0,0,0,3,0,3,0,0,0,0,0,0,0,0,0,0,0
Hungary,aljazeera.com,2017-10-01,0,0,0,0,0,0,0,0,0,0,0,0,0,0,0,0,0,0,0,0,0,0,0,0,0,0,0,0,0,0,0,0,0
Hungary,aljazeera.com,2017-11-01,0,0,0,0,0,0,0,0,0,0,0,0,0,0,0,0,0,0,0,4,0,4,0,0,0,0,0,0,0,0,0,0,0
Hungary,aljazeera.com,2017-12-01,0,0,0,0,0,0,0,0,0,0,0,0,0,0,0,0,0,0,0,5,0,5,0,0,0,0,0,0,0,0,0,0,0
Hungary,aljazeera.com,2018-01-01,0,0,1,0,0,2,0,0,0,0,0,0,0,0,2,0,0,0,0,1,0,7,0,0,0,0,1,0,0,0,0,0,0
Hungary,aljazeera.com,2018-02-01,0,0,0,0,0,1,0,0,0,0,0,0,0,0,0,0,0,0,0,3,0,4,0,0,0,0,0,0,0,0,0,0,0
Hungary,aljazeera.com,2018-03-01,0,0,2,0,0,0,0,0,0,0,0,0,0,0,0,0,0,0,0,0,0,2,0,0,0,0,0,0,0,0,0,0,0
Hungary,aljazeera.com,2018-04-01,0,3,0,0,0,6,0,0,0,0,0,0,0,0,1,0,0,0,0,5,0,15,0,0,0,0,0,0,0,0,0,0,0
Hungary,aljazeera.com,2018-05-01,0,1,0,0,0,0,0,0,0,0,0,0,0,0,2,0,0,0,0,2,0,5,0,0,0,0,0,0,0,0,0,0,0
Hungary,aljazeera.com,2018-06-01,0,0,0,0,0,0,0,0,0,1,0,0,0,0,5,0,0,0,0,4,0,11,0,0,0,0,1,0,0,0,0,0,0
Hungary,aljazeera.com,2018-07-01,0,0,0,0,0,0,0,0,0,0,0,0,0,1,0,0,0,0,0,2,0,3,0,0,0,0,0,0,0,0,0,0,0
Hungary,aljazeera.com,2018-08-01,0,0,0,0,0,0,0,0,0,0,0,0,0,0,0,0,0,0,0,2,0,2,0,0,0,0,0,0,0,0,0,0,0
Hungary,aljazeera.com,2018-09-01,0,0,2,0,0,1,0,0,0,0,0,1,0,0,2,0,0,0,0,7,0,13,0,0,0,0,0,0,0,0,0,0,0
Hungary,aljazeera.com,2018-10-01,0,0,1,0,0,0,0,0,0,0,0,0,0,1,1,0,0,0,0,4,0,7,0,0,0,0,0,1,0,0,0,0,0
Hungary,aljazeera.com,2018-11-01,0,0,0,0,0,0,0,0,0,0,0,0,0,0,0,0,0,0,0,0,0,0,0,0,0,0,0,0,0,0,0,0,0
Hungary,aljazeera.com,2018-12-01,1,2,0,0,0,0,0,1,0,0,0,0,0,1,0,0,0,0,0,1,0,5,0,0,0,0,0,0,0,0,0,0,0
Hungary,aljazeera.com,2019-01-01,0,2,0,0,0,0,0,0,0,0,0,0,0,0,0,0,0,0,0,0,0,3,0,0,0,0,0,1,0,0,0,0,0
Hungary,aljazeera.com,2019-02-01,0,0,0,0,0,0,0,0,0,0,0,0,0,0,0,0,0,0,0,5,0,6,1,0,0,0,0,0,0,0,0,0,0
Hungary,aljazeera.com,2019-03-01,0,0,0,0,0,0,0,0,0,0,0,0,0,0,0,0,0,0,0,3,0,3,0,0,0,0,0,0,0,0,0,0,0
Hungary,aljazeera.com,2019-04-01,0,0,0,0,0,0,0,0,0,0,0,0,0,0,0,0,0,0,0,0,0,0,0,0,0,0,0,0,0,0,0,0,0
Hungary,aljazeera.com,2019-05-01,0,0,0,1,0,2,0,0,0,0,0,0,0,0,0,0,0,0,0,3,0,7,1,0,0,0,0,0,0,0,0,0,0
Hungary,aljazeera.com,2019-06-01,0,0,0,0,0,0,0,0,0,0,0,0,0,0,0,0,0,0,0,2,0,3,0,0,0,0,1,0,0,0,0,0,0
Hungary,aljazeera.com,2019-07-01,0,0,1,0,0,0,0,0,0,0,0,0,0,0,1,0,0,0,0,1,0,3,0,0,0,0,0,0,0,0,0,0,0
Hungary,aljazeera.com,2019-08-01,0,0,0,0,0,0,0,0,0,0,0,0,0,0,0,0,0,0,0,2,0,2,0,0,0,0,0,0,0,0,0,0,0
Hungary,aljazeera.com,2019-09-01,0,0,0,0,0,0,0,0,0,0,0,0,0,0,0,0,0,0,0,1,0,1,0,0,0,0,0,0,0,0,0,0,0
Hungary,aljazeera.com,2019-10-01,0,0,0,0,0,0,0,0,0,0,0,0,0,0,0,0,0,0,0,0,0,0,0,0,0,0,0,0,0,0,0,0,0
Hungary,aljazeera.com,2019-11-01,0,0,0,0,0,1,0,0,0,0,0,0,0,0,0,0,0,0,0,2,0,3,0,0,0,0,0,0,0,0,0,0,0
Hungary,aljazeera.com,2019-12-01,0,0,0,0,0,0,0,0,0,0,0,1,0,0,1,0,0,0,0,1,0,3,0,0,0,0,0,0,0,0,0,0,0
Hungary,aljazeera.com,2020-01-01,0,0,0,0,0,0,0,0,0,0,0,0,0,0,0,1,0,0,0,1,0,2,0,0,0,0,0,0,0,0,0,0,0
Hungary,aljazeera.com,2020-02-01,0,1,0,0,0,0,0,0,0,0,0,0,0,0,0,0,0,0,0,1,0,2,0,0,0,0,0,0,0,0,0,0,0
Hungary,aljazeera.com,2020-03-01,0,0,0,1,0,0,0,0,0,0,0,0,0,0,3,0,0,0,0,2,0,6,0,0,0,0,0,0,0,0,0,0,0
Hungary,aljazeera.com,2020-04-01,0,0,0,0,0,0,0,0,0,0,0,0,0,0,1,0,0,0,0,5,0,6,0,0,0,0,0,0,0,0,0,0,0
Hungary,aljazeera.com,2020-05-01,0,0,0,0,0,0,0,0,0,0,0,0,0,0,1,0,0,0,0,2,0,3,0,0,0,0,0,0,0,0,0,0,0
Hungary,aljazeera.com,2020-06-01,0,0,0,0,0,0,0,0,0,0,0,0,0,0,2,0,0,0,0,2,0,4,0,0,0,0,0,0,0,0,0,0,0
Hungary,aljazeera.com,2020-07-01,0,0,0,0,1,0,0,0,0,0,0,0,0,0,0,0,0,0,0,0,0,1,0,0,0,0,0,0,0,0,0,0,0
Hungary,aljazeera.com,2020-08-01,0,0,0,0,0,0,0,0,0,0,0,0,0,0,0,0,0,0,0,1,0,1,0,0,0,0,0,0,0,0,0,0,0
Hungary,aljazeera.com,2020-09-01,0,0,0,0,0,0,0,0,0,0,0,0,0,0,0,0,0,0,0,6,0,6,0,0,0,0,0,0,0,0,0,0,0
Hungary,aljazeera.com,2020-10-01,0,0,0,0,0,0,0,0,0,0,0,0,0,0,0,0,0,0,0,0,0,0,0,0,0,0,0,0,0,0,0,0,0
Hungary,aljazeera.com,2020-11-01,0,0,0,0,0,0,0,0,0,0,0,0,0,0,0,0,0,0,0,2,0,2,0,0,0,0,0,0,0,0,0,0,0
Hungary,aljazeera.com,2020-12-01,0,0,0,0,0,0,0,0,0,0,0,0,0,0,0,0,0,0,0,1,0,2,0,1,0,0,0,0,0,0,0,0,0
Hungary,aljazeera.com,2021-01-01,0,0,0,0,0,0,0,0,0,0,0,0,0,0,0,0,0,0,0,2,0,2,0,0,0,0,0,0,0,0,0,0,0
Hungary,aljazeera.com,2021-02-01,0,1,1,1,0,0,0,0,0,0,0,0,0,1,0,0,0,0,0,2,0,5,0,0,0,0,0,0,0,0,0,0,0
Hungary,aljazeera.com,2021-03-01,0,0,0,0,1,0,0,0,0,0,0,0,0,0,0,0,0,0,0,0,0,1,0,0,0,0,0,0,0,0,0,0,0
Hungary,aljazeera.com,2021-04-01,0,0,0,0,0,0,0,0,0,0,0,0,0,0,0,0,0,0,0,1,0,1,0,0,0,0,0,0,0,0,0,0,0
Hungary,aljazeera.com,2021-05-01,0,0,0,0,0,0,0,0,0,1,0,0,0,0,0,0,0,0,0,1,0,2,0,0,0,0,0,0,0,0,0,0,0
Hungary,aljazeera.com,2021-06-01,0,0,0,0,0,0,0,0,0,0,0,0,0,0,3,0,0,0,0,4,0,7,0,0,0,0,0,0,0,0,0,0,0
Hungary,aljazeera.com,2021-07-01,0,1,2,0,0,0,0,0,0,0,0,0,0,0,1,0,0,0,0,2,0,6,0,0,0,0,0,0,0,0,0,0,0
Hungary,aljazeera.com,2021-08-01,0,0,0,0,0,0,0,0,0,0,0,0,0,0,0,0,0,0,0,1,0,1,0,0,0,0,0,0,0,0,0,0,0
Hungary,aljazeera.com,2021-09-01,0,0,0,0,0,0,0,0,0,0,0,0,0,0,0,0,0,0,0,4,0,4,0,0,0,0,0,0,0,0,0,0,0
Hungary,aljazeera.com,2021-10-01,0,0,0,0,0,1,0,0,0,0,0,0,0,0,0,0,0,0,0,0,0,1,0,0,0,0,0,0,0,0,0,0,0
Hungary,aljazeera.com,2021-11-01,0,0,0,0,0,0,0,0,0,0,0,0,0,0,0,0,0,0,0,1,0,1,0,0,0,0,0,0,0,0,0,0,0
Hungary,aljazeera.com,2021-12-01,0,0,0,0,0,0,0,0,0,0,0,0,0,0,0,0,0,0,0,2,0,2,0,0,0,0,0,0,0,0,0,0,0
Hungary,aljazeera.com,2022-01-01,0,0,0,0,0,1,0,0,0,0,0,0,0,0,0,0,0,0,0,0,0,1,0,0,0,0,0,0,0,0,0,0,0
Hungary,aljazeera.com,2022-02-01,0,0,1,0,0,0,0,0,0,0,0,1,0,1,0,0,0,0,0,9,0,11,0,0,0,0,0,0,0,0,0,0,0
Hungary,aljazeera.com,2022-03-01,0,1,0,1,0,4,0,0,0,1,0,0,0,0,0,1,0,0,0,6,0,14,0,0,0,0,0,0,0,0,0,0,0
Hungary,aljazeera.com,2022-04-01,0,0,0,0,0,4,0,0,0,0,0,0,0,0,0,0,0,0,0,3,0,7,0,0,0,0,0,0,0,0,0,0,0
Hungary,aljazeera.com,2022-05-01,0,0,0,0,0,1,0,0,0,1,0,0,0,0,1,0,0,0,0,12,0,15,0,0,0,0,0,0,0,0,0,0,0
Hungary,aljazeera.com,2022-06-01,0,0,0,0,0,0,0,0,0,0,0,0,0,0,1,0,0,2,0,3,0,6,0,0,0,0,0,0,0,0,0,0,0
Hungary,aljazeera.com,2022-07-01,0,0,1,0,0,0,0,0,0,1,0,0,0,0,0,0,0,0,0,6,0,8,0,0,0,0,0,0,0,0,0,0,0
Hungary,aljazeera.com,2022-08-01,0,0,0,0,0,0,0,0,0,0,0,0,0,0,1,0,0,0,0,1,0,2,0,0,0,0,0,0,0,0,0,0,0
Hungary,aljazeera.com,2022-09-01,0,0,1,0,0,0,0,0,0,0,0,0,0,1,0,0,0,0,0,2,0,3,0,0,0,0,0,0,0,0,0,0,0
Hungary,aljazeera.com,2022-10-01,0,0,0,0,0,0,0,0,0,0,0,0,0,0,0,0,0,0,0,1,0,1,0,0,0,0,0,0,0,0,0,0,0
Hungary,aljazeera.com,2022-11-01,0,0,0,0,0,0,0,0,0,0,0,0,0,0,0,0,0,0,0,0,0,0,0,0,0,0,0,0,0,0,0,0,0
Hungary,aljazeera.com,2022-12-01,0,0,0,0,0,0,0,0,0,0,0,0,0,0,0,0,0,0,0,2,0,2,0,0,0,0,0,0,0,0,0,0,0
Hungary,aljazeera.com,2023-01-01,0,0,0,0,0,0,0,0,0,0,0,0,0,0,0,0,0,1,0,1,0,2,0,0,0,0,0,0,0,0,0,0,0
Hungary,aljazeera.com,2023-02-01,0,0,0,0,0,0,0,0,0,0,0,0,0,0,0,0,0,0,0,1,0,1,0,0,0,0,0,0,0,0,0,0,0
Hungary,aljazeera.com,2023-03-01,0,1,0,0,0,0,0,0,0,0,0,0,0,0,0,0,0,0,0,4,0,5,0,0,0,0,0,0,0,0,0,0,0
Hungary,aljazeera.com,2023-04-01,0,0,0,0,0,0,0,0,0,0,0,0,0,0,0,0,0,0,0,3,0,4,0,0,0,0,0,1,0,0,0,0,0
Hungary,aljazeera.com,2023-05-01,0,0,0,0,0,1,0,0,0,0,0,0,0,0,0,1,0,0,0,0,0,2,0,0,0,0,0,0,0,0,0,0,0
Hungary,aljazeera.com,2023-06-01,0,0,0,0,0,0,0,0,0,0,0,0,0,0,0,0,0,0,0,2,0,2,0,0,0,0,0,0,0,0,0,0,0
Hungary,aljazeera.com,2023-07-01,0,0,0,0,0,1,0,0,0,0,0,0,0,0,0,0,0,0,0,0,0,1,0,0,0,0,0,0,0,0,0,0,0
Hungary,aljazeera.com,2023-08-01,0,0,1,0,0,0,0,0,0,0,0,0,0,0,1,0,0,0,0,0,0,2,0,0,0,0,0,0,0,0,0,0,0
Hungary,aljazeera.com,2023-09-01,0,0,1,0,0,1,0,0,0,0,0,0,0,0,0,0,0,0,0,1,0,4,0,0,0,0,0,0,0,0,1,0,0
Hungary,aljazeera.com,2023-10-01,0,0,0,0,0,0,0,0,0,0,0,0,1,0,0,0,0,0,0,4,0,5,0,0,0,0,0,0,0,0,0,0,0
Hungary,aljazeera.com,2023-11-01,0,1,0,0,0,0,0,0,0,0,0,0,0,0,0,0,0,0,0,1,0,2,0,0,0,0,0,0,0,0,0,0,0
Hungary,aljazeera.com,2023-12-01,0,0,0,0,0,0,0,0,0,0,0,0,0,0,0,0,0,0,0,5,0,5,0,0,0,0,0,0,0,0,0,0,0
Hungary,aljazeera.com,2024-01-01,0,0,0,0,0,0,0,0,0,1,0,0,0,0,1,0,0,0,0,3,0,5,0,0,0,0,0,0,0,0,0,0,0
Hungary,aljazeera.com,2024-02-01,0,0,1,0,0,1,0,0,0,1,0,0,0,0,0,0,1,0,0,6,0,11,0,1,0,0,0,0,0,0,0,0,0
Hungary,aljazeera.com,2024-03-01,0,0,0,0,0,0,0,0,0,0,0,0,0,0,0,0,0,0,0,1,0,1,0,0,0,0,0,0,0,0,0,0,0
Hungary,aljazeera.com,2024-04-01,0,1,0,0,0,0,0,0,0,0,0,0,0,0,0,0,0,0,0,1,0,2,0,0,0,0,0,0,0,0,0,0,0
Hungary,aljazeera.com,2024-05-01,0,0,0,0,0,0,0,0,0,1,0,0,0,0,1,0,0,0,0,2,0,4,0,0,0,0,0,0,0,0,0,0,0
Hungary,aljazeera.com,2024-06-01,0,0,1,0,0,0,0,0,0,2,0,0,0,0,1,0,0,0,0,4,0,8,0,0,0,0,0,0,0,0,0,0,0
Hungary,aljazeera.com,2024-07-01,0,0,0,0,0,0,0,0,0,2,0,0,0,0,0,0,0,0,0,7,0,9,0,0,0,0,0,0,0,0,0,0,0
Hungary,aljazeera.com,2024-08-01,0,0,0,0,0,0,0,0,0,0,0,1,0,0,0,0,0,0,0,0,0,1,0,0,0,0,0,0,0,0,0,0,0
Hungary,aljazeera.com,2024-09-01,0,0,0,5,0,0,0,0,0,0,0,0,0,0,0,0,0,0,0,0,0,5,0,0,0,0,0,0,0,0,0,0,0
Hungary,aljazeera.com,2024-10-01,0,0,1,0,0,0,0,0,0,0,0,0,0,1,0,1,0,0,0,2,0,4,0,0,0,0,0,0,0,0,0,0,0
Hungary,aljazeera.com,2024-11-01,0,0,1,0,0,0,0,0,0,0,0,0,0,0,0,0,0,0,0,2,0,3,0,0,0,0,0,0,0,0,0,0,0
Hungary,aljazeera.com,2024-12-01,0,0,0,0,0,0,0,0,0,0,0,0,0,0,0,0,0,0,0,0,0,0,0,0,0,0,0,0,0,0,0,0,0
Hungary,aljazeera.com,2025-01-01,0,0,0,0,0,0,0,0,0,0,0,0,0,0,0,0,0,0,0,2,0,2,0,0,0,0,0,0,0,0,0,0,0
Hungary,aljazeera.com,2025-02-01,0,0,0,0,0,0,0,0,0,0,0,0,0,0,0,0,0,0,0,0,0,0,0,0,0,0,0,0,0,0,0,0,0
Hungary,aljazeera.com,2025-03-01,0,0,0,0,0,0,0,0,0,0,0,0,0,0,0,0,0,0,0,0,0,0,0,0,0,0,0,0,0,0,0,0,0
Hungary,aljazeera.com,2025-04-01,0,0,0,0,0,0,0,0,0,0,0,0,0,0,0,0,0,0,0,0,0,0,0,0,0,0,0,0,0,0,0,0,0
Hungary,aljazeera.com,2025-05-01,0,0,0,0,0,0,0,0,0,0,0,0,0,0,0,0,0,0,0,0,0,0,0,0,0,0,0,0,0,0,0,0,0
Hungary,aljazeera.com,2025-06-01,0,0,0,0,0,0,0,0,0,0,0,0,0,0,0,0,0,0,0,0,0,0,0,0,0,0,0,0,0,0,0,0,0
Hungary,balkaninsight.com,2012-01-01,0,0,0,0,0,0,0,1,0,0,0,0,0,0,0,0,0,0,0,2,0,3,0,0,0,0,0,0,0,0,0,0,0
Hungary,balkaninsight.com,2012-02-01,0,0,0,0,0,0,0,0,0,0,0,0,0,0,0,0,0,0,0,2,0,2,0,0,0,0,0,0,0,0,0,0,0
Hungary,balkaninsight.com,2012-03-01,0,0,0,0,0,0,0,0,0,0,0,0,0,0,1,0,0,0,0,0,0,1,0,0,0,0,0,0,0,0,0,0,0
Hungary,balkaninsight.com,2012-04-01,0,1,0,0,1,0,0,0,0,0,0,0,0,0,0,0,0,0,0,0,0,2,0,0,0,0,0,0,0,0,0,0,0
Hungary,balkaninsight.com,2012-05-01,0,0,0,0,0,0,0,0,0,0,0,0,0,0,0,0,0,0,0,3,0,3,0,0,0,0,0,0,0,0,0,0,0
Hungary,balkaninsight.com,2012-06-01,0,0,0,0,0,0,0,0,0,0,0,0,0,0,0,0,0,0,0,0,0,0,0,0,0,0,0,0,0,0,0,0,0
Hungary,balkaninsight.com,2012-07-01,0,0,0,0,0,0,0,0,0,0,0,0,0,0,0,0,0,0,0,3,0,3,0,0,0,0,0,0,0,0,0,0,0
Hungary,balkaninsight.com,2012-08-01,0,0,0,0,0,0,0,0,0,0,0,0,0,0,0,0,0,0,0,3,0,3,0,0,0,0,0,0,0,0,0,0,0
Hungary,balkaninsight.com,2012-09-01,0,0,0,0,0,0,0,0,0,1,0,0,0,0,0,0,0,0,0,2,0,3,0,0,0,0,0,0,0,0,0,0,0
Hungary,balkaninsight.com,2012-10-01,0,0,0,0,0,0,0,0,0,0,0,0,0,0,0,0,0,0,0,1,0,1,0,0,0,0,0,0,0,0,0,0,0
Hungary,balkaninsight.com,2012-11-01,0,0,0,0,0,0,0,0,0,0,0,0,0,0,0,0,0,0,0,1,0,1,0,0,0,0,0,0,0,0,0,0,0
Hungary,balkaninsight.com,2012-12-01,0,0,0,0,0,0,0,0,0,0,0,0,0,0,0,0,0,0,0,1,0,1,0,0,0,0,0,0,0,0,0,0,0
Hungary,balkaninsight.com,2013-01-01,0,0,0,0,0,0,0,0,0,0,0,0,0,0,0,0,0,0,0,0,0,1,1,0,0,0,0,0,0,0,0,0,0
Hungary,balkaninsight.com,2013-02-01,0,0,0,0,0,0,0,0,0,0,0,0,0,0,0,0,0,0,0,2,0,2,0,0,0,0,0,0,0,0,0,0,0
Hungary,balkaninsight.com,2013-03-01,0,0,0,0,0,0,0,0,0,0,0,0,0,0,0,0,0,0,0,1,0,1,0,0,0,0,0,0,0,0,0,0,0
Hungary,balkaninsight.com,2013-04-01,0,0,1,0,0,0,0,0,0,0,0,0,0,1,0,0,0,0,0,4,0,6,1,0,0,0,0,0,0,0,0,0,0
Hungary,balkaninsight.com,2013-05-01,0,0,0,0,0,0,0,0,0,0,0,0,0,0,0,0,0,0,0,1,0,1,0,0,0,0,0,0,0,0,0,0,0
Hungary,balkaninsight.com,2013-06-01,0,0,0,0,0,0,0,0,0,0,0,0,0,0,0,0,0,0,0,0,0,0,0,0,0,0,0,0,0,0,0,0,0
Hungary,balkaninsight.com,2013-07-01,0,0,1,1,0,0,0,0,0,0,0,0,0,1,0,0,0,0,0,4,0,6,0,0,0,0,0,0,0,0,0,0,0
Hungary,balkaninsight.com,2013-08-01,0,0,0,0,0,0,0,0,0,0,0,0,0,0,0,0,0,0,0,2,0,2,0,0,0,0,0,0,0,0,0,0,0
Hungary,balkaninsight.com,2013-09-01,0,0,0,0,0,0,0,1,0,0,0,0,0,0,0,0,0,0,0,1,0,2,0,0,0,0,0,0,0,0,0,0,0
Hungary,balkaninsight.com,2013-10-01,0,0,1,0,0,0,0,0,0,0,0,0,0,1,0,0,0,0,0,4,0,5,0,0,0,0,0,0,0,0,0,0,0
Hungary,balkaninsight.com,2013-11-01,0,0,0,0,0,0,0,0,0,1,0,0,0,0,0,0,0,0,0,4,0,7,0,1,0,0,0,0,0,0,0,0,1
Hungary,balkaninsight.com,2013-12-01,0,0,0,0,0,0,0,0,0,0,0,0,0,0,0,0,0,0,0,2,0,3,0,0,0,0,1,0,0,0,0,0,0
Hungary,balkaninsight.com,2014-01-01,0,0,0,0,0,0,0,0,0,0,0,0,0,0,0,0,0,0,0,3,0,3,0,0,0,0,0,0,0,0,0,0,0
Hungary,balkaninsight.com,2014-02-01,0,1,0,0,0,0,0,0,0,0,0,0,0,0,0,0,0,0,0,1,0,2,0,0,0,0,0,0,0,0,0,0,0
Hungary,balkaninsight.com,2014-03-01,0,0,0,0,0,0,0,0,0,1,0,0,0,0,0,0,0,0,0,2,0,4,1,0,1,0,0,0,0,0,0,0,0
Hungary,balkaninsight.com,2014-04-01,0,0,0,0,0,0,0,0,0,0,0,0,0,0,0,0,0,0,0,1,0,1,0,0,0,0,0,0,0,0,0,0,0
Hungary,balkaninsight.com,2014-05-01,0,0,0,0,0,0,0,0,0,0,0,0,0,0,0,0,0,0,0,2,0,2,0,0,0,0,0,0,0,0,0,0,0
Hungary,balkaninsight.com,2014-06-01,0,0,0,0,0,0,0,0,0,0,0,0,0,0,0,0,0,0,0,1,0,1,0,0,0,0,0,0,0,0,0,0,0
Hungary,balkaninsight.com,2014-07-01,0,1,0,0,0,0,0,0,0,0,0,0,0,0,0,0,0,0,0,4,0,5,0,0,0,0,0,0,0,0,0,0,0
Hungary,balkaninsight.com,2014-08-01,0,0,0,0,0,0,0,0,0,0,0,0,0,0,0,0,0,0,0,4,0,4,0,0,0,0,0,0,0,0,0,0,0
Hungary,balkaninsight.com,2014-09-01,0,0,0,0,0,0,0,0,0,1,0,0,0,0,0,0,0,0,0,1,0,2,0,0,0,0,0,0,0,0,0,0,0
Hungary,balkaninsight.com,2014-10-01,0,0,0,0,0,0,0,0,0,0,0,0,0,0,0,0,0,0,0,2,0,2,0,0,0,0,0,0,0,0,0,0,0
Hungary,balkaninsight.com,2014-11-01,0,0,0,0,0,0,0,0,0,0,0,0,0,0,0,0,0,0,0,1,0,2,1,0,0,0,0,0,0,0,0,0,0
Hungary,balkaninsight.com,2014-12-01,0,0,0,0,0,0,0,0,0,1,0,0,0,0,0,0,0,0,0,2,0,3,0,0,0,0,0,0,0,0,0,0,0
Hungary,balkaninsight.com,2015-01-01,0,0,0,0,0,0,0,0,0,0,0,0,0,0,0,0,0,0,0,5,0,5,0,0,0,0,0,0,0,0,0,0,0
Hungary,balkaninsight.com,2015-02-01,0,0,0,0,0,0,0,0,0,0,0,0,0,0,0,0,0,0,0,5,0,5,0,0,0,0,0,0,0,0,0,0,0
Hungary,balkaninsight.com,2015-03-01,0,0,0,0,0,0,0,0,0,0,0,0,0,0,0,0,0,0,0,0,0,0,0,0,0,0,0,0,0,0,0,0,0
Hungary,balkaninsight.com,2015-04-01,0,0,0,0,0,0,0,0,0,0,0,0,0,0,0,0,0,0,0,0,0,0,0,0,0,0,0,0,0,0,0,0,0
Hungary,balkaninsight.com,2015-05-01,0,0,1,0,0,0,0,0,0,0,0,0,0,1,0,0,0,0,0,4,0,5,0,0,0,0,0,0,0,0,0,0,0
Hungary,balkaninsight.com,2015-06-01,0,0,0,0,0,0,0,0,0,0,0,0,0,0,1,0,0,0,0,3,0,4,0,0,0,0,0,0,0,0,0,0,0
Hungary,balkaninsight.com,2015-07-01,0,0,0,0,0,0,0,0,0,0,0,0,0,0,0,0,0,0,0,7,0,8,0,0,0,0,0,0,0,1,0,0,0
Hungary,balkaninsight.com,2015-08-01,0,0,0,0,0,0,0,0,0,0,0,0,0,0,0,0,0,0,0,7,0,8,1,0,0,0,0,0,0,0,0,0,0
Hungary,balkaninsight.com,2015-09-01,0,0,0,0,0,0,0,0,1,2,0,1,0,0,0,1,0,0,0,22,0,28,1,0,0,0,0,0,0,0,0,0,0
Hungary,balkaninsight.com,2015-10-01,0,0,0,0,0,0,0,0,0,1,0,0,0,0,0,1,0,0,0,5,0,7,0,0,0,0,0,0,0,0,0,0,0
Hungary,balkaninsight.com,2015-11-01,0,0,0,0,0,0,0,0,0,0,0,0,0,0,0,0,0,0,0,5,0,6,0,0,0,0,0,1,0,0,0,0,0
Hungary,balkaninsight.com,2015-12-01,0,0,0,0,0,0,0,0,0,0,0,0,0,0,0,0,0,0,0,2,0,2,0,0,0,0,0,0,0,0,0,0,0
Hungary,balkaninsight.com,2016-01-01,0,0,0,0,0,0,0,0,0,0,0,0,0,0,0,0,0,0,0,3,0,3,0,0,0,0,0,0,0,0,0,0,0
Hungary,balkaninsight.com,2016-02-01,0,0,0,0,0,0,0,0,0,1,0,0,0,0,0,0,0,0,0,3,0,4,0,0,0,0,0,0,0,0,0,0,0
Hungary,balkaninsight.com,2016-03-01,0,0,0,0,0,0,0,0,0,0,0,0,0,0,0,0,0,0,0,1,0,2,1,0,0,0,0,0,0,0,0,0,0
Hungary,balkaninsight.com,2016-04-01,0,0,0,0,0,0,0,0,0,0,0,0,0,0,0,0,0,0,0,2,0,3,0,1,0,0,0,0,0,0,0,0,0
Hungary,balkaninsight.com,2016-05-01,0,0,0,0,0,0,0,0,0,0,0,0,0,0,0,0,0,0,0,1,0,1,0,0,0,0,0,0,0,0,0,0,0
Hungary,balkaninsight.com,2016-06-01,0,0,0,0,0,0,0,0,0,0,0,0,0,0,0,0,0,0,0,1,0,1,0,0,0,0,0,0,0,0,0,0,0
Hungary,balkaninsight.com,2016-07-01,0,0,0,0,0,0,0,0,0,0,0,0,0,0,0,0,0,0,0,8,0,8,0,0,0,0,0,0,0,0,0,0,0
Hungary,balkaninsight.com,2016-08-01,0,0,0,0,0,0,0,0,0,0,0,1,1,0,0,0,0,0,0,4,0,6,0,0,0,0,0,0,0,0,0,0,0
Hungary,balkaninsight.com,2016-09-01,0,0,0,0,0,0,0,0,0,0,0,0,0,0,0,0,0,0,0,4,0,4,0,0,0,0,0,0,0,0,0,0,0
Hungary,balkaninsight.com,2016-10-01,0,2,0,0,0,0,0,0,0,0,0,0,0,0,0,0,0,0,0,3,0,5,0,0,0,0,0,0,0,0,0,0,0
Hungary,balkaninsight.com,2016-11-01,1,1,0,0,0,0,0,0,0,0,0,0,0,0,0,0,0,0,0,1,0,3,0,0,0,0,0,0,0,0,0,0,0
Hungary,balkaninsight.com,2016-12-01,0,0,0,0,0,0,0,0,0,0,0,0,0,0,0,0,0,0,0,3,0,3,0,0,0,0,0,0,0,0,0,0,0
Hungary,balkaninsight.com,2017-01-01,0,0,0,0,0,0,0,0,0,0,0,0,0,0,0,0,0,0,0,2,0,2,0,0,0,0,0,0,0,0,0,0,0
Hungary,balkaninsight.com,2017-02-01,0,0,0,0,0,0,0,0,0,0,0,0,0,0,0,0,0,0,0,2,0,4,0,1,0,0,0,1,0,0,0,0,0
Hungary,balkaninsight.com,2017-03-01,0,0,0,1,0,0,0,0,0,0,0,0,0,0,0,0,0,0,0,4,0,5,0,0,0,0,0,0,0,0,0,0,0
Hungary,balkaninsight.com,2017-04-01,0,0,0,0,0,0,0,0,0,0,0,0,0,0,0,0,0,0,0,3,0,3,0,0,0,0,0,0,0,0,0,0,0
Hungary,balkaninsight.com,2017-05-01,0,0,0,0,0,0,0,0,0,0,0,0,0,0,0,0,0,0,0,1,0,1,0,0,0,0,0,0,0,0,0,0,0
Hungary,balkaninsight.com,2017-06-01,0,0,0,0,0,0,0,0,0,0,0,0,0,0,0,0,0,0,0,2,0,2,0,0,0,0,0,0,0,0,0,0,0
Hungary,balkaninsight.com,2017-07-01,0,0,0,0,0,0,0,2,0,0,0,0,0,0,1,0,0,0,0,4,0,7,0,0,0,0,0,0,0,0,0,0,0
Hungary,balkaninsight.com,2017-08-01,0,0,0,1,0,0,0,0,0,1,0,1,0,0,0,0,0,0,0,1,0,4,0,0,0,0,0,0,0,0,0,0,0
Hungary,balkaninsight.com,2017-09-01,0,0,0,1,0,1,0,0,0,0,0,0,0,0,0,0,0,0,0,5,0,8,0,0,1,0,1,0,0,0,0,0,0
Hungary,balkaninsight.com,2017-10-01,0,0,0,0,0,0,0,0,0,0,0,0,0,0,0,0,0,0,0,4,0,4,0,0,0,0,0,0,0,0,0,0,0
Hungary,balkaninsight.com,2017-11-01,0,0,0,0,0,0,0,0,0,0,0,0,0,0,0,0,0,0,0,1,0,1,0,0,0,0,0,0,0,0,0,0,0
Hungary,balkaninsight.com,2017-12-01,0,0,0,0,0,0,0,0,0,0,0,0,0,0,0,0,0,0,0,1,0,1,0,0,0,0,0,0,0,0,0,0,0
Hungary,balkaninsight.com,2018-01-01,0,0,0,0,0,1,0,0,0,0,0,0,0,0,0,0,0,0,0,3,0,4,0,0,0,0,0,0,0,0,0,0,0
Hungary,balkaninsight.com,2018-02-01,0,0,0,0,0,0,0,0,0,0,0,0,0,0,0,0,0,0,0,1,0,1,0,0,0,0,0,0,0,0,0,0,0
Hungary,balkaninsight.com,2018-03-01,0,1,0,1,0,0,0,0,0,0,0,0,0,0,0,0,0,0,0,6,0,9,0,0,0,0,0,0,0,1,0,0,0
Hungary,balkaninsight.com,2018-04-01,0,0,0,0,0,0,0,0,0,0,0,0,0,0,0,0,0,0,0,4,0,4,0,0,0,0,0,0,0,0,0,0,0
Hungary,balkaninsight.com,2018-05-01,0,0,0,0,0,0,0,0,0,0,0,0,0,0,0,0,0,0,0,4,0,4,0,0,0,0,0,0,0,0,0,0,0
Hungary,balkaninsight.com,2018-06-01,0,0,0,1,0,0,0,0,0,0,0,0,0,0,0,0,0,0,0,5,0,6,0,0,0,0,0,0,0,0,0,0,0
Hungary,balkaninsight.com,2018-07-01,0,0,0,0,0,0,0,0,0,0,0,0,0,0,0,0,0,0,0,3,0,4,0,0,0,0,0,1,0,0,0,0,0
Hungary,balkaninsight.com,2018-08-01,0,0,0,0,0,0,0,0,0,0,0,0,0,0,0,0,0,0,0,2,0,2,0,0,0,0,0,0,0,0,0,0,0
Hungary,balkaninsight.com,2018-09-01,0,0,0,0,0,0,0,0,0,0,0,0,0,0,0,0,0,0,0,6,0,6,0,0,0,0,0,0,0,0,0,0,0
Hungary,balkaninsight.com,2018-10-01,0,0,1,0,0,0,0,0,0,0,0,0,0,0,0,0,0,0,0,4,0,5,0,0,0,0,0,0,0,0,0,0,0
Hungary,balkaninsight.com,2018-11-01,1,0,1,0,0,0,0,0,0,0,0,0,0,1,0,0,0,0,0,14,0,17,0,0,0,0,1,0,0,0,0,0,0
Hungary,balkaninsight.com,2018-12-01,0,0,0,0,0,0,0,0,0,1,0,0,0,0,0,0,0,0,0,1,0,3,0,1,0,0,0,0,0,0,0,0,0
Hungary,balkaninsight.com,2019-01-01,0,0,0,0,0,0,0,0,0,0,0,0,0,0,0,0,0,0,0,6,0,6,0,0,0,0,0,0,0,0,0,0,0
Hungary,balkaninsight.com,2019-02-01,0,0,0,0,0,0,0,0,0,0,0,0,0,0,0,0,0,0,0,7,0,7,0,0,0,0,0,0,0,0,0,0,0
Hungary,balkaninsight.com,2019-03-01,0,0,0,0,0,0,0,0,0,0,0,0,0,0,0,0,1,0,0,2,0,3,0,0,0,0,0,0,0,0,0,0,0
Hungary,balkaninsight.com,2019-04-01,0,0,0,0,0,1,0,0,0,1,0,0,0,0,0,0,0,0,0,3,0,5,0,0,0,0,0,0,0,0,0,0,0
Hungary,balkaninsight.com,2019-05-01,0,0,0,0,0,2,0,0,0,0,0,0,0,0,0,0,0,0,0,5,0,7,0,0,0,0,0,0,0,0,0,0,0
Hungary,balkaninsight.com,2019-06-01,0,0,0,0,0,0,0,0,0,0,0,0,0,0,0,0,0,0,0,9,0,10,1,0,0,0,0,0,0,0,0,0,0
Hungary,balkaninsight.com,2019-07-01,0,0,2,0,0,0,0,0,0,0,0,0,0,0,0,0,0,0,0,6,0,8,0,0,0,0,0,0,0,0,0,0,0
Hungary,balkaninsight.com,2019-08-01,0,0,0,0,0,0,1,0,0,0,0,0,0,0,0,0,0,0,0,6,0,8,1,0,0,0,0,0,0,0,0,0,0
Hungary,balkaninsight.com,2019-09-01,0,0,0,0,0,1,0,0,0,0,0,0,0,0,0,0,0,0,0,13,0,14,0,0,0,0,0,0,0,0,0,0,0
Hungary,balkaninsight.com,2019-10-01,0,0,0,0,0,3,0,0,0,0,0,0,0,0,0,0,0,0,0,6,0,9,0,0,0,0,0,0,0,0,0,0,0
Hungary,balkaninsight.com,2019-11-01,0,0,0,0,0,1,0,0,0,1,0,0,0,0,0,0,0,0,0,9,0,11,0,0,0,0,0,0,0,0,0,0,0
Hungary,balkaninsight.com,2019-12-01,0,0,0,0,0,0,0,0,0,0,0,0,0,0,0,0,0,0,0,5,0,6,0,0,1,0,1,0,0,0,0,0,0
Hungary,balkaninsight.com,2020-01-01,0,0,0,0,0,0,0,0,0,0,0,0,0,0,0,0,0,0,0,7,0,7,0,0,0,0,0,0,0,0,0,0,0
Hungary,balkaninsight.com,2020-02-01,0,0,0,0,0,0,0,0,0,0,0,0,0,0,0,0,0,0,0,10,0,10,0,0,0,0,0,0,0,0,0,0,0
Hungary,balkaninsight.com,2020-03-01,2,0,0,3,0,0,0,0,1,0,0,0,0,0,1,0,1,0,0,4,0,14,0,0,0,0,0,2,0,0,0,0,0
Hungary,balkaninsight.com,2020-04-01,0,0,0,1,1,0,0,0,0,0,0,0,0,0,0,0,0,0,0,6,0,8,0,0,0,0,0,0,0,0,0,0,0
Hungary,balkaninsight.com,2020-05-01,0,0,0,0,0,0,0,0,1,0,0,0,0,0,1,0,0,0,0,15,0,17,0,0,0,0,0,0,0,0,0,0,0
Hungary,balkaninsight.com,2020-06-01,0,0,3,0,0,0,0,0,0,0,0,0,0,0,1,0,0,0,0,8,0,12,0,0,0,0,0,0,0,0,0,0,0
Hungary,balkaninsight.com,2020-07-01,0,0,0,1,0,0,0,0,0,0,0,0,0,1,1,0,1,0,0,9,0,12,0,0,0,0,0,0,0,0,0,0,0
Hungary,balkaninsight.com,2020-08-01,0,0,0,0,0,0,0,0,0,0,0,0,0,0,0,0,0,0,0,8,0,8,0,0,0,0,0,0,0,0,0,0,0
Hungary,balkaninsight.com,2020-09-01,0,0,2,0,0,0,0,1,0,0,0,0,0,0,1,0,0,0,0,8,0,13,1,0,0,0,0,0,0,0,0,0,0
Hungary,balkaninsight.com,2020-10-01,0,1,0,0,0,1,0,0,0,0,0,0,0,0,0,0,0,0,0,4,0,6,0,0,0,0,0,0,0,0,0,0,0
Hungary,balkaninsight.com,2020-11-01,0,0,1,0,0,0,0,1,0,0,0,0,0,0,1,0,0,0,0,13,0,17,0,0,0,0,0,0,0,0,0,0,1
Hungary,balkaninsight.com,2020-12-01,0,0,0,0,0,0,0,0,0,0,0,0,0,1,0,0,1,0,0,9,0,11,0,0,1,0,1,0,0,0,0,0,0
Hungary,balkaninsight.com,2021-01-01,0,0,0,0,0,1,0,0,0,0,0,0,0,0,0,0,0,0,0,6,0,7,0,0,0,0,0,0,0,0,0,0,0
Hungary,balkaninsight.com,2021-02-01,0,0,0,0,1,0,0,0,0,0,0,0,0,0,1,0,0,0,0,5,0,7,0,0,0,0,0,0,0,0,0,0,0
Hungary,balkaninsight.com,2021-03-01,0,0,0,0,0,0,0,0,0,0,0,0,0,0,0,0,0,0,0,9,0,10,1,0,0,0,0,0,0,0,0,0,0
Hungary,balkaninsight.com,2021-04-01,0,0,1,0,0,0,0,0,0,1,0,0,0,0,0,0,0,0,0,10,0,12,0,0,0,0,0,0,0,0,0,0,0
Hungary,balkaninsight.com,2021-05-01,0,0,0,0,0,0,0,0,0,0,0,0,0,0,1,0,0,0,0,5,0,6,0,0,0,0,0,0,0,0,0,0,0
Hungary,balkaninsight.com,2021-06-01,0,1,0,0,0,0,0,0,0,0,0,0,0,1,0,0,0,0,0,5,0,8,0,0,0,0,1,0,0,0,0,0,0
Hungary,balkaninsight.com,2021-07-01,1,0,2,0,0,0,0,0,0,0,0,0,0,1,2,0,0,0,0,18,0,23,0,0,0,0,0,0,0,0,0,0,0
Hungary,balkaninsight.com,2021-08-01,0,0,0,0,0,0,0,0,0,0,0,0,0,0,0,0,0,0,0,2,0,2,0,0,0,0,0,0,0,0,0,0,0
Hungary,balkaninsight.com,2021-09-01,0,0,0,0,0,0,0,0,0,0,0,0,0,0,0,0,0,0,0,11,0,11,0,0,0,0,0,0,0,0,0,0,0
Hungary,balkaninsight.com,2021-10-01,0,0,0,0,0,2,0,0,0,0,0,0,0,0,0,0,0,0,0,5,0,7,0,0,0,0,0,0,0,0,0,0,0
Hungary,balkaninsight.com,2021-11-01,0,0,0,1,0,0,0,0,0,0,0,0,0,0,0,0,0,0,0,5,0,6,0,0,0,0,0,0,0,0,0,0,0
Hungary,balkaninsight.com,2021-12-01,0,0,3,0,0,0,0,1,0,0,0,0,0,0,1,0,0,0,0,9,0,14,0,0,0,0,0,0,0,0,0,0,0
Hungary,balkaninsight.com,2022-01-01,0,0,0,0,0,0,0,0,0,0,0,0,0,1,0,0,1,0,0,9,0,10,0,0,0,0,0,0,0,0,0,0,0
Hungary,balkaninsight.com,2022-02-01,0,0,0,0,1,0,0,0,0,0,0,0,0,0,1,1,0,0,0,11,0,15,0,0,0,0,0,1,0,0,0,0,0
Hungary,balkaninsight.com,2022-03-01,0,0,0,0,0,2,0,0,0,0,0,0,0,0,0,1,0,0,0,16,0,19,0,0,0,0,0,0,0,0,0,0,0
Hungary,balkaninsight.com,2022-04-01,0,0,0,0,0,4,0,0,0,0,0,0,0,0,0,0,0,0,0,7,0,11,0,0,0,0,0,0,0,0,0,0,0
Hungary,balkaninsight.com,2022-05-01,0,0,1,0,0,0,0,0,0,0,0,0,0,0,0,0,0,0,0,13,0,14,0,0,0,0,0,0,0,0,0,0,0
Hungary,balkaninsight.com,2022-06-01,0,0,0,0,0,1,0,0,0,0,0,0,0,0,0,1,0,1,0,8,0,11,0,0,0,0,0,0,0,0,0,0,0
Hungary,balkaninsight.com,2022-07-01,0,1,0,0,0,0,0,1,0,0,0,0,0,0,1,0,0,0,0,10,0,13,0,0,0,0,0,0,0,0,0,0,0
Hungary,balkaninsight.com,2022-08-01,0,0,1,0,0,0,0,0,0,0,0,0,0,0,0,0,0,0,0,9,1,10,0,0,0,0,0,0,0,0,0,0,0
Hungary,balkaninsight.com,2022-09-01,0,1,0,0,0,1,0,0,0,0,0,0,0,0,2,0,0,0,0,6,0,11,0,0,0,0,0,0,0,0,0,0,1
Hungary,balkaninsight.com,2022-10-01,1,3,0,0,0,1,0,0,0,0,0,0,0,0,0,0,0,0,0,8,0,13,0,0,0,0,0,0,0,0,0,0,0
Hungary,balkaninsight.com,2022-11-01,0,0,0,0,0,0,0,0,0,0,0,0,0,0,0,0,0,0,0,10,0,11,1,0,1,0,0,0,0,0,0,0,0
Hungary,balkaninsight.com,2022-12-01,0,0,0,0,0,1,0,0,0,0,0,1,0,0,0,0,0,0,0,9,0,11,0,0,0,0,0,0,0,0,0,0,0
Hungary,balkaninsight.com,2023-01-01,0,0,1,0,0,0,0,0,0,0,0,0,0,1,1,0,0,1,0,3,0,6,0,0,0,0,0,0,0,0,0,0,0
Hungary,balkaninsight.com,2023-02-01,0,0,0,0,0,1,0,0,0,0,0,0,0,1,0,0,0,0,0,3,0,6,0,0,0,1,1,0,0,0,0,0,0
Hungary,balkaninsight.com,2023-03-01,0,0,1,0,0,0,0,0,0,0,0,0,0,0,0,0,0,0,0,13,0,14,0,0,0,0,0,0,0,0,0,0,0
Hungary,balkaninsight.com,2023-04-01,0,0,0,0,0,0,0,0,0,0,0,0,0,0,1,0,0,0,0,9,0,11,0,1,0,0,0,0,0,0,0,0,0
Hungary,balkaninsight.com,2023-05-01,0,0,0,0,0,0,0,1,0,0,0,0,0,0,0,0,0,0,0,7,0,8,0,0,0,0,0,0,0,0,0,0,0
Hungary,balkaninsight.com,2023-06-01,0,0,0,0,0,1,0,0,0,0,0,1,0,1,1,0,1,0,0,6,0,12,0,2,0,0,0,0,0,0,0,0,0
Hungary,balkaninsight.com,2023-07-01,0,0,0,0,0,0,0,0,0,0,0,1,0,0,0,0,0,0,0,5,0,6,0,0,0,0,0,0,0,0,0,0,0
Hungary,balkaninsight.com,2023-08-01,0,0,0,0,0,0,0,0,0,1,0,0,0,0,0,1,0,0,0,8,0,11,0,0,0,0,0,1,0,0,0,0,0
Hungary,balkaninsight.com,2023-09-01,0,0,2,0,0,1,0,0,0,1,0,1,0,1,1,1,0,0,0,11,0,18,0,0,0,0,0,0,0,0,0,0,0
Hungary,balkaninsight.com,2023-10-01,0,0,0,0,0,0,0,0,1,1,0,0,0,0,0,0,0,0,0,7,0,10,0,0,0,0,0,1,0,0,0,0,0
Hungary,balkaninsight.com,2023-11-01,0,0,1,0,0,1,0,0,0,0,0,0,0,0,1,0,0,0,0,11,0,14,0,0,0,0,0,0,0,0,0,0,0
Hungary,balkaninsight.com,2023-12-01,0,0,1,0,0,0,0,1,0,0,0,0,0,1,1,0,0,0,0,7,0,10,0,0,0,0,0,0,0,0,0,0,0
Hungary,balkaninsight.com,2024-01-01,0,0,0,0,0,1,0,0,0,0,0,0,0,0,0,0,0,0,0,10,0,12,1,0,0,0,0,0,0,0,0,0,0
Hungary,balkaninsight.com,2024-02-01,0,0,0,0,0,1,0,0,0,0,1,0,0,0,0,0,1,0,0,6,0,9,0,0,0,0,0,0,0,0,0,0,0
Hungary,balkaninsight.com,2024-03-01,0,0,1,0,0,0,0,0,0,0,0,0,0,1,0,0,0,0,0,2,0,3,0,0,0,0,0,0,0,0,0,0,0
Hungary,balkaninsight.com,2024-04-01,0,1,0,0,0,2,1,0,0,1,0,0,0,0,1,0,0,0,0,6,0,13,0,1,0,0,0,0,0,0,0,0,0
Hungary,balkaninsight.com,2024-05-01,0,0,1,0,0,0,0,0,0,0,0,1,0,1,2,0,0,0,0,13,0,17,0,0,0,0,0,0,0,0,0,0,0
Hungary,balkaninsight.com,2024-06-01,0,0,0,0,0,1,0,0,0,0,0,0,0,0,1,0,0,0,0,9,0,11,0,0,0,0,0,0,0,0,0,0,0
Hungary,balkaninsight.com,2024-07-01,0,0,0,0,0,0,0,0,0,2,0,0,0,0,0,0,0,0,0,9,0,11,0,0,0,0,0,0,0,0,0,0,0
Hungary,balkaninsight.com,2024-08-01,0,0,1,0,0,0,0,0,0,0,0,0,0,2,1,0,1,0,0,5,0,9,0,0,1,0,1,0,0,0,0,0,0
Hungary,balkaninsight.com,2024-09-01,0,1,0,0,0,0,0,0,0,0,0,0,0,1,0,0,0,0,0,1,0,3,0,0,0,0,0,0,0,0,0,0,0
Hungary,balkaninsight.com,2024-10-01,0,0,2,0,0,1,0,0,0,0,1,0,0,1,0,0,0,0,0,6,0,9,0,0,0,0,0,0,0,0,0,0,0
Hungary,balkaninsight.com,2024-11-01,0,0,0,0,0,0,0,0,0,0,0,0,0,0,0,0,1,0,0,6,0,7,0,0,0,0,0,0,0,0,0,0,0
Hungary,balkaninsight.com,2024-12-01,0,0,0,0,0,0,0,0,0,0,0,0,0,0,0,0,0,0,0,6,0,6,0,0,0,0,0,0,0,0,0,0,0
Hungary,balkaninsight.com,2025-01-01,0,0,0,0,0,0,0,0,0,0,1,0,0,0,0,0,0,0,0,5,0,6,0,0,0,0,0,0,0,0,0,0,0
Hungary,balkaninsight.com,2025-02-01,0,0,1,0,0,0,0,0,0,0,0,0,0,1,0,0,0,0,0,7,0,8,0,0,0,0,0,0,0,0,0,0,0
Hungary,balkaninsight.com,2025-03-01,0,1,0,2,0,0,0,0,0,0,0,0,0,0,2,0,0,0,0,8,0,13,0,0,0,0,0,0,0,0,0,0,0
Hungary,balkaninsight.com,2025-04-01,0,1,0,1,0,0,0,0,0,0,0,0,0,0,0,0,0,0,0,4,0,6,0,0,0,0,0,0,0,0,0,0,0
Hungary,balkaninsight.com,2025-05-01,0,0,0,0,0,0,0,0,0,0,0,0,0,0,0,0,0,0,0,0,0,0,0,0,0,0,0,0,0,0,0,0,0
Hungary,balkaninsight.com,2025-06-01,0,0,0,0,0,0,0,0,0,0,0,0,0,0,0,0,0,0,0,0,0,0,0,0,0,0,0,0,0,0,0,0,0
Hungary,bbc.com,2012-01-01,0,1,1,0,0,0,0,0,0,0,0,0,0,0,2,0,0,0,0,2,0,6,0,0,0,0,0,0,0,0,0,0,0
Hungary,bbc.com,2012-02-01,0,1,0,0,0,0,0,0,0,0,0,0,0,0,0,0,0,0,0,3,0,4,0,0,0,0,0,0,0,0,0,0,0
Hungary,bbc.com,2012-03-01,0,0,0,0,0,0,0,0,0,0,0,0,0,0,0,0,1,0,0,2,0,3,0,0,0,0,0,0,0,0,0,0,0
Hungary,bbc.com,2012-04-01,0,0,0,0,0,0,0,0,0,0,0,0,0,2,0,0,1,0,0,1,0,4,0,0,0,0,0,0,0,0,0,0,0
Hungary,bbc.com,2012-05-01,0,0,0,0,0,0,0,0,0,0,0,0,0,0,0,0,0,0,0,6,0,6,0,0,0,0,0,0,0,0,0,0,0
Hungary,bbc.com,2012-06-01,0,0,0,0,0,0,0,0,0,0,0,0,0,0,0,0,0,0,0,0,0,0,0,0,0,0,0,0,0,0,0,0,0
Hungary,bbc.com,2012-07-01,3,0,1,0,0,0,0,0,0,0,0,0,0,0,0,0,0,0,0,2,0,6,0,0,0,0,0,0,0,0,0,0,0
Hungary,bbc.com,2012-08-01,0,0,0,0,0,0,0,0,0,0,0,0,0,0,0,0,0,0,0,3,0,3,0,0,0,0,0,0,0,0,0,0,0
Hungary,bbc.com,2012-09-01,0,0,0,0,0,0,0,0,0,0,0,0,0,0,0,0,0,0,0,3,0,3,0,0,0,0,0,0,0,0,0,0,0
Hungary,bbc.com,2012-10-01,0,1,0,0,0,0,0,0,0,0,0,0,0,0,0,0,0,0,0,0,0,1,0,0,0,0,0,0,0,0,0,0,0
Hungary,bbc.com,2012-11-01,0,0,0,0,0,0,0,0,0,0,0,1,0,0,0,0,0,0,0,3,0,5,0,0,0,0,1,0,0,0,0,0,0
Hungary,bbc.com,2012-12-01,0,0,0,0,0,0,0,0,0,0,0,0,0,0,0,0,0,0,0,3,0,3,0,0,0,0,0,0,0,0,0,0,0
Hungary,bbc.com,2013-01-01,0,0,0,0,0,0,1,0,0,0,0,0,0,0,0,0,0,0,0,1,0,3,0,0,0,0,1,0,0,0,0,0,0
Hungary,bbc.com,2013-02-01,0,0,0,0,0,0,0,0,0,0,0,0,0,0,0,0,0,0,0,2,0,2,0,0,0,0,0,0,0,0,0,0,0
Hungary,bbc.com,2013-03-01,0,0,0,0,0,0,0,0,0,0,0,0,0,0,3,0,0,0,0,4,0,7,0,0,0,0,0,0,0,0,0,0,0
Hungary,bbc.com,2013-04-01,0,0,0,0,0,0,0,0,0,0,0,0,0,0,1,0,0,0,0,3,0,4,0,0,0,0,0,0,0,0,0,0,0
Hungary,bbc.com,2013-05-01,0,1,0,0,0,0,0,0,0,0,0,0,0,0,1,0,0,0,0,2,0,4,0,0,0,0,0,0,0,0,0,0,0
Hungary,bbc.com,2013-06-01,0,1,4,6,0,0,0,0,0,0,0,0,0,0,0,0,0,0,0,2,0,13,0,0,0,0,0,0,0,0,0,0,0
Hungary,bbc.com,2013-07-01,1,0,0,0,0,0,0,0,0,0,0,1,0,0,0,0,0,0,0,5,0,7,0,0,0,0,0,0,0,0,0,0,0
Hungary,bbc.com,2013-08-01,1,0,0,0,0,0,0,0,0,0,0,0,0,0,0,0,0,0,0,2,0,5,1,0,0,0,1,0,0,0,0,0,0
Hungary,bbc.com,2013-09-01,0,0,0,0,0,0,0,0,0,0,0,0,0,0,0,0,0,0,0,5,0,5,0,0,0,0,0,0,0,0,0,0,0
Hungary,bbc.com,2013-10-01,0,1,0,0,0,0,0,0,0,0,0,0,0,0,0,0,0,0,0,6,0,7,0,0,0,0,0,0,0,0,0,0,0
Hungary,bbc.com,2013-11-01,0,0,0,0,0,0,0,0,0,0,0,0,0,0,0,0,0,0,0,2,0,2,0,0,0,0,0,0,0,0,0,0,0
Hungary,bbc.com,2013-12-01,0,0,0,0,0,0,0,0,0,0,0,0,0,0,0,0,0,0,0,1,0,1,0,0,0,0,0,0,0,0,0,0,0
Hungary,bbc.com,2014-01-01,0,0,0,0,0,0,0,0,0,0,0,0,0,0,0,0,0,0,0,2,0,2,0,0,0,0,0,0,0,0,0,0,0
Hungary,bbc.com,2014-02-01,0,0,0,0,0,1,0,0,0,0,0,0,0,0,0,0,0,0,0,3,0,5,0,1,0,0,0,0,0,0,0,0,0
Hungary,bbc.com,2014-03-01,0,1,0,0,0,0,0,0,0,0,0,0,0,0,0,0,0,0,0,3,0,4,0,0,0,0,0,0,0,0,0,0,0
Hungary,bbc.com,2014-04-01,0,0,1,0,0,3,0,0,0,0,0,0,0,0,0,0,0,0,0,13,0,17,0,0,0,0,0,0,0,0,0,0,0
Hungary,bbc.com,2014-05-01,1,0,0,0,0,2,0,0,0,0,0,0,0,0,0,0,0,0,0,4,0,7,0,0,0,0,0,0,0,0,0,0,0
Hungary,bbc.com,2014-06-01,0,0,0,0,0,0,0,0,0,0,0,0,0,0,0,0,0,0,0,2,0,2,0,0,0,0,0,0,0,0,0,0,0
Hungary,bbc.com,2014-07-01,0,0,0,0,0,0,0,0,0,0,0,0,0,0,0,0,0,0,0,3,0,3,0,0,0,0,0,0,0,0,0,0,0
Hungary,bbc.com,2014-08-01,0,0,0,0,0,0,0,0,0,0,0,0,0,0,0,0,0,1,0,4,0,5,0,0,0,0,0,0,0,0,0,0,0
Hungary,bbc.com,2014-09-01,0,0,0,0,0,0,0,0,0,0,0,0,0,0,0,0,0,1,0,8,0,9,0,0,0,0,0,0,0,0,0,0,0
Hungary,bbc.com,2014-10-01,0,3,0,0,0,1,0,0,0,0,0,0,0,0,1,0,0,0,0,4,0,10,0,0,0,0,0,1,0,0,0,0,0
Hungary,bbc.com,2014-11-01,0,1,0,0,0,0,0,0,0,0,0,0,0,0,0,0,0,0,0,11,0,12,0,0,0,0,0,0,0,0,0,0,0
Hungary,bbc.com,2014-12-01,0,1,0,0,0,0,0,0,0,0,0,0,0,0,0,0,0,0,0,4,0,5,0,0,0,0,0,0,0,0,0,0,0
Hungary,bbc.com,2015-01-01,0,0,0,0,0,0,0,0,0,0,0,0,0,0,0,0,0,0,0,10,0,10,0,0,0,0,0,0,0,0,0,0,0
Hungary,bbc.com,2015-02-01,0,3,0,0,0,1,0,0,0,0,0,0,0,0,0,0,0,0,0,19,0,23,0,0,0,0,0,0,0,0,0,0,0
Hungary,bbc.com,2015-03-01,0,0,1,0,0,0,0,0,0,0,0,0,0,0,0,0,0,0,0,9,0,10,0,0,0,0,0,0,0,0,0,0,0
Hungary,bbc.com,2015-04-01,0,0,0,0,0,4,0,0,0,0,0,0,1,0,0,0,0,1,0,4,0,10,0,0,0,0,0,0,0,0,0,0,0
Hungary,bbc.com,2015-05-01,0,0,0,0,0,0,0,0,0,0,0,0,0,0,0,0,0,0,0,7,0,9,0,2,0,0,0,0,0,0,0,0,0
Hungary,bbc.com,2015-06-01,0,0,0,0,0,0,0,0,0,0,0,0,0,0,2,0,0,0,1,14,0,18,0,0,0,0,0,1,0,0,0,0,0
Hungary,bbc.com,2015-07-01,0,0,0,0,0,0,0,0,0,0,0,1,0,0,3,0,0,0,0,3,0,7,0,0,0,0,0,0,0,0,0,0,0
Hungary,bbc.com,2015-08-01,0,1,0,0,0,0,0,0,0,2,0,0,1,0,0,2,0,0,0,24,0,37,6,0,0,0,1,0,0,0,0,0,0
Hungary,bbc.com,2015-09-01,2,12,1,1,0,0,0,1,4,2,0,6,0,0,7,7,0,1,1,160,0,207,0,1,0,0,0,0,0,0,1,0,0
Hungary,bbc.com,2015-10-01,0,0,0,0,0,0,0,0,0,0,0,0,0,0,1,2,0,1,0,17,0,22,0,0,0,0,0,0,0,0,1,0,0
Hungary,bbc.com,2015-11-01,1,0,0,0,0,0,0,0,0,0,0,0,0,0,0,0,0,0,0,2,0,4,0,0,0,0,0,1,0,0,0,0,0
Hungary,bbc.com,2015-12-01,0,1,0,0,0,0,0,0,0,0,0,0,0,0,0,0,0,0,0,4,0,6,0,0,0,0,1,0,0,0,0,0,0
Hungary,bbc.com,2016-01-01,1,1,0,0,0,0,0,0,0,0,0,0,0,0,0,0,0,0,0,5,0,8,0,0,0,0,1,0,0,0,0,0,0
Hungary,bbc.com,2016-02-01,0,0,0,0,0,2,0,0,0,0,0,0,0,0,2,0,0,0,0,5,0,9,0,0,0,0,0,0,0,0,0,0,0
Hungary,bbc.com,2016-03-01,0,0,0,0,0,0,0,0,0,0,0,1,0,0,0,0,0,0,0,4,0,5,0,0,0,0,0,0,0,0,0,0,0
Hungary,bbc.com,2016-04-01,0,0,0,0,0,0,0,0,0,0,0,0,0,0,0,0,0,0,0,1,0,1,0,0,0,0,0,0,0,0,0,0,0
Hungary,bbc.com,2016-05-01,0,0,0,1,0,0,0,0,0,0,0,0,0,0,0,0,0,0,0,5,0,6,0,0,0,0,0,0,0,0,0,0,0
Hungary,bbc.com,2016-06-01,0,0,0,0,0,0,0,0,0,0,0,0,0,0,1,0,0,0,0,8,0,9,0,0,0,0,0,0,0,0,0,0,0
Hungary,bbc.com,2016-07-01,0,0,0,0,0,3,0,0,0,0,0,0,0,0,4,1,0,0,0,5,0,13,0,0,0,0,0,0,0,0,0,0,0
Hungary,bbc.com,2016-08-01,0,0,0,0,0,0,0,0,0,0,0,0,0,0,1,0,0,0,0,8,0,9,0,0,0,0,0,0,0,0,0,0,0
Hungary,bbc.com,2016-09-01,0,2,1,0,0,0,0,0,0,1,0,0,0,0,0,0,0,0,0,18,0,24,0,0,0,0,1,0,0,0,1,0,0
Hungary,bbc.com,2016-10-01,0,0,0,0,2,2,1,0,0,0,0,0,0,0,1,0,0,0,0,11,0,17,0,0,0,0,0,0,0,0,0,0,0
Hungary,bbc.com,2016-11-01,0,0,0,0,0,0,0,0,0,0,0,0,0,0,0,0,0,0,0,4,0,4,0,0,0,0,0,0,0,0,0,0,0
Hungary,bbc.com,2016-12-01,0,0,0,0,0,0,0,0,0,0,0,0,0,0,0,0,0,0,1,5,0,6,0,0,0,0,0,0,0,0,0,0,0
Hungary,bbc.com,2017-01-01,0,0,0,0,0,0,0,0,0,0,0,0,0,0,0,0,0,0,0,8,0,8,0,0,0,0,0,0,0,0,0,0,0
Hungary,bbc.com,2017-02-01,0,0,0,0,0,0,0,0,0,1,0,1,0,0,0,0,0,0,0,9,0,11,0,0,0,0,0,0,0,0,0,0,0
Hungary,bbc.com,2017-03-01,2,0,0,0,0,0,0,0,0,0,0,0,0,0,0,1,0,0,0,7,0,10,0,0,0,0,0,0,0,0,0,0,0
Hungary,bbc.com,2017-04-01,0,4,0,0,0,0,0,0,0,0,0,0,0,0,4,0,0,0,0,8,0,17,1,0,0,0,0,0,0,0,0,0,0
Hungary,bbc.com,2017-05-01,0,1,0,0,0,0,0,0,0,0,0,0,0,0,1,0,0,0,0,11,0,13,0,0,0,0,0,0,0,0,0,0,0
Hungary,bbc.com,2017-06-01,0,0,0,0,0,0,0,0,0,0,0,0,0,0,1,0,0,0,0,7,0,9,0,0,0,0,0,0,0,0,0,0,1
Hungary,bbc.com,2017-07-01,0,0,0,0,0,0,0,0,0,0,0,0,0,0,1,0,0,0,0,10,0,11,0,0,0,0,0,0,0,0,0,0,0
Hungary,bbc.com,2017-08-01,0,0,0,0,0,0,0,0,0,0,0,0,0,0,0,0,0,0,0,6,0,6,0,0,0,0,0,0,0,0,0,0,0
Hungary,bbc.com,2017-09-01,0,0,0,0,0,0,0,0,0,0,0,0,0,0,2,0,0,0,0,12,0,15,0,0,0,0,0,1,0,0,0,0,0
Hungary,bbc.com,2017-10-01,0,1,0,0,0,0,0,0,0,0,0,0,0,0,1,0,0,1,0,7,0,11,0,1,0,0,0,0,0,0,0,0,0
Hungary,bbc.com,2017-11-01,0,0,0,0,0,0,0,0,0,0,0,0,0,0,0,0,0,0,0,5,0,5,0,0,0,0,0,0,0,0,0,0,0
Hungary,bbc.com,2017-12-01,0,0,4,0,0,0,0,0,0,0,0,0,0,0,0,0,0,0,0,1,0,5,0,0,0,0,0,0,0,0,0,0,0
Hungary,bbc.com,2018-01-01,0,0,0,0,0,0,0,0,0,0,0,0,0,0,2,0,0,0,0,11,0,13,0,0,0,0,0,0,0,0,0,0,0
Hungary,bbc.com,2018-02-01,0,0,0,0,0,1,0,0,0,0,0,0,0,0,0,0,0,0,0,8,0,9,0,0,0,0,0,0,0,0,0,0,0
Hungary,bbc.com,2018-03-01,0,0,0,0,0,0,0,0,0,0,0,0,0,0,0,0,0,0,0,7,0,7,0,0,0,0,0,0,0,0,0,0,0
Hungary,bbc.com,2018-04-01,0,1,1,0,0,5,0,0,0,0,0,0,0,0,0,0,0,0,0,8,0,15,0,0,0,0,0,0,0,0,0,0,0
Hungary,bbc.com,2018-05-01,0,0,0,3,0,0,0,0,0,0,0,0,0,0,1,0,0,0,0,7,0,14,0,0,0,0,1,1,0,0,1,0,0
Hungary,bbc.com,2018-06-01,0,0,0,0,0,2,0,0,0,0,0,0,0,1,1,0,1,0,0,3,0,9,1,0,0,0,0,1,0,0,0,0,0
Hungary,bbc.com,2018-07-01,0,0,1,0,0,0,0,0,0,0,0,0,0,0,0,0,1,0,0,4,0,6,0,0,0,0,0,0,0,0,0,0,0
Hungary,bbc.com,2018-08-01,0,0,0,0,0,0,0,0,0,0,0,0,0,0,0,0,0,0,0,6,0,6,0,0,0,0,0,0,0,0,0,0,0
Hungary,bbc.com,2018-09-01,0,0,0,0,0,0,0,0,0,0,0,0,0,0,3,0,0,3,0,8,0,15,0,0,1,0,0,0,0,0,0,0,0
Hungary,bbc.com,2018-10-01,0,0,0,0,0,0,0,0,0,0,0,0,0,0,0,0,1,0,0,12,0,14,0,0,0,0,0,1,0,0,0,0,0
Hungary,bbc.com,2018-11-01,0,0,0,0,0,0,0,0,0,0,0,0,0,0,0,0,0,0,0,2,0,2,0,0,0,0,0,0,0,0,0,0,0
Hungary,bbc.com,2018-12-01,0,5,0,0,0,0,0,1,0,0,0,0,0,0,2,0,1,0,0,4,0,13,0,0,0,0,0,0,0,0,0,0,0
Hungary,bbc.com,2019-01-01,0,0,0,0,0,0,0,0,0,0,0,0,0,0,0,0,0,0,0,3,0,4,1,0,0,0,0,0,0,0,0,0,0
Hungary,bbc.com,2019-02-01,0,0,0,0,0,0,0,0,0,0,0,0,0,0,0,0,0,0,0,8,0,9,1,0,0,0,0,0,0,0,0,0,0
Hungary,bbc.com,2019-03-01,0,0,0,0,0,1,0,0,0,0,0,0,0,0,0,0,0,0,0,10,0,11,0,0,0,0,0,0,0,0,0,0,0
Hungary,bbc.com,2019-04-01,0,0,0,0,0,1,0,0,0,0,0,0,0,1,1,0,0,0,0,5,0,9,0,0,0,0,0,0,1,0,0,0,0
Hungary,bbc.com,2019-05-01,1,0,0,4,0,0,0,0,0,0,0,0,0,0,0,0,0,0,0,6,0,13,2,0,0,0,0,0,0,0,0,0,0
Hungary,bbc.com,2019-06-01,0,0,0,5,0,0,0,0,0,0,0,0,0,0,0,0,0,0,0,7,0,13,0,0,0,0,1,0,0,0,0,0,0
Hungary,bbc.com,2019-07-01,0,0,0,0,0,0,0,0,0,0,0,0,0,0,0,0,0,0,0,1,0,1,0,0,0,0,0,0,0,0,0,0,0
Hungary,bbc.com,2019-08-01,0,0,0,0,0,0,0,0,0,0,0,0,0,0,0,0,0,0,0,6,0,6,0,0,0,0,0,0,0,0,0,0,0
Hungary,bbc.com,2019-09-01,0,0,0,0,0,0,0,0,0,0,0,0,0,0,0,0,0,0,0,3,0,3,0,0,0,0,0,0,0,0,0,0,0
Hungary,bbc.com,2019-10-01,0,0,0,0,0,2,0,0,0,0,0,0,0,0,0,0,0,0,0,0,0,2,0,0,0,0,0,0,0,0,0,0,0
Hungary,bbc.com,2019-11-01,0,0,0,0,0,0,0,0,0,0,0,0,0,0,0,0,0,0,0,4,0,4,0,0,0,0,0,0,0,0,0,0,0
Hungary,bbc.com,2019-12-01,0,0,0,0,0,0,0,0,0,0,0,0,0,0,0,0,0,0,0,4,0,4,0,0,0,0,0,0,0,0,0,0,0
Hungary,bbc.com,2020-01-01,0,0,0,0,0,0,0,0,0,0,0,0,0,0,0,0,0,0,0,4,0,4,0,0,0,0,0,0,0,0,0,0,0
Hungary,bbc.com,2020-02-01,0,0,0,1,0,0,0,0,0,0,0,0,0,0,0,0,0,0,0,2,0,3,0,0,0,0,0,0,0,0,0,0,0
Hungary,bbc.com,2020-03-01,0,0,0,1,0,0,0,0,0,0,0,0,0,0,1,0,0,0,0,2,0,4,0,0,0,0,0,0,0,0,0,0,0
Hungary,bbc.com,2020-04-01,0,0,2,2,0,0,0,0,0,0,0,0,0,0,0,0,0,0,0,4,0,8,0,0,0,0,0,0,0,0,0,0,0
Hungary,bbc.com,2020-05-01,0,0,1,0,0,0,0,0,0,0,0,0,0,0,0,0,0,0,0,1,0,5,0,0,0,0,0,3,0,0,0,0,0
Hungary,bbc.com,2020-06-01,0,0,0,0,0,0,0,0,0,0,0,0,0,0,3,0,0,0,0,1,0,4,0,0,0,0,0,0,0,0,0,0,0
Hungary,bbc.com,2020-07-01,0,0,0,0,1,0,0,0,0,0,0,0,0,0,0,0,0,0,0,5,0,6,0,0,0,0,0,0,0,0,0,0,0
Hungary,bbc.com,2020-08-01,0,0,0,0,0,0,0,0,0,0,0,0,0,0,0,0,0,0,0,1,0,1,0,0,0,0,0,0,0,0,0,0,0
Hungary,bbc.com,2020-09-01,0,1,0,1,0,0,0,0,0,0,0,0,0,0,0,0,0,0,0,5,0,8,0,0,0,0,1,0,0,0,0,0,0
Hungary,bbc.com,2020-10-01,0,0,0,1,0,0,0,0,0,0,0,0,0,0,0,0,0,0,0,1,0,2,0,0,0,0,0,0,0,0,0,0,0
Hungary,bbc.com,2020-11-01,0,0,0,1,0,0,0,0,1,0,0,0,0,0,2,0,0,0,0,2,0,6,0,0,0,0,0,0,0,0,0,0,0
Hungary,bbc.com,2020-12-01,0,0,0,0,0,0,0,0,0,0,2,0,0,0,0,0,1,0,0,6,0,9,0,0,0,0,0,0,0,0,0,0,0
Hungary,bbc.com,2021-01-01,0,0,0,0,0,0,0,0,0,0,0,0,1,0,0,0,0,0,0,6,0,8,1,0,0,0,0,0,0,0,0,0,0
Hungary,bbc.com,2021-02-01,0,0,0,1,0,0,0,0,0,0,0,0,1,0,0,0,0,0,0,4,0,6,0,0,0,0,0,0,0,0,0,0,0
Hungary,bbc.com,2021-03-01,0,0,0,1,0,0,0,0,0,0,0,0,0,0,0,0,0,0,0,2,0,3,0,0,0,0,0,0,0,0,0,0,0
Hungary,bbc.com,2021-04-01,0,0,0,0,0,0,0,0,0,0,0,0,0,0,0,0,0,0,0,2,0,2,0,0,0,0,0,0,0,0,0,0,0
Hungary,bbc.com,2021-05-01,0,0,0,0,0,0,0,0,0,0,0,0,0,0,0,0,0,0,0,1,0,1,0,0,0,0,0,0,0,0,0,0,0
Hungary,bbc.com,2021-06-01,0,7,0,0,1,0,0,0,0,0,0,0,0,0,2,0,0,0,0,4,0,16,0,0,0,0,0,2,0,0,0,0,0
Hungary,bbc.com,2021-07-01,0,0,0,0,0,1,0,1,0,0,0,0,0,0,2,0,0,0,0,4,0,8,0,0,0,0,0,0,0,0,0,0,0
Hungary,bbc.com,2021-08-01,0,0,0,0,0,0,0,0,0,0,0,0,0,0,0,0,0,0,0,0,0,0,0,0,0,0,0,0,0,0,0,0,0
Hungary,bbc.com,2021-09-01,0,0,1,0,0,0,0,0,0,0,0,0,0,0,0,0,0,1,0,7,0,9,0,0,0,0,0,0,0,0,0,0,0
Hungary,bbc.com,2021-10-01,0,0,0,0,0,1,0,0,0,0,0,0,0,0,0,0,0,0,0,6,0,7,0,0,0,0,0,0,0,0,0,0,0
Hungary,bbc.com,2021-11-01,0,0,0,0,0,0,0,0,0,0,0,0,0,0,0,0,0,0,0,4,0,4,0,0,0,0,0,0,0,0,0,0,0
Hungary,bbc.com,2021-12-01,0,0,0,0,0,0,0,0,0,0,0,0,0,0,1,0,0,0,0,3,0,4,0,0,0,0,0,0,0,0,0,0,0
Hungary,bbc.com,2022-01-01,0,0,0,0,0,0,0,0,0,0,0,0,0,0,0,0,0,0,0,1,0,2,0,0,0,0,0,1,0,0,0,0,0
Hungary,bbc.com,2022-02-01,0,0,0,0,0,0,0,0,0,0,0,0,0,0,0,0,0,0,0,7,0,8,0,0,0,0,1,0,0,0,0,0,0
Hungary,bbc.com,2022-03-01,0,0,0,0,0,0,0,1,0,0,0,1,0,0,0,1,0,0,0,13,0,16,0,0,0,0,0,0,0,0,0,0,0
Hungary,bbc.com,2022-04-01,0,0,0,0,0,8,0,0,0,0,0,0,0,0,0,0,0,0,0,7,0,15,0,0,0,0,0,0,0,0,0,0,0
Hungary,bbc.com,2022-05-01,0,0,0,0,0,0,0,0,0,0,0,0,0,0,0,0,0,0,0,4,0,4,0,0,0,0,0,0,0,0,0,0,0
Hungary,bbc.com,2022-06-01,0,0,0,0,0,0,0,0,0,0,0,0,0,0,0,0,0,0,0,2,0,2,0,0,0,0,0,0,0,0,0,0,0
Hungary,bbc.com,2022-07-01,0,0,0,0,0,0,0,0,0,0,0,0,0,0,0,0,3,0,0,2,0,5,0,0,0,0,0,0,0,0,0,0,0
Hungary,bbc.com,2022-08-01,0,0,0,2,0,0,0,0,0,0,0,0,0,0,0,0,1,0,0,6,0,10,0,0,0,0,0,0,1,0,0,0,0
Hungary,bbc.com,2022-09-01,0,0,0,0,0,0,0,0,0,0,0,0,0,0,1,0,0,0,0,3,0,4,0,0,0,0,0,0,0,0,0,0,0
Hungary,bbc.com,2022-10-01,0,0,0,0,0,0,0,0,0,0,0,0,0,0,0,0,0,0,0,1,0,1,0,0,0,0,0,0,0,0,0,0,0
Hungary,bbc.com,2022-11-01,0,0,0,0,0,0,0,0,0,0,0,0,0,0,1,0,0,0,0,6,0,7,0,0,0,0,0,0,0,0,0,0,0
Hungary,bbc.com,2022-12-01,0,0,0,0,0,0,0,0,0,0,0,0,0,0,0,0,0,0,0,3,0,3,0,0,0,0,0,0,0,0,0,0,0
Hungary,bbc.com,2023-01-01,0,0,0,0,0,0,0,0,0,0,0,0,0,0,0,0,0,0,0,0,0,1,0,0,0,0,0,0,0,0,0,1,0
Hungary,bbc.com,2023-02-01,0,0,0,0,0,0,0,0,0,0,0,0,0,0,0,0,0,0,0,1,0,1,0,0,0,0,0,0,0,0,0,0,0
Hungary,bbc.com,2023-03-01,0,0,0,0,0,0,0,0,0,0,0,0,0,0,0,0,0,0,0,0,0,0,0,0,0,0,0,0,0,0,0,0,0
Hungary,bbc.com,2023-04-01,0,0,0,0,0,0,0,0,0,0,0,1,0,0,0,0,0,0,0,5,0,7,0,0,0,0,0,1,0,0,0,0,0
Hungary,bbc.com,2023-05-01,0,0,0,0,0,0,0,0,0,0,0,0,0,0,0,0,0,0,0,1,0,1,0,0,0,0,0,0,0,0,0,0,0
Hungary,bbc.com,2023-06-01,0,0,0,0,0,0,0,0,0,0,0,0,0,0,0,0,0,0,0,5,0,5,0,0,0,0,0,0,0,0,0,0,0
Hungary,bbc.com,2023-07-01,0,0,0,0,0,0,0,0,0,0,0,0,0,0,0,0,0,0,0,4,0,4,0,0,0,0,0,0,0,0,0,0,0
Hungary,bbc.com,2023-08-01,0,0,0,0,0,0,0,0,0,0,0,0,1,0,0,0,0,0,0,3,0,4,0,0,0,0,0,0,0,0,0,0,0
Hungary,bbc.com,2023-09-01,0,0,0,0,0,0,0,0,0,0,0,0,0,0,0,0,0,0,0,5,0,5,0,0,0,0,0,0,0,0,0,0,0
Hungary,bbc.com,2023-10-01,0,0,0,0,0,0,0,0,0,0,0,0,0,0,0,0,0,0,0,2,0,2,0,0,0,0,0,0,0,0,0,0,0
Hungary,bbc.com,2023-11-01,0,0,0,0,0,0,0,0,0,0,0,0,0,0,0,0,0,0,0,5,0,5,0,0,0,0,0,0,0,0,0,0,0
Hungary,bbc.com,2023-12-01,0,0,0,0,0,0,0,0,0,0,0,0,0,0,0,0,0,0,0,8,0,8,0,0,0,0,0,0,0,0,0,0,0
Hungary,bbc.com,2024-01-01,0,0,1,0,0,0,0,0,0,0,0,0,0,0,0,0,0,0,0,6,0,8,0,0,0,0,1,0,0,0,0,0,0
Hungary,bbc.com,2024-02-01,0,0,1,0,0,0,0,0,0,0,0,0,0,2,0,0,2,0,0,4,0,8,0,0,0,0,0,0,0,0,0,0,0
Hungary,bbc.com,2024-03-01,0,0,0,0,0,0,0,0,0,0,0,0,0,0,0,0,0,0,0,0,0,0,0,0,0,0,0,0,0,0,0,0,0
Hungary,bbc.com,2024-04-01,0,0,0,0,0,1,0,0,0,0,0,0,0,0,0,0,0,0,0,2,0,3,0,0,0,0,0,0,0,0,0,0,0
Hungary,bbc.com,2024-05-01,0,2,0,0,0,0,0,0,0,0,0,0,0,0,0,0,0,0,0,6,0,8,0,0,0,0,0,0,0,0,0,0,0
Hungary,bbc.com,2024-06-01,0,0,2,1,0,1,0,0,0,0,0,0,0,0,0,0,0,0,0,1,0,5,0,0,0,0,0,0,0,0,0,0,0
Hungary,bbc.com,2024-07-01,0,0,0,0,0,0,0,0,0,1,0,0,0,0,0,0,0,0,0,2,0,3,0,0,0,0,0,0,0,0,0,0,0
Hungary,bbc.com,2024-08-01,0,0,0,0,0,0,0,0,0,0,0,0,0,0,3,0,0,0,0,2,0,5,0,0,0,0,0,0,0,0,0,0,0
Hungary,bbc.com,2024-09-01,0,0,0,3,0,0,0,0,0,0,0,0,0,0,0,0,0,0,0,1,0,5,0,0,0,0,0,0,0,0,0,1,0
Hungary,bbc.com,2024-10-01,0,0,0,0,0,0,0,0,0,0,0,0,0,0,0,0,0,0,0,0,0,0,0,0,0,0,0,0,0,0,0,0,0
Hungary,bbc.com,2024-11-01,0,0,0,0,0,0,0,0,0,0,0,0,0,0,0,0,0,0,0,0,0,0,0,0,0,0,0,0,0,0,0,0,0
Hungary,bbc.com,2024-12-01,0,0,0,0,0,0,0,0,0,0,0,0,0,0,0,0,0,0,0,2,0,2,0,0,0,0,0,0,0,0,0,0,0
Hungary,bbc.com,2025-01-01,0,0,0,0,0,0,0,0,0,0,0,0,0,0,0,0,0,0,0,0,0,0,0,0,0,0,0,0,0,0,0,0,0
Hungary,bbc.com,2025-02-01,0,0,0,0,0,0,0,0,0,0,0,0,0,0,0,0,0,0,0,0,0,0,0,0,0,0,0,0,0,0,0,0,0
Hungary,bbc.com,2025-03-01,0,0,0,0,0,0,0,0,0,0,0,0,0,0,0,0,0,0,0,0,0,1,0,0,0,0,0,1,0,0,0,0,0
Hungary,bbc.com,2025-04-01,0,0,0,0,0,0,0,0,0,0,0,0,0,0,0,0,0,0,0,0,0,0,0,0,0,0,0,0,0,0,0,0,0
Hungary,bbc.com,2025-05-01,0,0,0,0,0,0,0,0,0,0,0,0,0,0,0,0,0,0,0,0,0,0,0,0,0,0,0,0,0,0,0,0,0
Hungary,bbc.com,2025-06-01,0,0,0,0,0,0,0,0,0,0,0,0,0,0,0,0,0,0,0,0,0,0,0,0,0,0,0,0,0,0,0,0,0
Hungary,csmonitor.com,2012-01-01,0,0,0,0,0,0,0,0,0,0,0,0,0,0,1,0,0,0,0,2,0,3,0,0,0,0,0,0,0,0,0,0,0
Hungary,csmonitor.com,2012-02-01,0,1,0,0,0,0,0,0,0,0,0,0,0,0,0,0,0,0,0,0,0,1,0,0,0,0,0,0,0,0,0,0,0
Hungary,csmonitor.com,2012-03-01,0,0,0,0,0,0,0,0,0,0,0,0,0,0,0,0,0,0,0,0,0,0,0,0,0,0,0,0,0,0,0,0,0
Hungary,csmonitor.com,2012-04-01,0,0,0,0,0,0,0,0,0,0,0,0,0,0,0,0,0,0,0,0,0,0,0,0,0,0,0,0,0,0,0,0,0
Hungary,csmonitor.com,2012-05-01,0,0,0,0,0,0,0,0,0,0,0,0,0,0,0,0,0,0,0,0,0,0,0,0,0,0,0,0,0,0,0,0,0
Hungary,csmonitor.com,2012-06-01,0,0,0,0,0,0,0,0,0,0,0,0,0,0,0,0,0,0,0,0,0,0,0,0,0,0,0,0,0,0,0,0,0
Hungary,csmonitor.com,2012-07-01,0,0,0,0,0,0,0,0,0,0,1,0,0,0,0,0,0,0,0,0,0,1,0,0,0,0,0,0,0,0,0,0,0
Hungary,csmonitor.com,2012-08-01,0,0,0,0,0,0,0,0,0,0,0,0,0,0,0,0,0,0,0,0,0,0,0,0,0,0,0,0,0,0,0,0,0
Hungary,csmonitor.com,2012-09-01,0,0,0,0,0,0,0,0,0,0,0,0,0,0,0,0,0,0,0,0,0,0,0,0,0,0,0,0,0,0,0,0,0
Hungary,csmonitor.com,2012-10-01,0,0,0,0,0,0,0,0,0,0,0,0,0,0,0,0,0,0,0,1,0,1,0,0,0,0,0,0,0,0,0,0,0
Hungary,csmonitor.com,2012-11-01,0,0,0,0,0,0,0,0,0,0,0,0,0,0,0,0,0,0,0,1,0,1,0,0,0,0,0,0,0,0,0,0,0
Hungary,csmonitor.com,2012-12-01,0,0,0,0,0,0,0,0,0,0,0,0,0,0,0,0,0,0,0,0,0,0,0,0,0,0,0,0,0,0,0,0,0
Hungary,csmonitor.com,2013-01-01,0,0,0,0,0,0,0,0,0,0,0,0,0,0,0,0,0,0,0,0,0,0,0,0,0,0,0,0,0,0,0,0,0
Hungary,csmonitor.com,2013-02-01,0,0,0,1,0,0,0,0,0,0,0,0,0,0,0,0,0,0,0,2,0,3,0,0,0,0,0,0,0,0,0,0,0
Hungary,csmonitor.com,2013-03-01,0,0,0,0,0,0,0,0,0,0,0,0,0,0,0,0,0,0,0,1,0,1,0,0,0,0,0,0,0,0,0,0,0
Hungary,csmonitor.com,2013-04-01,0,0,0,0,0,0,0,0,0,0,0,1,0,0,0,0,0,0,0,0,0,1,0,0,0,0,0,0,0,0,0,0,0
Hungary,csmonitor.com,2013-05-01,0,0,0,0,0,0,0,0,0,0,0,0,0,0,0,0,0,0,0,1,0,1,0,0,0,0,0,0,0,0,0,0,0
Hungary,csmonitor.com,2013-06-01,0,0,0,0,0,0,0,0,0,0,0,0,0,0,1,0,0,0,0,0,0,1,0,0,0,0,0,0,0,0,0,0,0
Hungary,csmonitor.com,2013-07-01,0,0,0,0,0,0,0,0,0,0,0,0,0,0,0,0,0,0,0,0,0,0,0,0,0,0,0,0,0,0,0,0,0
Hungary,csmonitor.com,2013-08-01,0,0,0,0,0,0,0,0,0,0,0,0,0,0,0,0,0,0,0,1,0,1,0,0,0,0,0,0,0,0,0,0,0
Hungary,csmonitor.com,2013-09-01,0,0,0,0,0,1,0,0,0,0,0,0,0,0,0,0,0,0,0,0,0,1,0,0,0,0,0,0,0,0,0,0,0
Hungary,csmonitor.com,2013-10-01,0,0,0,0,0,0,0,0,0,0,0,0,0,0,0,0,0,0,0,0,0,0,0,0,0,0,0,0,0,0,0,0,0
Hungary,csmonitor.com,2013-11-01,0,0,0,0,0,0,0,0,0,0,0,0,0,0,0,0,0,0,0,0,0,0,0,0,0,0,0,0,0,0,0,0,0
Hungary,csmonitor.com,2013-12-01,0,0,0,0,0,0,0,0,0,0,0,0,0,0,0,0,0,0,1,1,0,2,0,0,0,0,0,0,0,0,0,0,0
Hungary,csmonitor.com,2014-01-01,0,0,0,0,0,0,0,0,0,0,0,0,0,0,0,0,0,0,0,0,0,0,0,0,0,0,0,0,0,0,0,0,0
Hungary,csmonitor.com,2014-02-01,0,0,0,0,0,0,0,0,0,0,0,0,0,0,0,0,0,0,0,1,0,1,0,0,0,0,0,0,0,0,0,0,0
Hungary,csmonitor.com,2014-03-01,0,0,0,0,0,0,0,0,0,0,0,0,0,0,0,0,0,0,0,0,0,0,0,0,0,0,0,0,0,0,0,0,0
Hungary,csmonitor.com,2014-04-01,0,0,0,0,0,1,0,0,0,0,0,0,0,0,0,0,0,0,0,1,0,2,0,0,0,0,0,0,0,0,0,0,0
Hungary,csmonitor.com,2014-05-01,0,0,0,0,0,0,0,0,0,0,0,0,0,0,0,0,0,0,0,0,0,0,0,0,0,0,0,0,0,0,0,0,0
Hungary,csmonitor.com,2014-06-01,0,0,0,0,0,0,0,0,0,0,0,0,0,0,0,0,0,0,0,0,0,0,0,0,0,0,0,0,0,0,0,0,0
Hungary,csmonitor.com,2014-07-01,0,0,0,0,0,0,0,0,0,0,0,0,0,0,0,0,0,0,0,2,0,2,0,0,0,0,0,0,0,0,0,0,0
Hungary,csmonitor.com,2014-08-01,0,0,0,0,0,0,0,0,0,0,0,0,0,0,0,0,0,0,0,0,0,0,0,0,0,0,0,0,0,0,0,0,0
Hungary,csmonitor.com,2014-09-01,0,0,0,0,0,0,0,0,0,0,0,0,0,0,0,0,0,0,0,0,0,0,0,0,0,0,0,0,0,0,0,0,0
Hungary,csmonitor.com,2014-10-01,0,0,0,0,0,0,0,0,0,0,0,0,0,0,0,0,0,0,0,1,0,1,0,0,0,0,0,0,0,0,0,0,0
Hungary,csmonitor.com,2014-11-01,0,0,0,0,0,0,0,0,0,0,0,0,0,0,0,0,0,0,0,0,0,0,0,0,0,0,0,0,0,0,0,0,0
Hungary,csmonitor.com,2014-12-01,0,0,0,0,0,0,0,0,0,0,0,0,0,0,0,0,0,0,0,0,0,0,0,0,0,0,0,0,0,0,0,0,0
Hungary,csmonitor.com,2015-01-01,0,0,0,0,0,0,0,0,0,0,0,0,0,0,0,0,0,0,0,1,0,1,0,0,0,0,0,0,0,0,0,0,0
Hungary,csmonitor.com,2015-02-01,0,0,0,0,0,0,0,0,0,0,0,0,0,0,0,0,0,0,0,0,0,0,0,0,0,0,0,0,0,0,0,0,0
Hungary,csmonitor.com,2015-03-01,0,0,0,0,0,0,0,0,0,0,0,0,0,0,0,0,0,0,0,0,0,0,0,0,0,0,0,0,0,0,0,0,0
Hungary,csmonitor.com,2015-04-01,0,0,0,0,0,0,0,0,0,0,0,0,0,0,0,0,0,0,0,1,0,1,0,0,0,0,0,0,0,0,0,0,0
Hungary,csmonitor.com,2015-05-01,0,0,0,0,0,0,0,0,0,0,0,0,0,0,0,0,0,0,0,3,0,3,0,0,0,0,0,0,0,0,0,0,0
Hungary,csmonitor.com,2015-06-01,0,0,0,0,0,0,0,0,0,0,0,0,0,0,0,0,0,0,0,0,0,0,0,0,0,0,0,0,0,0,0,0,0
Hungary,csmonitor.com,2015-07-01,0,0,0,0,0,0,0,0,0,0,0,0,0,0,0,0,0,0,0,2,0,2,0,0,0,0,0,0,0,0,0,0,0
Hungary,csmonitor.com,2015-08-01,0,0,0,0,0,0,0,0,0,0,0,0,0,0,0,0,0,0,0,5,0,7,1,0,0,0,0,0,0,0,0,1,0
Hungary,csmonitor.com,2015-09-01,0,1,0,1,0,0,0,1,0,0,0,2,0,0,2,1,0,0,0,18,0,28,0,0,0,0,0,2,0,0,0,0,0
Hungary,csmonitor.com,2015-10-01,0,0,0,0,0,0,0,0,0,0,0,0,0,0,0,0,0,0,0,2,0,2,0,0,0,0,0,0,0,0,0,0,0
Hungary,csmonitor.com,2015-11-01,0,0,0,0,0,0,0,0,0,0,0,0,0,0,0,0,0,0,0,1,0,1,0,0,0,0,0,0,0,0,0,0,0
Hungary,csmonitor.com,2015-12-01,0,0,0,0,0,0,0,0,0,0,0,0,0,0,0,0,0,0,0,0,0,0,0,0,0,0,0,0,0,0,0,0,0
Hungary,csmonitor.com,2016-01-01,0,1,0,0,0,0,0,0,0,0,0,0,0,0,0,0,0,0,0,0,0,1,0,0,0,0,0,0,0,0,0,0,0
Hungary,csmonitor.com,2016-02-01,0,0,0,0,0,0,0,0,0,0,0,0,0,0,0,0,0,0,0,2,0,2,0,0,0,0,0,0,0,0,0,0,0
Hungary,csmonitor.com,2016-03-01,0,0,0,0,0,0,0,0,0,0,0,0,0,0,0,0,0,0,0,0,0,0,0,0,0,0,0,0,0,0,0,0,0
Hungary,csmonitor.com,2016-04-01,0,0,0,0,0,0,0,0,0,0,0,0,0,0,0,0,0,0,0,1,0,1,0,0,0,0,0,0,0,0,0,0,0
Hungary,csmonitor.com,2016-05-01,0,0,0,0,0,0,0,0,0,0,0,0,0,0,0,0,0,1,0,0,0,1,0,0,0,0,0,0,0,0,0,0,0
Hungary,csmonitor.com,2016-06-01,0,0,0,0,0,0,0,0,0,0,0,0,0,0,0,0,0,0,0,0,0,0,0,0,0,0,0,0,0,0,0,0,0
Hungary,csmonitor.com,2016-07-01,0,0,0,0,0,0,0,0,0,0,0,0,0,0,0,0,0,0,0,1,0,1,0,0,0,0,0,0,0,0,0,0,0
Hungary,csmonitor.com,2016-08-01,0,0,0,0,0,1,0,0,0,0,0,0,0,0,0,0,0,0,0,0,0,1,0,0,0,0,0,0,0,0,0,0,0
Hungary,csmonitor.com,2016-09-01,0,0,0,0,0,0,0,0,0,0,0,0,0,0,0,0,0,0,0,2,0,2,0,0,0,0,0,0,0,0,0,0,0
Hungary,csmonitor.com,2016-10-01,0,1,0,0,0,1,0,0,0,0,0,0,0,0,1,0,0,0,0,0,0,3,0,0,0,0,0,0,0,0,0,0,0
Hungary,csmonitor.com,2016-11-01,0,0,0,0,0,0,0,0,0,0,0,0,0,0,1,0,0,0,0,0,0,1,0,0,0,0,0,0,0,0,0,0,0
Hungary,csmonitor.com,2016-12-01,0,0,0,0,0,0,0,0,0,0,0,0,0,0,0,0,0,0,0,0,0,0,0,0,0,0,0,0,0,0,0,0,0
Hungary,csmonitor.com,2017-01-01,0,0,0,0,0,0,0,0,0,0,0,0,0,0,0,0,0,0,0,0,0,0,0,0,0,0,0,0,0,0,0,0,0
Hungary,csmonitor.com,2017-02-01,0,0,0,0,0,0,0,0,0,0,0,0,0,0,0,0,0,0,0,0,0,0,0,0,0,0,0,0,0,0,0,0,0
Hungary,csmonitor.com,2017-03-01,0,0,0,0,0,0,0,0,0,0,0,0,0,0,0,0,0,0,0,1,0,1,0,0,0,0,0,0,0,0,0,0,0
Hungary,csmonitor.com,2017-04-01,0,0,0,0,0,0,0,0,0,0,0,0,0,0,0,0,0,1,0,0,0,1,0,0,0,0,0,0,0,0,0,0,0
Hungary,csmonitor.com,2017-05-01,0,0,0,0,0,0,0,0,0,0,0,0,0,0,0,0,0,0,0,1,0,1,0,0,0,0,0,0,0,0,0,0,0
Hungary,csmonitor.com,2017-06-01,0,0,0,0,1,0,0,0,0,0,0,0,0,0,0,0,0,0,0,0,0,1,0,0,0,0,0,0,0,0,0,0,0
Hungary,csmonitor.com,2017-07-01,0,0,0,0,0,0,0,0,0,0,0,0,0,0,0,0,0,0,0,0,0,0,0,0,0,0,0,0,0,0,0,0,0
Hungary,csmonitor.com,2017-08-01,0,0,0,0,0,0,0,0,0,0,0,0,0,0,0,0,0,0,0,1,0,1,0,0,0,0,0,0,0,0,0,0,0
Hungary,csmonitor.com,2017-09-01,0,0,0,0,0,0,0,0,0,0,0,0,0,0,0,0,0,0,0,0,0,0,0,0,0,0,0,0,0,0,0,0,0
Hungary,csmonitor.com,2017-10-01,0,0,0,0,0,0,0,0,0,0,0,0,0,0,0,0,0,0,0,0,0,0,0,0,0,0,0,0,0,0,0,0,0
Hungary,csmonitor.com,2017-11-01,0,1,0,0,0,0,0,0,0,0,0,0,0,0,0,0,0,0,0,0,0,1,0,0,0,0,0,0,0,0,0,0,0
Hungary,csmonitor.com,2017-12-01,0,0,0,0,0,0,0,0,0,0,0,0,0,0,0,0,0,0,0,0,0,0,0,0,0,0,0,0,0,0,0,0,0
Hungary,csmonitor.com,2018-01-01,0,0,0,0,0,0,0,0,0,0,0,0,0,0,0,0,0,0,0,1,0,1,0,0,0,0,0,0,0,0,0,0,0
Hungary,csmonitor.com,2018-02-01,0,0,0,0,0,0,0,0,0,0,0,0,0,0,0,0,0,0,0,1,0,1,0,0,0,0,0,0,0,0,0,0,0
Hungary,csmonitor.com,2018-03-01,0,0,0,0,0,0,0,0,0,0,0,0,0,0,0,0,0,0,0,0,0,0,0,0,0,0,0,0,0,0,0,0,0
Hungary,csmonitor.com,2018-04-01,0,0,0,0,1,1,0,0,0,0,0,0,0,0,0,0,0,0,0,0,0,2,0,0,0,0,0,0,0,0,0,0,0
Hungary,csmonitor.com,2018-05-01,0,0,0,0,0,0,0,0,0,0,0,0,0,0,0,0,0,0,0,1,0,1,0,0,0,0,0,0,0,0,0,0,0
Hungary,csmonitor.com,2018-06-01,0,0,0,0,0,0,0,0,0,0,0,0,0,0,0,0,0,0,0,0,0,0,0,0,0,0,0,0,0,0,0,0,0
Hungary,csmonitor.com,2018-07-01,0,0,0,0,0,0,0,0,0,0,0,0,0,0,0,0,0,0,0,0,0,0,0,0,0,0,0,0,0,0,0,0,0
Hungary,csmonitor.com,2018-08-01,0,0,0,0,0,0,0,0,0,0,0,0,0,0,0,0,0,0,0,0,0,0,0,0,0,0,0,0,0,0,0,0,0
Hungary,csmonitor.com,2018-09-01,0,0,0,0,1,0,0,0,0,0,0,0,0,0,0,0,0,0,0,1,0,2,0,0,0,0,0,0,0,0,0,0,0
Hungary,csmonitor.com,2018-10-01,0,0,0,0,0,0,0,0,0,0,0,0,0,0,0,0,0,0,0,0,0,0,0,0,0,0,0,0,0,0,0,0,0
Hungary,csmonitor.com,2018-11-01,0,0,0,0,0,0,0,0,0,0,0,0,0,0,0,0,0,0,0,0,0,0,0,0,0,0,0,0,0,0,0,0,0
Hungary,csmonitor.com,2018-12-01,0,1,0,0,0,0,0,0,0,0,0,0,0,0,0,0,0,0,0,0,0,1,0,0,0,0,0,0,0,0,0,0,0
Hungary,csmonitor.com,2019-01-01,0,0,0,0,0,0,0,0,0,0,0,0,0,0,0,0,0,0,0,0,0,0,0,0,0,0,0,0,0,0,0,0,0
Hungary,csmonitor.com,2019-02-01,0,0,0,0,0,0,0,0,0,0,0,0,0,0,0,0,0,0,0,0,0,0,0,0,0,0,0,0,0,0,0,0,0
Hungary,csmonitor.com,2019-03-01,0,0,0,0,0,0,0,0,0,0,0,0,0,0,0,0,0,0,0,1,0,1,0,0,0,0,0,0,0,0,0,0,0
Hungary,csmonitor.com,2019-04-01,0,0,0,0,0,0,0,0,0,0,0,0,0,0,0,0,0,0,0,0,0,0,0,0,0,0,0,0,0,0,0,0,0
Hungary,csmonitor.com,2019-05-01,0,0,0,1,0,1,0,0,0,0,0,0,0,0,0,0,0,0,0,0,0,2,0,0,0,0,0,0,0,0,0,0,0
Hungary,csmonitor.com,2019-06-01,0,0,0,0,0,0,0,0,0,0,0,0,0,0,0,0,0,0,0,0,0,0,0,0,0,0,0,0,0,0,0,0,0
Hungary,csmonitor.com,2019-07-01,0,0,0,0,0,0,0,0,0,0,0,0,0,0,0,0,0,0,0,1,0,1,0,0,0,0,0,0,0,0,0,0,0
Hungary,csmonitor.com,2019-08-01,0,0,0,0,0,0,0,0,0,0,0,0,0,0,0,0,0,0,0,1,0,1,0,0,0,0,0,0,0,0,0,0,0
Hungary,csmonitor.com,2019-09-01,0,0,0,0,0,0,0,0,0,0,0,0,0,0,1,0,0,0,0,0,0,1,0,0,0,0,0,0,0,0,0,0,0
Hungary,csmonitor.com,2019-10-01,0,0,0,0,0,0,0,0,0,0,0,0,0,0,0,0,0,0,0,1,0,1,0,0,0,0,0,0,0,0,0,0,0
Hungary,csmonitor.com,2019-11-01,0,0,0,0,0,0,0,0,0,0,0,0,0,0,0,0,0,0,0,0,0,0,0,0,0,0,0,0,0,0,0,0,0
Hungary,csmonitor.com,2019-12-01,0,0,0,0,0,0,0,0,0,0,0,0,0,0,0,0,0,0,0,1,0,1,0,0,0,0,0,0,0,0,0,0,0
Hungary,csmonitor.com,2020-01-01,0,0,0,0,0,0,0,0,0,0,0,0,0,0,0,0,0,0,0,1,0,1,0,0,0,0,0,0,0,0,0,0,0
Hungary,csmonitor.com,2020-02-01,0,0,0,0,0,0,0,0,0,0,0,0,0,0,0,0,0,0,0,0,0,0,0,0,0,0,0,0,0,0,0,0,0
Hungary,csmonitor.com,2020-03-01,0,0,0,0,0,0,0,0,0,0,0,0,0,0,1,0,0,0,0,0,0,1,0,0,0,0,0,0,0,0,0,0,0
Hungary,csmonitor.com,2020-04-01,0,0,0,0,0,0,0,0,0,0,0,0,0,0,0,0,0,0,0,1,0,1,0,0,0,0,0,0,0,0,0,0,0
Hungary,csmonitor.com,2020-05-01,0,0,0,0,0,0,0,0,0,0,0,0,0,0,0,0,0,0,0,0,0,0,0,0,0,0,0,0,0,0,0,0,0
Hungary,csmonitor.com,2020-06-01,0,0,0,0,0,0,0,0,0,0,0,0,0,0,0,0,0,0,0,0,0,0,0,0,0,0,0,0,0,0,0,0,0
Hungary,csmonitor.com,2020-07-01,0,0,0,0,0,0,0,0,0,0,0,0,0,0,0,0,0,0,0,0,0,0,0,0,0,0,0,0,0,0,0,0,0
Hungary,csmonitor.com,2020-08-01,0,0,0,0,0,0,0,0,0,0,0,0,0,0,0,0,0,0,0,0,0,0,0,0,0,0,0,0,0,0,0,0,0
Hungary,csmonitor.com,2020-09-01,0,0,0,0,0,0,0,0,0,0,0,0,0,0,0,0,0,0,0,0,0,1,0,0,0,0,0,1,0,0,0,0,0
Hungary,csmonitor.com,2020-10-01,0,0,0,0,0,0,0,0,0,0,0,0,0,0,0,0,0,0,0,0,0,0,0,0,0,0,0,0,0,0,0,0,0
Hungary,csmonitor.com,2020-11-01,0,0,0,0,0,0,0,0,0,0,0,0,0,0,0,0,0,0,0,0,0,0,0,0,0,0,0,0,0,0,0,0,0
Hungary,csmonitor.com,2020-12-01,0,0,0,0,0,0,0,0,0,0,0,0,0,0,0,0,0,0,0,0,0,0,0,0,0,0,0,0,0,0,0,0,0
Hungary,csmonitor.com,2021-01-01,0,0,0,0,0,0,0,0,0,0,0,0,0,0,0,0,0,0,0,0,0,0,0,0,0,0,0,0,0,0,0,0,0
Hungary,csmonitor.com,2021-02-01,0,0,0,0,0,0,0,0,0,0,0,0,0,0,0,0,0,0,0,0,0,0,0,0,0,0,0,0,0,0,0,0,0
Hungary,csmonitor.com,2021-03-01,0,0,0,0,0,0,0,0,0,0,0,0,0,0,0,0,0,0,0,0,0,0,0,0,0,0,0,0,0,0,0,0,0
Hungary,csmonitor.com,2021-04-01,0,0,0,0,0,0,0,0,0,0,0,0,0,0,0,0,0,0,0,0,0,0,0,0,0,0,0,0,0,0,0,0,0
Hungary,csmonitor.com,2021-05-01,0,0,0,0,0,0,0,0,0,0,0,0,0,0,0,0,0,0,0,0,0,0,0,0,0,0,0,0,0,0,0,0,0
Hungary,csmonitor.com,2021-06-01,0,0,0,0,0,0,0,0,0,0,0,0,0,0,1,0,0,0,0,0,0,1,0,0,0,0,0,0,0,0,0,0,0
Hungary,csmonitor.com,2021-07-01,0,0,0,0,0,0,0,0,0,0,0,0,0,0,0,0,0,0,0,0,0,0,0,0,0,0,0,0,0,0,0,0,0
Hungary,csmonitor.com,2021-08-01,0,0,0,0,0,0,0,0,0,0,0,0,0,0,0,0,0,0,0,0,0,0,0,0,0,0,0,0,0,0,0,0,0
Hungary,csmonitor.com,2021-09-01,0,0,0,0,0,0,0,0,0,0,0,0,0,0,0,0,0,0,0,0,0,0,0,0,0,0,0,0,0,0,0,0,0
Hungary,csmonitor.com,2021-10-01,0,0,0,0,0,0,0,0,0,0,0,0,0,0,0,0,0,0,0,1,0,1,0,0,0,0,0,0,0,0,0,0,0
Hungary,csmonitor.com,2021-11-01,0,0,0,0,0,0,0,0,0,0,0,0,0,0,0,0,0,0,0,1,0,1,0,0,0,0,0,0,0,0,0,0,0
Hungary,csmonitor.com,2021-12-01,0,0,0,0,0,0,0,0,0,0,0,0,0,0,0,0,0,0,0,1,0,1,0,0,0,0,0,0,0,0,0,0,0
Hungary,csmonitor.com,2022-01-01,0,0,0,0,0,0,0,0,0,0,0,0,0,0,0,0,0,0,0,0,0,0,0,0,0,0,0,0,0,0,0,0,0
Hungary,csmonitor.com,2022-02-01,0,0,0,0,0,0,0,0,0,0,0,0,0,0,0,0,0,0,0,2,0,2,0,0,0,0,0,0,0,0,0,0,0
Hungary,csmonitor.com,2022-03-01,0,0,0,0,0,0,0,0,0,0,0,0,0,0,0,0,0,0,0,1,0,1,0,0,0,0,0,0,0,0,0,0,0
Hungary,csmonitor.com,2022-04-01,0,0,0,0,0,1,0,0,0,0,1,0,0,0,0,0,0,0,0,1,0,3,0,0,0,0,0,0,0,0,0,0,0
Hungary,csmonitor.com,2022-05-01,0,0,0,0,0,0,0,0,0,0,0,0,0,0,0,0,0,0,0,0,0,0,0,0,0,0,0,0,0,0,0,0,0
Hungary,csmonitor.com,2022-06-01,0,0,0,0,0,0,0,0,0,0,0,0,0,0,1,0,0,0,0,0,0,1,0,0,0,0,0,0,0,0,0,0,0
Hungary,csmonitor.com,2022-07-01,0,0,0,0,0,0,0,0,0,0,0,0,0,0,0,0,0,0,0,0,0,0,0,0,0,0,0,0,0,0,0,0,0
Hungary,csmonitor.com,2022-08-01,0,0,0,0,0,0,0,0,0,0,0,0,0,0,0,0,0,0,0,0,0,0,0,0,0,0,0,0,0,0,0,0,0
Hungary,csmonitor.com,2022-09-01,0,0,0,0,0,1,0,0,0,0,0,0,0,0,0,0,0,0,0,0,0,1,0,0,0,0,0,0,0,0,0,0,0
Hungary,csmonitor.com,2022-10-01,0,0,0,0,0,0,0,0,0,0,0,0,0,0,0,0,0,0,0,0,0,0,0,0,0,0,0,0,0,0,0,0,0
Hungary,csmonitor.com,2022-11-01,0,0,0,0,0,0,0,0,0,0,0,0,0,0,0,0,0,0,0,0,0,0,0,0,0,0,0,0,0,0,0,0,0
Hungary,csmonitor.com,2022-12-01,0,0,0,0,0,0,0,0,0,0,0,0,0,0,0,0,0,0,0,0,0,0,0,0,0,0,0,0,0,0,0,0,0
Hungary,csmonitor.com,2023-01-01,0,0,0,0,0,0,0,0,0,0,0,0,0,0,0,0,0,0,0,0,0,0,0,0,0,0,0,0,0,0,0,0,0
Hungary,csmonitor.com,2023-02-01,0,0,0,0,0,0,0,0,0,0,0,0,0,0,0,0,0,0,0,1,0,1,0,0,0,0,0,0,0,0,0,0,0
Hungary,csmonitor.com,2023-03-01,0,0,0,0,0,0,0,0,0,0,0,0,0,0,0,0,0,0,0,0,0,0,0,0,0,0,0,0,0,0,0,0,0
Hungary,csmonitor.com,2023-04-01,0,0,0,0,0,0,0,0,0,0,0,0,0,0,0,0,0,0,0,1,0,1,0,0,0,0,0,0,0,0,0,0,0
Hungary,csmonitor.com,2023-05-01,0,0,0,0,0,0,0,0,0,0,0,0,0,0,0,0,0,0,0,0,0,0,0,0,0,0,0,0,0,0,0,0,0
Hungary,csmonitor.com,2023-06-01,0,1,0,0,0,0,0,0,0,0,0,0,0,0,0,0,0,0,0,0,0,1,0,0,0,0,0,0,0,0,0,0,0
Hungary,csmonitor.com,2023-07-01,0,0,0,0,0,0,0,0,0,0,0,0,0,0,0,0,0,0,0,0,0,0,0,0,0,0,0,0,0,0,0,0,0
Hungary,csmonitor.com,2023-08-01,0,0,0,0,0,0,0,0,0,0,0,0,0,0,0,0,0,0,0,0,0,0,0,0,0,0,0,0,0,0,0,0,0
Hungary,csmonitor.com,2023-09-01,0,0,0,0,0,0,0,0,0,0,0,0,0,0,0,0,0,0,0,2,0,2,0,0,0,0,0,0,0,0,0,0,0
Hungary,csmonitor.com,2023-10-01,0,0,0,0,0,0,0,0,0,0,0,0,0,0,0,0,0,0,0,2,0,2,0,0,0,0,0,0,0,0,0,0,0
Hungary,csmonitor.com,2023-11-01,0,0,0,0,0,0,0,0,0,0,0,0,0,0,0,0,0,0,0,0,0,0,0,0,0,0,0,0,0,0,0,0,0
Hungary,csmonitor.com,2023-12-01,0,0,0,0,0,0,0,0,0,0,0,0,0,0,0,0,0,0,0,0,0,0,0,0,0,0,0,0,0,0,0,0,0
Hungary,csmonitor.com,2024-01-01,0,0,0,0,0,0,0,0,0,0,0,0,0,0,0,0,0,0,0,0,0,0,0,0,0,0,0,0,0,0,0,0,0
Hungary,csmonitor.com,2024-02-01,0,0,0,0,0,0,0,0,0,0,0,0,0,0,0,0,0,0,0,1,0,1,0,0,0,0,0,0,0,0,0,0,0
Hungary,csmonitor.com,2024-03-01,0,0,0,0,0,0,0,0,0,0,0,0,0,0,0,0,0,0,0,0,0,0,0,0,0,0,0,0,0,0,0,0,0
Hungary,csmonitor.com,2024-04-01,0,0,0,0,0,0,0,0,0,0,0,0,0,0,0,0,0,0,0,0,0,0,0,0,0,0,0,0,0,0,0,0,0
Hungary,csmonitor.com,2024-05-01,0,0,0,0,0,0,0,0,0,0,0,0,0,0,0,0,0,0,0,1,0,1,0,0,0,0,0,0,0,0,0,0,0
Hungary,csmonitor.com,2024-06-01,0,0,0,0,0,0,0,0,0,0,0,0,0,0,0,0,0,0,0,0,0,0,0,0,0,0,0,0,0,0,0,0,0
Hungary,csmonitor.com,2024-07-01,0,0,0,0,0,0,0,0,0,0,0,0,0,0,0,0,0,0,0,0,0,0,0,0,0,0,0,0,0,0,0,0,0
Hungary,csmonitor.com,2024-08-01,0,0,0,0,0,0,0,0,0,0,0,0,0,0,0,0,0,0,0,0,0,0,0,0,0,0,0,0,0,0,0,0,0
Hungary,csmonitor.com,2024-09-01,0,0,0,0,0,0,0,0,0,0,0,0,0,0,0,0,0,0,0,0,0,0,0,0,0,0,0,0,0,0,0,0,0
Hungary,csmonitor.com,2024-10-01,0,0,0,0,0,0,0,0,0,0,0,0,0,0,0,0,0,0,0,0,0,0,0,0,0,0,0,0,0,0,0,0,0
Hungary,csmonitor.com,2024-11-01,0,0,0,0,0,0,0,0,0,0,0,0,0,0,0,0,0,0,0,0,0,0,0,0,0,0,0,0,0,0,0,0,0
Hungary,csmonitor.com,2024-12-01,0,0,0,0,0,0,0,0,0,0,0,0,0,0,0,0,0,0,0,0,0,0,0,0,0,0,0,0,0,0,0,0,0
Hungary,csmonitor.com,2025-01-01,0,0,0,0,0,0,0,0,0,0,0,0,0,0,0,0,0,0,0,0,0,0,0,0,0,0,0,0,0,0,0,0,0
Hungary,csmonitor.com,2025-02-01,0,0,0,0,0,0,0,0,0,0,0,0,0,0,0,0,0,0,0,0,0,0,0,0,0,0,0,0,0,0,0,0,0
Hungary,csmonitor.com,2025-03-01,0,0,0,0,0,0,0,0,0,0,0,0,0,0,0,0,0,0,0,0,0,0,0,0,0,0,0,0,0,0,0,0,0
Hungary,csmonitor.com,2025-04-01,0,0,0,0,0,0,0,0,0,0,0,0,0,0,0,0,0,0,0,0,0,0,0,0,0,0,0,0,0,0,0,0,0
Hungary,csmonitor.com,2025-05-01,0,0,0,0,0,0,0,0,0,0,0,0,0,0,0,0,0,0,0,0,0,0,0,0,0,0,0,0,0,0,0,0,0
Hungary,csmonitor.com,2025-06-01,0,0,0,0,0,0,0,0,0,0,0,0,0,0,0,0,0,0,0,0,0,0,0,0,0,0,0,0,0,0,0,0,0
Hungary,demokrata.hu,2012-01-01,0,6,7,0,0,2,0,0,0,7,0,3,0,2,5,0,4,0,0,275,0,328,0,3,0,0,6,9,0,0,0,0,1
Hungary,demokrata.hu,2012-02-01,0,2,5,0,0,2,0,3,0,6,0,0,0,1,4,1,1,0,0,331,0,379,0,3,2,0,8,9,1,0,0,1,0
Hungary,demokrata.hu,2012-03-01,0,4,7,0,0,4,0,2,1,3,0,2,0,3,8,0,0,1,0,330,0,373,0,1,1,1,5,2,0,1,0,0,0
Hungary,demokrata.hu,2012-04-01,0,1,7,0,0,10,0,1,1,3,0,0,0,1,4,0,4,0,0,256,0,303,2,4,0,0,1,8,0,0,0,1,0
Hungary,demokrata.hu,2012-05-01,0,1,0,1,0,4,0,0,1,6,0,0,0,0,1,0,3,0,0,306,0,335,2,2,1,0,5,3,0,0,0,0,0
Hungary,demokrata.hu,2012-06-01,3,0,6,0,0,3,0,0,0,6,1,0,0,4,3,1,3,1,1,294,0,342,2,2,5,1,11,4,0,0,1,0,0
Hungary,demokrata.hu,2012-07-01,0,0,5,1,1,3,1,0,3,4,0,0,1,0,2,1,4,0,0,269,0,322,8,8,0,0,3,7,0,0,0,0,1
Hungary,demokrata.hu,2012-08-01,0,0,4,1,0,1,0,0,3,1,0,0,0,1,0,0,3,0,0,311,0,338,3,1,0,0,3,4,0,0,0,1,2
Hungary,demokrata.hu,2012-09-01,1,1,8,1,0,5,1,1,0,5,0,0,0,4,3,0,0,0,0,287,0,330,2,4,1,0,5,3,0,0,0,0,1
Hungary,demokrata.hu,2012-10-01,0,5,2,0,0,4,0,2,0,4,0,0,0,1,7,0,0,0,0,281,0,330,0,7,2,0,5,13,0,0,0,0,0
Hungary,demokrata.hu,2012-11-01,1,1,2,0,0,2,0,0,0,2,0,0,0,0,3,0,2,0,0,199,0,229,1,7,0,0,4,4,0,0,0,0,1
Hungary,demokrata.hu,2012-12-01,0,2,0,0,0,2,0,1,0,5,0,0,0,0,4,0,0,0,1,191,0,223,0,8,0,0,0,9,0,0,0,0,0
Hungary,demokrata.hu,2013-01-01,0,2,3,0,0,4,1,0,0,4,0,0,0,0,4,0,0,0,0,229,0,264,0,10,1,0,3,2,0,0,0,0,2
Hungary,demokrata.hu,2013-02-01,1,2,2,1,0,0,0,0,0,3,0,0,0,1,6,0,0,0,0,218,0,251,1,6,1,0,3,6,1,0,0,0,1
Hungary,demokrata.hu,2013-03-01,0,2,2,1,0,4,0,0,0,0,0,1,0,1,6,0,0,0,0,224,0,251,0,3,0,1,5,3,0,0,0,0,0
Hungary,demokrata.hu,2013-04-01,0,0,0,3,0,3,0,0,0,3,0,1,0,2,3,0,2,1,0,238,0,270,2,3,0,0,5,3,0,0,0,0,2
Hungary,demokrata.hu,2013-05-01,0,0,1,0,0,3,0,1,0,0,0,0,0,0,3,0,1,0,0,249,0,263,0,1,0,0,2,2,0,0,0,0,0
Hungary,demokrata.hu,2013-06-01,0,0,0,3,0,0,0,0,1,1,0,0,0,0,0,0,2,0,0,221,0,242,2,1,0,0,4,6,0,0,0,0,1
Hungary,demokrata.hu,2013-07-01,0,1,1,0,1,1,0,0,1,1,0,0,0,0,1,0,0,0,0,212,0,228,0,3,0,0,3,3,0,0,0,0,0
Hungary,demokrata.hu,2013-08-01,0,0,1,1,0,1,0,0,1,1,0,0,0,0,0,0,0,0,0,192,0,207,2,1,1,0,3,2,0,0,0,0,1
Hungary,demokrata.hu,2013-09-01,0,0,1,2,0,6,0,0,0,2,0,0,0,0,2,0,0,0,0,225,0,253,1,4,0,0,3,7,0,0,0,0,0
Hungary,demokrata.hu,2013-10-01,0,5,3,0,1,1,0,1,0,1,0,0,1,2,1,0,1,0,0,227,0,257,1,3,1,0,3,7,0,0,0,0,0
Hungary,demokrata.hu,2013-11-01,1,1,0,0,0,2,0,1,0,0,0,0,0,0,2,1,0,0,0,216,0,231,0,1,0,0,3,3,0,0,0,0,0
Hungary,demokrata.hu,2013-12-01,1,0,3,3,0,3,1,0,1,1,0,0,0,3,4,0,0,0,0,220,0,257,1,3,2,0,5,11,0,0,0,0,0
Hungary,demokrata.hu,2014-01-01,0,1,2,0,0,4,0,0,0,0,0,0,0,1,0,0,0,0,0,151,0,164,0,0,0,0,4,2,0,0,0,0,0
Hungary,demokrata.hu,2014-02-01,0,1,1,0,0,3,0,0,0,1,0,0,0,2,0,0,0,0,0,101,0,111,0,1,1,0,2,0,0,0,0,0,0
Hungary,demokrata.hu,2014-03-01,0,2,0,0,0,4,0,0,0,1,0,0,0,0,0,0,0,0,0,70,0,79,1,0,0,0,1,0,0,0,0,0,0
Hungary,demokrata.hu,2014-04-01,0,0,0,0,0,4,0,0,0,0,0,0,0,0,0,0,0,0,0,60,0,64,0,0,0,0,0,0,0,0,0,0,0
Hungary,demokrata.hu,2014-05-01,0,0,0,0,0,2,0,0,0,1,0,1,0,0,0,0,0,0,0,48,0,53,0,1,0,0,0,0,0,0,0,0,0
Hungary,demokrata.hu,2014-06-01,0,0,0,0,0,0,0,0,0,0,0,0,0,0,2,0,1,0,0,43,0,50,0,1,0,0,0,2,0,1,0,0,0
Hungary,demokrata.hu,2014-07-01,0,4,2,1,0,5,0,0,0,0,0,0,0,1,0,0,0,0,0,60,0,75,0,0,0,0,1,1,0,0,0,0,1
Hungary,demokrata.hu,2014-08-01,0,0,0,0,0,2,0,0,0,1,0,0,0,0,0,0,0,0,0,53,0,57,0,1,0,0,0,0,0,0,0,0,0
Hungary,demokrata.hu,2014-09-01,0,0,1,1,0,0,0,0,0,0,0,0,0,0,0,0,1,0,0,31,0,39,0,1,0,0,3,1,0,0,0,0,0
Hungary,demokrata.hu,2014-10-01,0,0,0,0,0,0,0,0,0,0,0,0,0,0,0,0,0,0,0,24,0,25,1,0,0,0,0,0,0,0,0,0,0
Hungary,demokrata.hu,2014-11-01,0,0,0,0,0,0,0,0,0,0,0,0,0,0,0,0,0,0,0,3,0,3,0,0,0,0,0,0,0,0,0,0,0
Hungary,demokrata.hu,2014-12-01,0,0,0,0,0,0,0,0,0,0,0,0,0,0,0,0,0,0,0,0,0,0,0,0,0,0,0,0,0,0,0,0,0
Hungary,demokrata.hu,2015-01-01,0,0,0,0,0,0,0,0,0,0,0,0,0,0,0,0,0,0,0,1,0,1,0,0,0,0,0,0,0,0,0,0,0
Hungary,demokrata.hu,2015-02-01,0,0,0,1,0,3,0,0,0,2,0,0,0,0,1,0,0,0,0,59,0,73,0,1,0,0,2,2,0,0,0,1,1
Hungary,demokrata.hu,2015-03-01,1,3,4,1,0,4,0,0,0,2,0,0,0,3,0,0,0,0,0,211,0,240,4,1,3,0,3,3,0,0,0,0,2
Hungary,demokrata.hu,2015-04-01,1,1,2,4,0,3,0,0,0,1,0,0,0,3,1,1,0,0,0,158,0,192,0,7,1,0,2,5,0,0,0,2,3
Hungary,demokrata.hu,2015-05-01,0,0,0,2,0,2,0,2,0,2,0,0,0,0,1,0,0,0,0,160,0,175,1,0,1,0,2,3,0,0,0,0,0
Hungary,demokrata.hu,2015-06-01,0,1,5,0,1,2,0,0,0,2,0,0,0,4,1,1,2,0,0,121,0,149,2,1,1,0,6,2,1,0,0,1,0
Hungary,demokrata.hu,2015-07-01,0,0,3,2,0,0,0,0,0,0,0,0,0,2,0,0,1,0,0,83,0,97,3,3,0,0,0,2,0,0,0,0,0
Hungary,demokrata.hu,2015-08-01,1,1,2,2,0,0,0,0,0,0,0,1,0,0,0,0,0,1,0,122,0,140,3,0,0,0,0,2,1,0,0,3,1
Hungary,demokrata.hu,2015-09-01,2,3,1,2,0,1,0,1,0,3,0,2,0,0,1,1,1,0,0,165,0,199,5,1,0,0,4,2,1,0,0,0,3
Hungary,demokrata.hu,2015-10-01,1,2,3,2,0,2,0,0,0,1,0,1,0,1,2,4,0,0,0,177,0,209,1,3,1,0,7,1,0,0,0,1,1
Hungary,demokrata.hu,2015-11-01,0,0,2,2,0,2,0,2,1,3,0,1,0,1,3,2,0,2,0,118,0,148,0,0,0,0,4,3,0,0,0,1,1
Hungary,demokrata.hu,2015-12-01,1,1,7,1,0,3,0,4,0,2,0,0,0,2,5,0,0,0,0,206,0,246,1,4,2,0,5,6,0,0,0,0,0
Hungary,demokrata.hu,2016-01-01,1,6,3,2,0,4,0,1,0,3,1,0,0,0,3,2,2,0,0,186,1,227,1,0,1,0,8,4,0,0,0,0,1
Hungary,demokrata.hu,2016-02-01,0,7,5,4,0,2,0,2,0,4,0,1,0,1,5,1,2,0,0,209,0,261,4,8,0,0,2,1,0,0,0,0,4
Hungary,demokrata.hu,2016-03-01,2,7,2,0,0,4,0,0,0,6,0,4,1,2,2,2,1,0,0,213,0,263,5,2,2,0,5,5,0,0,0,0,2
Hungary,demokrata.hu,2016-04-01,2,11,3,1,0,6,0,1,0,4,0,0,0,5,5,0,2,0,1,214,0,267,1,4,1,0,4,4,0,0,0,0,2
Hungary,demokrata.hu,2016-05-01,0,3,3,5,1,13,0,1,0,2,0,1,0,4,3,1,3,1,0,233,0,291,3,2,1,0,5,5,0,0,0,0,4
Hungary,demokrata.hu,2016-06-01,1,3,5,3,0,11,1,0,0,2,0,2,0,1,2,0,2,0,0,198,1,249,2,4,2,0,7,3,0,0,0,0,3
Hungary,demokrata.hu,2016-07-01,0,2,3,3,0,7,0,1,1,1,1,0,0,1,2,3,1,0,0,198,0,237,3,2,0,0,4,2,0,1,0,1,1
Hungary,demokrata.hu,2016-08-01,0,1,4,1,0,12,0,1,1,2,0,0,0,3,5,2,1,0,0,172,0,213,4,0,0,0,2,1,0,0,0,0,2
Hungary,demokrata.hu,2016-09-01,1,1,4,2,0,22,4,1,1,0,0,2,0,2,4,4,0,0,0,223,0,284,5,1,1,0,4,1,0,0,0,0,3
Hungary,demokrata.hu,2016-10-01,1,4,5,2,0,16,2,0,0,5,0,3,0,4,18,2,2,2,0,261,0,339,5,3,2,0,3,0,0,0,0,1,0
Hungary,demokrata.hu,2016-11-01,1,1,2,2,0,11,0,0,0,2,0,1,0,1,5,0,1,0,0,212,1,256,4,3,1,0,4,3,0,0,0,2,0
Hungary,demokrata.hu,2016-12-01,0,3,2,3,0,3,1,1,0,0,0,2,0,0,5,0,0,0,0,201,0,230,2,0,0,0,2,4,0,0,0,1,0
Hungary,demokrata.hu,2017-01-01,0,1,4,5,0,8,0,0,2,5,0,1,0,4,2,0,3,0,0,269,0,315,5,0,2,0,4,4,0,0,0,0,0
Hungary,demokrata.hu,2017-02-01,2,3,9,4,1,6,1,3,0,8,0,0,1,6,1,0,0,0,0,326,0,387,3,2,2,0,7,3,0,3,0,0,1
Hungary,demokrata.hu,2017-03-01,1,5,4,8,0,12,1,2,3,2,0,0,0,2,7,1,2,2,1,360,0,433,1,3,2,0,8,5,0,1,2,0,1
Hungary,demokrata.hu,2017-04-01,0,15,2,1,1,6,1,1,2,2,0,2,0,2,10,1,1,1,0,332,0,409,3,2,2,0,11,9,0,0,0,1,3
Hungary,demokrata.hu,2017-05-01,0,3,1,2,0,14,2,0,0,7,0,2,0,1,3,0,4,1,0,335,0,388,2,1,2,0,6,4,0,0,0,0,0
Hungary,demokrata.hu,2017-06-01,1,1,2,2,0,9,1,2,0,1,1,0,0,3,5,0,3,3,0,309,0,352,1,1,1,0,2,6,0,0,0,0,0
Hungary,demokrata.hu,2017-07-01,0,2,5,3,0,3,0,1,0,3,0,1,0,3,2,0,1,1,0,249,0,289,4,1,3,0,7,4,0,1,0,0,0
Hungary,demokrata.hu,2017-08-01,0,2,2,3,0,2,0,1,0,1,0,0,1,3,2,0,0,0,0,264,0,285,4,0,1,0,2,0,0,0,0,0,0
Hungary,demokrata.hu,2017-09-01,0,0,3,1,0,9,1,0,0,1,0,1,0,0,0,0,3,0,0,305,0,337,3,4,0,0,3,0,0,0,0,0,3
Hungary,demokrata.hu,2017-10-01,0,1,1,4,0,7,0,0,0,3,1,1,1,5,1,0,3,0,0,322,0,365,2,6,2,0,4,3,0,0,0,0,1
Hungary,demokrata.hu,2017-11-01,0,1,6,0,0,10,2,1,0,6,0,1,1,6,1,2,1,1,0,328,0,374,1,4,0,0,3,1,0,0,0,1,1
Hungary,demokrata.hu,2017-12-01,0,3,3,2,0,7,0,0,0,3,0,1,0,2,1,0,0,0,0,311,0,342,0,3,0,0,1,6,0,0,0,0,0
Hungary,demokrata.hu,2018-01-01,0,4,3,1,1,13,2,0,0,5,0,3,0,3,1,0,4,0,0,344,0,393,0,2,0,0,1,3,1,1,0,0,2
Hungary,demokrata.hu,2018-02-01,0,7,4,0,0,23,0,0,0,4,0,3,0,2,3,1,1,1,0,383,0,447,1,2,0,1,7,2,1,0,1,0,1
Hungary,demokrata.hu,2018-03-01,0,4,10,0,1,42,2,5,0,5,1,2,0,7,1,0,3,0,0,619,0,721,3,3,8,0,8,2,0,0,1,0,1
Hungary,demokrata.hu,2018-04-01,1,8,9,2,1,28,1,1,0,10,2,2,0,5,1,0,2,0,0,487,1,577,2,3,2,0,7,3,1,0,0,0,3
Hungary,demokrata.hu,2018-05-01,0,6,3,1,0,19,0,0,0,2,0,1,0,2,6,1,3,0,0,457,0,521,4,5,1,0,4,2,0,0,0,1,4
Hungary,demokrata.hu,2018-06-01,0,1,4,1,0,8,0,1,0,8,0,1,0,3,8,1,1,0,0,475,0,534,1,4,1,0,9,8,1,0,0,0,1
Hungary,demokrata.hu,2018-07-01,0,2,2,4,0,12,0,1,0,3,0,2,0,7,3,1,3,1,0,435,0,494,1,4,0,0,2,10,0,0,0,0,3
Hungary,demokrata.hu,2018-08-01,1,2,3,2,0,7,0,2,1,1,0,2,0,2,2,0,2,1,0,447,0,493,7,2,0,0,4,2,0,0,1,1,1
Hungary,demokrata.hu,2018-09-01,1,11,4,4,0,13,1,1,1,4,1,4,0,0,5,0,4,0,0,511,0,584,2,1,1,0,7,3,2,0,0,0,4
Hungary,demokrata.hu,2018-10-01,0,7,8,5,1,15,1,1,2,4,0,3,0,1,0,4,7,1,0,570,0,646,1,3,1,0,4,7,1,0,0,0,1
Hungary,demokrata.hu,2018-11-01,0,8,6,4,0,12,0,0,0,4,0,2,0,2,3,2,7,0,0,499,0,575,5,4,1,0,4,10,0,0,0,0,4
Hungary,demokrata.hu,2018-12-01,0,23,6,3,0,12,2,4,2,2,0,6,1,3,7,0,3,0,1,505,1,598,2,2,1,0,6,8,0,0,0,1,1
Hungary,demokrata.hu,2019-01-01,2,13,2,2,0,18,0,1,1,4,1,2,0,2,1,2,1,1,0,526,0,598,2,2,4,1,6,2,0,0,0,2,5
Hungary,demokrata.hu,2019-02-01,0,7,5,1,1,14,1,2,1,8,0,2,0,2,2,1,1,0,0,541,0,616,3,4,3,0,13,1,2,0,0,1,3
Hungary,demokrata.hu,2019-03-01,2,11,3,3,0,20,1,2,2,8,0,4,0,4,1,0,0,0,0,552,0,634,3,6,0,0,6,5,0,0,1,0,1
Hungary,demokrata.hu,2019-04-01,0,6,3,3,1,26,1,2,2,4,0,0,2,2,4,0,2,2,0,500,1,582,2,4,0,0,8,5,0,1,0,0,3
Hungary,demokrata.hu,2019-05-01,0,1,10,7,1,52,0,0,1,6,0,1,1,3,3,1,5,2,0,643,0,750,0,3,0,0,3,6,0,0,0,1,2
Hungary,demokrata.hu,2019-06-01,1,3,5,10,0,29,1,0,0,12,2,1,0,5,2,2,5,2,1,558,0,665,6,6,1,0,8,7,0,0,0,1,2
Hungary,demokrata.hu,2019-07-01,0,2,6,7,0,25,2,1,0,7,0,0,1,2,7,1,2,2,0,466,0,561,5,7,0,0,4,9,0,0,0,3,3
Hungary,demokrata.hu,2019-08-01,1,3,6,5,0,24,0,1,0,6,0,0,2,3,0,1,0,1,0,475,0,551,8,3,2,0,8,2,0,0,0,3,1
Hungary,demokrata.hu,2019-09-01,0,6,11,7,0,24,3,1,0,9,0,0,1,5,1,1,2,0,0,652,0,743,8,6,0,0,6,3,0,0,0,0,0
Hungary,demokrata.hu,2019-10-01,0,3,9,3,0,30,0,0,1,9,1,1,0,4,2,2,3,1,1,673,0,755,0,2,3,0,4,2,1,1,0,1,0
Hungary,demokrata.hu,2019-11-01,2,5,5,2,0,18,0,2,0,9,1,3,2,0,3,1,2,0,0,540,0,618,1,5,1,0,6,7,0,0,2,1,1
Hungary,demokrata.hu,2019-12-01,0,5,9,2,0,10,1,0,0,4,0,0,1,4,7,1,3,0,0,530,1,607,4,7,1,0,5,9,2,0,0,1,4
Hungary,demokrata.hu,2020-01-01,0,2,8,6,0,21,2,0,0,5,0,1,0,4,4,3,5,1,0,544,0,641,11,2,2,0,15,3,0,0,0,1,6
Hungary,demokrata.hu,2020-02-01,1,7,2,16,0,12,1,1,6,9,0,1,0,1,4,1,2,0,0,573,0,667,5,6,1,0,8,4,0,1,1,1,4
Hungary,demokrata.hu,2020-03-01,0,4,3,61,0,13,2,3,19,10,2,3,3,0,7,4,4,0,1,851,0,1041,7,10,1,0,10,20,0,1,0,2,1
Hungary,demokrata.hu,2020-04-01,0,2,4,66,0,3,1,5,8,0,1,1,0,2,8,2,2,0,0,906,0,1067,12,8,2,1,11,22,1,0,1,1,1
Hungary,demokrata.hu,2020-05-01,0,1,7,59,1,8,3,2,4,8,1,2,0,1,9,1,2,0,1,826,0,976,10,7,2,0,6,15,1,0,0,0,2
Hungary,demokrata.hu,2020-06-01,1,2,8,47,1,15,1,1,1,3,1,0,2,2,8,2,1,0,1,811,0,945,6,8,2,0,4,14,0,1,0,1,2
Hungary,demokrata.hu,2020-07-01,1,1,7,48,0,11,2,1,4,8,0,4,0,5,9,2,4,0,0,694,0,840,17,9,2,0,6,7,0,1,0,1,2
Hungary,demokrata.hu,2020-08-01,1,2,1,62,1,5,0,1,4,4,1,2,1,2,3,3,3,1,1,550,0,676,6,5,0,0,4,5,1,0,1,1,6
Hungary,demokrata.hu,2020-09-01,0,5,3,48,1,20,0,2,7,6,0,1,2,4,5,1,1,0,0,740,0,871,10,6,0,0,3,4,0,0,0,2,2
Hungary,demokrata.hu,2020-10-01,1,4,4,69,0,26,0,0,4,5,0,1,1,6,8,7,1,0,0,773,0,950,8,9,0,0,4,18,0,0,0,3,1
Hungary,demokrata.hu,2020-11-01,2,5,3,52,0,11,0,1,7,4,0,0,0,2,8,6,4,2,0,677,0,826,8,4,1,0,7,20,1,1,1,1,0
Hungary,demokrata.hu,2020-12-01,0,2,4,42,0,10,1,2,4,5,1,2,0,2,14,1,1,0,0,629,0,764,13,9,1,1,7,10,0,0,0,1,5
Hungary,demokrata.hu,2021-01-01,3,1,4,47,0,5,1,2,4,4,0,2,0,3,5,1,5,0,0,601,0,713,8,3,0,0,5,6,0,0,0,2,3
Hungary,demokrata.hu,2021-02-01,0,0,2,47,1,5,1,3,3,4,0,2,0,2,5,3,1,2,0,718,1,838,6,6,1,0,11,10,0,0,2,1,3
Hungary,demokrata.hu,2021-03-01,3,3,6,52,1,3,0,4,7,6,0,3,0,8,5,0,2,2,1,779,0,917,2,8,3,0,11,7,0,2,1,1,1
Hungary,demokrata.hu,2021-04-01,0,0,5,43,1,3,0,4,1,4,0,0,2,4,5,1,2,0,0,649,1,747,4,5,2,0,7,6,0,0,1,0,1
Hungary,demokrata.hu,2021-05-01,0,0,3,33,0,6,0,1,1,10,0,4,0,1,3,1,1,0,0,687,0,775,2,5,0,0,3,10,0,2,1,0,1
Hungary,demokrata.hu,2021-06-01,0,4,9,30,0,12,0,1,2,2,0,3,1,4,6,1,2,0,0,706,0,805,2,5,2,1,5,9,0,0,0,2,1
Hungary,demokrata.hu,2021-07-01,1,0,3,32,2,4,0,2,3,2,1,2,1,2,10,0,0,0,1,568,0,665,4,7,0,0,4,11,0,0,1,0,4
Hungary,demokrata.hu,2021-08-01,1,0,2,35,1,5,0,2,2,1,0,3,0,3,1,1,1,1,0,490,0,559,1,4,1,0,1,5,0,0,0,0,1
Hungary,demokrata.hu,2021-09-01,3,1,7,26,1,11,1,5,1,10,0,2,0,5,6,1,0,3,0,735,1,851,6,12,6,0,7,5,0,0,0,2,0
Hungary,demokrata.hu,2021-10-01,3,4,7,30,1,18,0,4,0,10,0,2,0,5,3,2,3,1,0,723,0,843,3,9,1,0,6,8,1,0,1,0,1
Hungary,demokrata.hu,2021-11-01,2,0,6,33,0,12,0,0,0,11,0,2,0,5,5,2,2,1,1,738,0,869,3,10,5,0,13,18,1,0,2,0,3
Hungary,demokrata.hu,2021-12-01,0,0,5,33,1,13,1,2,0,3,0,0,0,9,5,2,3,0,0,751,0,869,7,10,3,1,4,17,0,0,0,2,2
Hungary,demokrata.hu,2022-01-01,0,5,0,37,0,25,2,2,1,2,2,2,1,4,5,4,2,1,0,724,0,859,6,11,3,0,9,9,0,0,0,1,3
Hungary,demokrata.hu,2022-02-01,0,5,9,26,1,33,2,2,0,12,1,8,0,8,5,5,1,0,1,758,0,906,8,7,2,0,8,4,0,1,0,3,1
Hungary,demokrata.hu,2022-03-01,1,8,14,24,2,50,5,2,1,9,0,1,0,17,5,2,3,2,0,916,0,1077,5,6,1,0,5,4,0,0,1,2,3
Hungary,demokrata.hu,2022-04-01,0,3,3,31,1,96,4,1,0,9,0,1,1,2,3,1,2,4,0,629,0,815,6,6,0,0,8,2,0,0,0,2,2
Hungary,demokrata.hu,2022-05-01,0,0,1,16,0,23,0,0,1,8,0,3,1,1,9,0,1,3,0,658,0,762,11,11,1,0,3,9,0,0,0,0,2
Hungary,demokrata.hu,2022-06-01,1,2,1,19,0,22,0,0,1,8,0,4,1,2,3,4,1,0,0,674,0,790,10,12,2,0,7,15,0,0,0,2,1
Hungary,demokrata.hu,2022-07-01,1,8,3,28,0,24,0,1,0,5,0,2,2,2,4,2,10,1,0,584,0,719,13,7,1,0,5,12,0,1,0,1,3
Hungary,demokrata.hu,2022-08-01,1,3,4,28,0,14,1,2,1,7,0,4,0,2,0,4,2,1,0,559,0,653,10,1,1,0,5,3,0,0,0,2,0
Hungary,demokrata.hu,2022-09-01,2,3,6,23,0,16,0,0,1,8,0,1,0,10,6,1,2,1,0,653,0,764,6,10,4,0,10,4,0,0,1,1,1
Hungary,demokrata.hu,2022-10-01,2,8,7,15,0,13,1,1,1,12,1,2,0,6,5,2,2,2,0,640,0,740,5,6,0,0,2,6,0,0,1,2,3
Hungary,demokrata.hu,2022-11-01,1,6,6,16,0,13,1,2,0,13,0,2,1,6,6,1,1,0,0,614,0,737,9,10,7,0,7,10,2,0,2,4,5
Hungary,demokrata.hu,2022-12-01,1,2,10,14,3,5,0,0,1,6,0,1,0,6,4,0,2,4,1,537,0,629,5,8,4,0,12,6,0,0,0,1,3
Hungary,demokrata.hu,2023-01-01,3,0,11,16,0,16,0,2,1,7,0,1,1,11,2,2,3,1,0,546,0,653,7,9,1,0,8,4,0,0,1,3,5
Hungary,demokrata.hu,2023-02-01,5,0,4,15,0,6,1,1,0,6,0,3,0,5,1,3,4,2,0,532,0,626,11,11,5,0,9,5,0,0,1,1,2
Hungary,demokrata.hu,2023-03-01,4,2,6,13,0,11,2,1,0,9,0,3,0,4,10,0,4,0,0,655,0,753,6,3,3,1,10,8,2,0,0,1,1
Hungary,demokrata.hu,2023-04-01,0,3,7,12,0,11,0,0,1,7,0,5,0,3,3,1,2,1,0,535,0,625,3,12,0,0,5,12,0,0,0,4,0
Hungary,demokrata.hu,2023-05-01,2,6,4,10,0,9,0,0,0,7,0,7,0,1,8,0,1,1,0,643,0,733,6,7,2,0,6,7,0,0,1,3,4
Hungary,demokrata.hu,2023-06-01,2,4,4,15,0,4,1,3,1,7,2,3,0,4,2,1,1,1,0,613,0,691,1,9,0,0,4,5,0,1,0,1,3
Hungary,demokrata.hu,2023-07-01,1,2,5,10,0,4,0,1,2,6,2,0,0,6,5,0,0,0,0,470,0,532,3,3,2,0,7,4,0,0,0,2,0
Hungary,demokrata.hu,2023-08-01,1,0,6,34,1,5,0,1,2,8,0,1,0,3,1,1,1,0,0,524,0,615,5,4,2,0,7,3,0,1,0,2,5
Hungary,demokrata.hu,2023-09-01,2,3,1,12,0,5,0,2,0,7,1,3,1,1,5,4,0,0,0,601,0,680,2,9,2,0,7,10,0,0,2,1,2
Hungary,demokrata.hu,2023-10-01,0,1,1,6,0,7,0,0,1,8,2,6,2,1,4,3,2,1,0,575,0,650,3,6,1,0,4,12,0,1,0,0,3
Hungary,demokrata.hu,2023-11-01,1,1,5,8,0,7,0,0,0,9,0,4,0,5,5,3,2,1,0,720,0,799,4,6,1,0,5,13,0,0,0,0,2
Hungary,demokrata.hu,2023-12-01,0,3,4,18,0,1,1,1,3,10,1,1,0,7,6,0,3,0,1,624,0,705,1,9,0,0,3,7,1,0,0,2,0
Hungary,demokrata.hu,2024-01-01,5,7,5,8,0,7,0,2,1,10,0,2,0,8,4,1,4,2,1,574,1,668,7,9,4,0,2,5,0,0,0,3,3
Hungary,demokrata.hu,2024-02-01,2,8,10,6,0,12,2,1,1,7,1,2,0,2,3,0,5,2,0,565,0,660,7,5,5,0,8,3,0,0,0,3,2
Hungary,demokrata.hu,2024-03-01,3,3,9,4,2,25,0,3,1,12,1,4,0,9,5,0,4,3,0,598,0,713,10,5,3,0,9,4,0,0,2,2,1
Hungary,demokrata.hu,2024-04-01,0,5,14,8,2,68,0,1,1,17,2,4,0,18,3,2,2,2,0,629,0,831,8,17,11,0,10,16,0,0,1,3,1
Hungary,demokrata.hu,2024-05-01,1,5,14,9,1,87,2,1,2,15,2,7,2,17,1,1,1,3,0,742,0,950,6,16,6,0,8,5,0,0,0,3,3
Hungary,demokrata.hu,2024-06-01,3,6,6,20,0,128,12,0,4,17,1,3,2,6,6,2,5,2,0,541,0,788,3,10,5,0,8,6,0,2,0,0,0
Hungary,demokrata.hu,2024-07-01,3,0,3,21,0,36,4,0,5,22,1,4,4,3,3,4,0,4,0,479,0,633,5,15,2,0,10,3,0,1,0,3,1
Hungary,demokrata.hu,2024-08-01,3,1,2,18,0,12,1,1,4,4,0,2,4,5,0,1,1,1,0,451,0,537,8,11,0,0,5,4,0,0,0,1,1
Hungary,demokrata.hu,2024-09-01,0,0,13,73,0,16,1,2,6,27,0,4,1,13,6,12,4,1,1,635,1,842,5,17,1,0,1,8,1,0,1,0,0
Hungary,demokrata.hu,2024-10-01,7,9,15,12,2,28,2,2,1,29,1,2,1,13,9,2,3,4,0,714,0,897,6,20,1,0,5,17,0,0,0,1,2
Hungary,demokrata.hu,2024-11-01,1,4,3,4,0,33,2,5,2,21,2,2,1,4,6,3,2,3,0,647,0,784,8,19,0,0,1,11,0,0,0,1,1
Hungary,demokrata.hu,2024-12-01,0,1,9,6,0,11,0,3,0,12,0,2,0,3,6,1,2,1,0,625,0,705,6,4,3,0,4,9,0,0,0,1,1
Hungary,demokrata.hu,2025-01-01,1,4,11,9,0,17,3,1,0,6,1,2,1,8,1,3,3,1,0,615,0,710,8,5,2,0,3,7,0,3,0,1,1
Hungary,demokrata.hu,2025-02-01,3,3,9,8,0,5,0,3,1,8,0,1,0,9,3,2,3,0,0,619,1,699,3,5,1,0,6,5,0,0,0,3,4
Hungary,demokrata.hu,2025-03-01,0,0,1,0,0,0,0,0,0,1,0,2,0,0,0,0,0,0,0,130,0,143,3,1,0,0,1,2,0,0,0,1,1
Hungary,demokrata.hu,2025-04-01,0,0,0,0,0,0,0,0,0,0,0,0,0,0,0,0,0,0,0,2,0,2,0,0,0,0,0,0,0,0,0,0,0
Hungary,demokrata.hu,2025-05-01,0,0,0,0,0,0,0,0,0,0,0,0,0,0,0,0,0,0,0,0,0,0,0,0,0,0,0,0,0,0,0,0,0
Hungary,demokrata.hu,2025-06-01,0,0,0,0,0,0,0,0,0,0,0,0,0,0,0,0,0,0,0,0,0,0,0,0,0,0,0,0,0,0,0,0,0
Hungary,elpais.com,2012-01-01,0,0,0,0,0,0,0,0,0,0,0,0,0,0,0,0,0,0,0,0,0,0,0,0,0,0,0,0,0,0,0,0,0
Hungary,elpais.com,2012-02-01,0,0,0,0,0,0,0,0,0,0,0,0,0,0,0,0,0,0,0,0,0,0,0,0,0,0,0,0,0,0,0,0,0
Hungary,elpais.com,2012-03-01,0,0,0,0,0,0,0,0,0,0,0,0,0,0,0,0,0,0,0,0,0,0,0,0,0,0,0,0,0,0,0,0,0
Hungary,elpais.com,2012-04-01,0,0,0,0,0,0,0,0,0,0,0,0,0,0,0,0,0,0,0,0,0,0,0,0,0,0,0,0,0,0,0,0,0
Hungary,elpais.com,2012-05-01,0,0,0,0,0,0,0,0,0,0,0,0,0,0,0,0,0,0,0,0,0,0,0,0,0,0,0,0,0,0,0,0,0
Hungary,elpais.com,2012-06-01,0,0,0,0,0,0,0,0,0,0,0,0,0,0,0,0,0,0,0,0,0,0,0,0,0,0,0,0,0,0,0,0,0
Hungary,elpais.com,2012-07-01,0,0,0,0,0,0,0,0,0,0,0,0,0,0,0,0,0,0,0,0,0,0,0,0,0,0,0,0,0,0,0,0,0
Hungary,elpais.com,2012-08-01,0,0,0,0,0,0,0,0,0,0,0,0,0,0,0,0,0,0,0,0,0,0,0,0,0,0,0,0,0,0,0,0,0
Hungary,elpais.com,2012-09-01,0,0,0,0,0,0,0,0,0,0,0,0,0,0,0,0,0,0,0,0,0,0,0,0,0,0,0,0,0,0,0,0,0
Hungary,elpais.com,2012-10-01,0,0,0,0,0,0,0,0,0,0,0,0,0,0,0,0,0,0,0,0,0,0,0,0,0,0,0,0,0,0,0,0,0
Hungary,elpais.com,2012-11-01,0,0,0,0,0,0,0,0,0,0,0,0,0,0,0,0,0,0,0,0,0,0,0,0,0,0,0,0,0,0,0,0,0
Hungary,elpais.com,2012-12-01,0,0,0,0,0,0,0,0,0,0,0,0,0,0,0,0,0,0,0,0,0,0,0,0,0,0,0,0,0,0,0,0,0
Hungary,elpais.com,2013-01-01,0,0,0,0,0,0,0,0,0,0,0,0,0,0,0,0,0,0,0,0,0,0,0,0,0,0,0,0,0,0,0,0,0
Hungary,elpais.com,2013-02-01,0,0,0,0,0,0,0,0,0,0,0,0,0,0,0,0,0,0,0,0,0,0,0,0,0,0,0,0,0,0,0,0,0
Hungary,elpais.com,2013-03-01,0,0,0,0,0,0,0,0,0,0,0,0,0,0,0,0,0,0,0,0,0,0,0,0,0,0,0,0,0,0,0,0,0
Hungary,elpais.com,2013-04-01,0,0,0,0,0,0,0,0,0,0,0,0,0,0,0,0,0,0,0,0,0,0,0,0,0,0,0,0,0,0,0,0,0
Hungary,elpais.com,2013-05-01,0,0,0,0,0,0,0,0,0,0,0,0,0,0,0,0,0,0,0,0,0,0,0,0,0,0,0,0,0,0,0,0,0
Hungary,elpais.com,2013-06-01,0,0,0,0,0,0,0,0,0,0,0,0,0,0,0,0,0,0,0,0,0,0,0,0,0,0,0,0,0,0,0,0,0
Hungary,elpais.com,2013-07-01,0,0,0,0,0,0,0,0,0,0,0,0,0,0,0,0,0,0,0,0,0,0,0,0,0,0,0,0,0,0,0,0,0
Hungary,elpais.com,2013-08-01,0,0,0,0,0,0,0,0,0,0,0,0,0,0,0,0,0,0,0,0,0,0,0,0,0,0,0,0,0,0,0,0,0
Hungary,elpais.com,2013-09-01,0,0,0,0,0,0,0,0,0,0,0,0,0,0,0,0,0,0,0,0,0,0,0,0,0,0,0,0,0,0,0,0,0
Hungary,elpais.com,2013-10-01,0,0,0,0,0,0,0,0,0,0,0,0,0,0,0,0,0,0,0,0,0,0,0,0,0,0,0,0,0,0,0,0,0
Hungary,elpais.com,2013-11-01,0,0,0,0,0,0,0,0,0,0,0,0,0,0,0,0,0,0,0,0,0,0,0,0,0,0,0,0,0,0,0,0,0
Hungary,elpais.com,2013-12-01,0,0,0,0,0,0,0,0,0,0,0,0,0,0,0,0,0,0,0,0,0,0,0,0,0,0,0,0,0,0,0,0,0
Hungary,elpais.com,2014-01-01,0,0,0,0,0,0,0,0,0,0,0,0,0,0,0,0,0,0,0,0,0,0,0,0,0,0,0,0,0,0,0,0,0
Hungary,elpais.com,2014-02-01,0,0,0,0,0,0,0,0,0,0,0,0,0,0,0,0,0,0,0,0,0,0,0,0,0,0,0,0,0,0,0,0,0
Hungary,elpais.com,2014-03-01,0,0,0,0,0,0,0,0,0,0,0,0,0,0,0,0,0,0,0,0,0,0,0,0,0,0,0,0,0,0,0,0,0
Hungary,elpais.com,2014-04-01,0,0,0,0,0,0,0,0,0,0,0,0,0,0,0,0,0,0,0,0,0,0,0,0,0,0,0,0,0,0,0,0,0
Hungary,elpais.com,2014-05-01,0,0,0,0,0,0,0,0,0,0,0,0,0,0,0,0,0,0,0,0,0,0,0,0,0,0,0,0,0,0,0,0,0
Hungary,elpais.com,2014-06-01,0,0,0,0,0,0,0,0,0,0,0,0,0,0,0,0,0,0,0,0,0,0,0,0,0,0,0,0,0,0,0,0,0
Hungary,elpais.com,2014-07-01,0,0,0,0,0,0,0,0,0,0,0,0,0,0,0,0,0,0,0,0,0,0,0,0,0,0,0,0,0,0,0,0,0
Hungary,elpais.com,2014-08-01,0,0,0,0,0,0,0,0,0,0,0,0,0,0,0,0,0,0,0,0,0,0,0,0,0,0,0,0,0,0,0,0,0
Hungary,elpais.com,2014-09-01,0,0,0,0,0,0,0,0,0,0,0,0,0,0,0,0,0,0,0,0,0,0,0,0,0,0,0,0,0,0,0,0,0
Hungary,elpais.com,2014-10-01,0,0,0,0,0,0,0,0,0,0,0,0,0,0,0,0,0,0,0,0,0,0,0,0,0,0,0,0,0,0,0,0,0
Hungary,elpais.com,2014-11-01,0,0,0,0,0,0,0,0,0,0,0,0,0,0,0,0,0,0,0,0,0,0,0,0,0,0,0,0,0,0,0,0,0
Hungary,elpais.com,2014-12-01,0,0,0,0,0,0,0,0,0,0,0,0,0,0,0,0,0,0,0,0,0,0,0,0,0,0,0,0,0,0,0,0,0
Hungary,elpais.com,2015-01-01,0,0,0,0,0,0,0,0,0,0,0,0,0,0,0,0,0,0,0,0,0,0,0,0,0,0,0,0,0,0,0,0,0
Hungary,elpais.com,2015-02-01,0,0,0,0,0,0,0,0,0,0,0,0,0,0,0,0,0,0,0,0,0,0,0,0,0,0,0,0,0,0,0,0,0
Hungary,elpais.com,2015-03-01,0,0,0,0,0,0,0,0,0,0,0,0,0,0,0,0,0,0,0,0,0,0,0,0,0,0,0,0,0,0,0,0,0
Hungary,elpais.com,2015-04-01,0,0,0,0,0,0,0,0,0,0,0,0,0,0,0,0,0,0,0,1,0,1,0,0,0,0,0,0,0,0,0,0,0
Hungary,elpais.com,2015-05-01,0,0,0,0,0,0,0,0,0,0,0,0,0,0,0,0,0,0,0,0,0,0,0,0,0,0,0,0,0,0,0,0,0
Hungary,elpais.com,2015-06-01,0,0,0,0,0,0,0,0,0,0,0,0,0,0,0,0,0,0,0,0,0,0,0,0,0,0,0,0,0,0,0,0,0
Hungary,elpais.com,2015-07-01,0,0,0,0,0,0,0,0,0,0,0,0,0,0,0,0,0,0,0,1,0,1,0,0,0,0,0,0,0,0,0,0,0
Hungary,elpais.com,2015-08-01,0,0,0,0,0,0,0,0,0,0,0,0,0,0,0,0,0,0,0,0,0,0,0,0,0,0,0,0,0,0,0,0,0
Hungary,elpais.com,2015-09-01,0,0,0,0,0,0,0,0,0,0,0,0,0,0,0,0,0,0,0,2,0,3,0,0,0,0,1,0,0,0,0,0,0
Hungary,elpais.com,2015-10-01,0,0,0,0,0,0,0,0,0,0,0,0,0,0,0,0,0,0,0,1,0,1,0,0,0,0,0,0,0,0,0,0,0
Hungary,elpais.com,2015-11-01,0,0,0,0,0,0,0,0,0,0,0,0,0,0,0,0,0,0,0,0,0,0,0,0,0,0,0,0,0,0,0,0,0
Hungary,elpais.com,2015-12-01,0,0,0,0,0,0,0,0,0,0,0,0,0,0,0,0,0,0,0,1,0,1,0,0,0,0,0,0,0,0,0,0,0
Hungary,elpais.com,2016-01-01,0,0,0,0,0,0,0,0,0,0,0,0,0,0,0,0,0,0,0,0,0,0,0,0,0,0,0,0,0,0,0,0,0
Hungary,elpais.com,2016-02-01,0,0,0,0,0,1,0,0,0,0,0,0,0,0,0,0,0,0,0,1,0,2,0,0,0,0,0,0,0,0,0,0,0
Hungary,elpais.com,2016-03-01,0,0,0,0,0,0,0,0,0,0,0,0,0,0,0,0,0,0,0,0,0,0,0,0,0,0,0,0,0,0,0,0,0
Hungary,elpais.com,2016-04-01,0,0,0,0,0,0,0,0,0,0,0,0,0,0,0,0,0,0,0,0,0,0,0,0,0,0,0,0,0,0,0,0,0
Hungary,elpais.com,2016-05-01,0,0,0,0,0,0,0,0,0,0,0,0,0,0,0,0,0,0,0,0,0,0,0,0,0,0,0,0,0,0,0,0,0
Hungary,elpais.com,2016-06-01,0,0,0,0,0,0,0,0,0,0,0,0,0,0,0,0,0,0,0,1,0,1,0,0,0,0,0,0,0,0,0,0,0
Hungary,elpais.com,2016-07-01,0,0,0,0,0,0,0,0,0,0,0,0,0,0,0,0,0,0,0,1,0,1,0,0,0,0,0,0,0,0,0,0,0
Hungary,elpais.com,2016-08-01,0,0,0,0,0,0,0,0,0,0,0,0,0,0,0,0,0,0,0,0,0,0,0,0,0,0,0,0,0,0,0,0,0
Hungary,elpais.com,2016-09-01,0,0,0,0,0,0,0,0,0,0,0,0,0,0,0,0,0,0,0,0,0,0,0,0,0,0,0,0,0,0,0,0,0
Hungary,elpais.com,2016-10-01,0,0,0,0,0,0,0,0,0,0,0,0,0,0,0,0,0,0,0,0,0,0,0,0,0,0,0,0,0,0,0,0,0
Hungary,elpais.com,2016-11-01,0,0,0,0,0,0,0,0,0,0,0,0,0,0,0,0,0,0,0,0,0,0,0,0,0,0,0,0,0,0,0,0,0
Hungary,elpais.com,2016-12-01,0,0,0,0,0,0,0,0,0,0,0,0,0,0,0,0,0,0,0,0,0,0,0,0,0,0,0,0,0,0,0,0,0
Hungary,elpais.com,2017-01-01,0,0,0,0,0,0,0,0,0,0,0,0,0,0,0,0,0,0,0,0,0,0,0,0,0,0,0,0,0,0,0,0,0
Hungary,elpais.com,2017-02-01,0,0,0,0,0,0,0,0,0,0,0,0,0,0,0,0,0,0,0,0,0,0,0,0,0,0,0,0,0,0,0,0,0
Hungary,elpais.com,2017-03-01,0,0,0,0,0,0,0,0,0,0,0,0,0,0,0,0,0,0,0,1,0,1,0,0,0,0,0,0,0,0,0,0,0
Hungary,elpais.com,2017-04-01,0,0,0,0,0,0,0,0,0,0,0,0,0,0,0,0,0,0,0,0,0,0,0,0,0,0,0,0,0,0,0,0,0
Hungary,elpais.com,2017-05-01,0,0,0,0,0,0,0,0,0,0,0,0,0,0,0,0,0,0,0,1,0,1,0,0,0,0,0,0,0,0,0,0,0
Hungary,elpais.com,2017-06-01,0,0,0,0,0,0,0,0,0,0,0,0,0,0,0,0,0,0,0,1,0,1,0,0,0,0,0,0,0,0,0,0,0
Hungary,elpais.com,2017-07-01,0,0,0,0,0,0,0,0,0,0,0,0,0,0,0,0,0,0,0,0,0,0,0,0,0,0,0,0,0,0,0,0,0
Hungary,elpais.com,2017-08-01,0,0,0,0,0,0,0,0,0,0,0,0,0,0,0,0,0,0,0,0,0,0,0,0,0,0,0,0,0,0,0,0,0
Hungary,elpais.com,2017-09-01,0,0,0,0,0,0,0,0,0,0,0,0,0,0,0,0,0,0,0,1,0,1,0,0,0,0,0,0,0,0,0,0,0
Hungary,elpais.com,2017-10-01,0,0,0,0,0,0,0,0,0,0,0,0,0,0,0,0,0,0,0,0,0,0,0,0,0,0,0,0,0,0,0,0,0
Hungary,elpais.com,2017-11-01,0,0,0,0,0,0,0,0,0,0,0,0,0,0,0,0,0,0,0,1,0,1,0,0,0,0,0,0,0,0,0,0,0
Hungary,elpais.com,2017-12-01,0,0,1,0,0,0,0,0,0,0,0,0,0,0,0,0,0,0,0,2,0,3,0,0,0,0,0,0,0,0,0,0,0
Hungary,elpais.com,2018-01-01,0,0,0,0,0,0,0,0,0,0,0,0,0,0,0,0,0,0,0,3,0,4,1,0,0,0,0,0,0,0,0,0,0
Hungary,elpais.com,2018-02-01,0,0,0,0,0,0,0,0,0,0,0,0,0,1,0,0,0,0,0,2,0,3,0,0,0,0,0,0,0,0,0,0,0
Hungary,elpais.com,2018-03-01,0,0,0,0,0,0,0,0,0,0,0,0,0,0,0,0,0,0,0,0,0,0,0,0,0,0,0,0,0,0,0,0,0
Hungary,elpais.com,2018-04-01,0,0,0,0,0,1,1,0,0,0,0,0,0,0,0,0,0,0,0,13,0,16,1,0,0,0,0,0,0,0,0,0,0
Hungary,elpais.com,2018-05-01,0,0,0,0,0,0,0,0,0,1,0,0,0,0,0,0,0,0,0,4,0,5,0,0,0,0,0,0,0,0,0,0,0
Hungary,elpais.com,2018-06-01,0,0,0,0,0,0,0,0,0,1,0,0,0,0,0,0,0,0,0,3,0,4,0,0,0,0,0,0,0,0,0,0,0
Hungary,elpais.com,2018-07-01,0,0,0,0,0,0,0,0,0,0,0,0,0,0,0,0,0,0,0,3,0,3,0,0,0,0,0,0,0,0,0,0,0
Hungary,elpais.com,2018-08-01,0,0,0,0,0,0,0,0,0,0,0,0,0,0,0,0,0,0,0,3,0,3,0,0,0,0,0,0,0,0,0,0,0
Hungary,elpais.com,2018-09-01,0,0,1,0,0,2,0,0,0,1,0,0,0,0,0,0,0,0,0,10,0,14,0,0,0,0,0,0,0,0,0,0,0
Hungary,elpais.com,2018-10-01,0,0,0,0,0,0,0,0,0,0,0,0,0,0,0,0,0,0,0,1,0,2,0,0,0,0,0,1,0,0,0,0,0
Hungary,elpais.com,2018-11-01,0,0,1,0,0,0,0,0,0,0,0,0,0,0,0,0,0,0,0,2,0,3,0,0,0,0,0,0,0,0,0,0,0
Hungary,elpais.com,2018-12-01,0,0,0,0,0,0,0,0,0,1,0,0,0,0,1,0,0,0,0,4,0,6,0,0,0,0,0,0,0,0,0,0,0
Hungary,elpais.com,2019-01-01,0,0,0,0,0,0,0,0,0,0,0,0,0,0,0,0,0,0,0,3,0,3,0,0,0,0,0,0,0,0,0,0,0
Hungary,elpais.com,2019-02-01,0,0,0,0,0,0,0,0,0,0,0,0,0,0,0,0,0,0,0,3,0,3,0,0,0,0,0,0,0,0,0,0,0
Hungary,elpais.com,2019-03-01,0,0,0,0,0,0,0,0,0,0,0,0,0,0,0,0,0,0,0,5,0,5,0,0,0,0,0,0,0,0,0,0,0
Hungary,elpais.com,2019-04-01,0,0,0,1,0,0,0,0,0,0,0,0,0,0,0,0,0,0,0,4,0,5,0,0,0,0,0,0,0,0,0,0,0
Hungary,elpais.com,2019-05-01,0,0,0,1,0,2,0,0,0,0,0,0,0,0,1,0,0,0,0,7,0,12,1,0,0,0,0,0,0,0,0,0,0
Hungary,elpais.com,2019-06-01,0,0,0,0,0,0,0,0,0,0,0,0,0,0,0,0,0,0,0,4,0,5,1,0,0,0,0,0,0,0,0,0,0
Hungary,elpais.com,2019-07-01,0,0,1,0,0,0,0,0,0,0,0,0,0,1,0,0,0,0,0,3,0,4,0,0,0,0,0,0,0,0,0,0,0
Hungary,elpais.com,2019-08-01,0,0,0,0,0,0,0,0,0,0,0,0,0,0,0,0,0,0,0,4,0,4,0,0,0,0,0,0,0,0,0,0,0
Hungary,elpais.com,2019-09-01,0,0,0,0,0,0,0,0,0,0,0,0,0,0,0,0,0,0,0,3,0,3,0,0,0,0,0,0,0,0,0,0,0
Hungary,elpais.com,2019-10-01,0,0,1,0,0,2,0,0,0,0,0,0,0,0,0,0,0,0,0,6,0,9,0,0,0,0,0,0,0,0,0,0,0
Hungary,elpais.com,2019-11-01,0,0,0,0,0,0,0,0,0,0,0,0,0,0,0,0,0,0,0,1,0,1,0,0,0,0,0,0,0,0,0,0,0
Hungary,elpais.com,2019-12-01,0,0,0,0,0,0,0,0,0,0,0,0,0,0,0,0,0,0,0,6,0,6,0,0,0,0,0,0,0,0,0,0,0
Hungary,elpais.com,2020-01-01,0,0,0,0,0,0,0,0,0,0,0,0,0,0,0,0,0,0,0,3,0,3,0,0,0,0,0,0,0,0,0,0,0
Hungary,elpais.com,2020-02-01,0,0,0,0,0,0,0,0,0,0,0,0,0,0,0,0,0,0,0,6,0,6,0,0,0,0,0,0,0,0,0,0,0
Hungary,elpais.com,2020-03-01,0,0,0,0,0,0,0,0,0,0,0,0,0,0,1,0,0,0,0,2,0,4,0,0,0,0,0,0,0,0,1,0,0
Hungary,elpais.com,2020-04-01,0,0,1,0,0,0,0,0,0,0,0,0,0,0,0,0,0,0,0,2,0,3,0,0,0,0,0,0,0,0,0,0,0
Hungary,elpais.com,2020-05-01,1,0,0,0,0,0,0,0,0,0,0,0,0,0,0,0,0,0,0,1,0,2,0,0,0,0,0,0,0,0,0,0,0
Hungary,elpais.com,2020-06-01,0,0,0,0,0,0,0,0,0,0,0,0,0,0,0,0,0,0,0,0,0,0,0,0,0,0,0,0,0,0,0,0,0
Hungary,elpais.com,2020-07-01,0,0,0,0,0,0,0,0,0,0,0,0,0,0,0,0,0,0,0,0,0,0,0,0,0,0,0,0,0,0,0,0,0
Hungary,elpais.com,2020-08-01,0,0,0,0,0,0,0,0,0,0,0,0,0,0,0,0,0,0,0,1,0,1,0,0,0,0,0,0,0,0,0,0,0
Hungary,elpais.com,2020-09-01,0,0,0,0,0,0,0,0,0,0,0,0,0,0,0,0,0,0,0,2,0,2,0,0,0,0,0,0,0,0,0,0,0
Hungary,elpais.com,2020-10-01,0,0,0,0,0,0,0,0,0,0,0,0,0,0,1,0,0,0,0,2,0,3,0,0,0,0,0,0,0,0,0,0,0
Hungary,elpais.com,2020-11-01,0,0,0,0,0,0,0,0,0,0,0,0,0,0,1,0,0,0,0,13,0,14,0,0,0,0,0,0,0,0,0,0,0
Hungary,elpais.com,2020-12-01,0,0,0,0,0,0,0,0,0,0,0,0,0,0,0,0,0,0,0,6,0,6,0,0,0,0,0,0,0,0,0,0,0
Hungary,elpais.com,2021-01-01,0,0,0,0,0,0,0,0,0,0,0,0,0,0,0,0,0,0,0,1,0,1,0,0,0,0,0,0,0,0,0,0,0
Hungary,elpais.com,2021-02-01,0,0,0,0,0,0,0,0,0,0,0,0,0,0,0,0,0,0,0,3,0,3,0,0,0,0,0,0,0,0,0,0,0
Hungary,elpais.com,2021-03-01,0,0,0,0,0,0,0,0,0,0,0,0,0,0,0,0,0,0,0,2,0,2,0,0,0,0,0,0,0,0,0,0,0
Hungary,elpais.com,2021-04-01,0,0,0,0,0,0,0,0,0,0,0,0,0,0,1,0,0,0,0,2,0,3,0,0,0,0,0,0,0,0,0,0,0
Hungary,elpais.com,2021-05-01,0,0,0,0,0,0,0,0,0,0,0,0,0,0,0,0,0,0,0,0,0,0,0,0,0,0,0,0,0,0,0,0,0
Hungary,elpais.com,2021-06-01,0,0,0,0,0,0,0,0,0,0,0,0,0,0,2,0,0,0,0,3,0,5,0,0,0,0,0,0,0,0,0,0,0
Hungary,elpais.com,2021-07-01,0,1,1,0,0,0,0,0,0,0,0,0,0,0,2,0,0,0,0,6,0,10,0,0,0,0,0,0,0,0,0,0,0
Hungary,elpais.com,2021-08-01,0,0,0,0,0,0,0,0,0,0,0,0,0,0,0,0,0,0,0,0,0,0,0,0,0,0,0,0,0,0,0,0,0
Hungary,elpais.com,2021-09-01,0,0,0,0,0,0,0,0,0,0,0,0,0,0,0,0,0,0,0,2,0,2,0,0,0,0,0,0,0,0,0,0,0
Hungary,elpais.com,2021-10-01,0,0,0,0,0,0,0,0,0,0,0,0,0,0,0,0,0,0,0,2,0,2,0,0,0,0,0,0,0,0,0,0,0
Hungary,elpais.com,2021-11-01,0,0,0,0,0,0,0,0,0,0,0,0,0,0,0,0,0,0,0,1,0,1,0,0,0,0,0,0,0,0,0,0,0
Hungary,elpais.com,2021-12-01,0,0,0,0,0,0,0,0,0,0,0,0,0,0,0,0,0,0,0,1,0,1,0,0,0,0,0,0,0,0,0,0,0
Hungary,elpais.com,2022-01-01,0,0,0,0,0,0,0,0,0,0,0,0,0,0,0,0,0,0,0,2,0,2,0,0,0,0,0,0,0,0,0,0,0
Hungary,elpais.com,2022-02-01,0,0,0,0,0,0,0,0,0,0,0,0,0,0,0,0,0,0,0,0,0,0,0,0,0,0,0,0,0,0,0,0,0
Hungary,elpais.com,2022-03-01,0,0,0,0,0,0,0,0,0,0,0,0,0,0,0,0,0,0,0,1,0,1,0,0,0,0,0,0,0,0,0,0,0
Hungary,elpais.com,2022-04-01,0,0,0,0,0,0,0,0,0,0,0,0,0,0,0,0,0,0,0,2,0,2,0,0,0,0,0,0,0,0,0,0,0
Hungary,elpais.com,2022-05-01,0,0,0,0,0,0,0,0,0,0,0,0,0,0,0,0,0,0,0,2,0,2,0,0,0,0,0,0,0,0,0,0,0
Hungary,elpais.com,2022-06-01,0,0,0,0,0,0,0,0,0,0,0,0,0,0,1,0,0,0,0,2,0,3,0,0,0,0,0,0,0,0,0,0,0
Hungary,elpais.com,2022-07-01,0,0,0,0,0,0,0,0,0,0,0,0,0,0,0,0,0,0,0,0,0,0,0,0,0,0,0,0,0,0,0,0,0
Hungary,elpais.com,2022-08-01,0,0,0,0,0,0,0,0,0,0,0,0,0,0,0,0,0,0,0,1,0,1,0,0,0,0,0,0,0,0,0,0,0
Hungary,elpais.com,2022-09-01,0,0,0,0,0,0,0,0,0,0,0,0,0,0,0,0,0,1,0,1,0,3,0,0,0,0,0,1,0,0,0,0,0
Hungary,elpais.com,2022-10-01,0,0,0,0,0,0,0,0,0,0,0,0,0,0,0,0,0,0,0,0,0,0,0,0,0,0,0,0,0,0,0,0,0
Hungary,elpais.com,2022-11-01,0,0,0,0,0,0,0,0,0,0,0,0,0,0,0,0,0,1,0,1,0,2,0,0,0,0,0,0,0,0,0,0,0
Hungary,elpais.com,2022-12-01,0,0,0,0,0,0,0,0,0,0,0,0,0,0,0,0,0,0,0,3,0,3,0,0,0,0,0,0,0,0,0,0,0
Hungary,elpais.com,2023-01-01,0,0,0,0,0,0,0,0,0,0,0,0,0,0,0,0,0,0,0,4,0,4,0,0,0,0,0,0,0,0,0,0,0
Hungary,elpais.com,2023-02-01,0,0,0,0,0,0,0,0,0,0,0,0,0,0,0,0,0,0,0,0,0,0,0,0,0,0,0,0,0,0,0,0,0
Hungary,elpais.com,2023-03-01,0,0,0,0,0,0,0,0,0,0,0,0,0,0,0,0,0,0,0,3,0,4,0,0,1,0,1,0,0,0,0,0,0
Hungary,elpais.com,2023-04-01,0,0,0,0,0,0,0,0,0,0,0,0,0,0,0,0,0,0,0,8,0,8,0,0,0,0,0,0,0,0,0,0,0
Hungary,elpais.com,2023-05-01,0,0,0,0,0,0,0,0,0,0,0,0,0,0,0,0,0,0,0,3,0,3,0,0,0,0,0,0,0,0,0,0,0
Hungary,elpais.com,2023-06-01,0,0,0,0,0,0,0,0,0,0,0,0,0,0,0,0,0,0,0,2,0,2,0,0,0,0,0,0,0,0,0,0,0
Hungary,elpais.com,2023-07-01,0,0,0,0,0,0,0,0,0,0,0,0,0,0,0,0,0,0,0,0,0,0,0,0,0,0,0,0,0,0,0,0,0
Hungary,elpais.com,2023-08-01,0,0,0,0,0,0,0,0,0,0,0,0,0,0,0,0,0,0,0,2,0,2,0,0,0,0,0,0,0,0,0,0,0
Hungary,elpais.com,2023-09-01,0,0,0,0,0,0,0,0,0,0,0,0,0,0,0,0,0,0,0,3,0,3,0,0,0,0,0,0,0,0,0,0,0
Hungary,elpais.com,2023-10-01,0,0,0,0,0,0,0,0,0,0,0,0,0,0,0,0,0,0,0,0,0,0,0,0,0,0,0,0,0,0,0,0,0
Hungary,elpais.com,2023-11-01,0,0,0,0,0,0,0,0,0,0,0,0,0,0,0,0,0,0,0,1,0,1,0,0,0,0,0,0,0,0,0,0,0
Hungary,elpais.com,2023-12-01,0,0,0,0,0,0,0,0,0,1,0,0,0,0,0,0,0,0,0,7,0,8,0,0,0,0,0,0,0,0,0,0,0
Hungary,elpais.com,2024-01-01,0,0,0,0,0,0,0,0,0,0,0,0,0,0,0,0,0,0,0,1,0,1,0,0,0,0,0,0,0,0,0,0,0
Hungary,elpais.com,2024-02-01,0,0,0,0,0,0,0,0,0,0,0,0,0,0,0,0,0,0,0,2,0,2,0,0,0,0,0,0,0,0,0,0,0
Hungary,elpais.com,2024-03-01,0,0,0,0,0,0,0,0,0,0,0,0,0,0,0,0,0,0,0,0,0,0,0,0,0,0,0,0,0,0,0,0,0
Hungary,elpais.com,2024-04-01,0,0,0,0,0,0,0,0,0,0,0,0,0,0,0,0,0,0,0,0,0,0,0,0,0,0,0,0,0,0,0,0,0
Hungary,elpais.com,2024-05-01,0,0,0,0,0,0,0,0,0,0,0,0,0,0,0,0,0,0,0,1,0,1,0,0,0,0,0,0,0,0,0,0,0
Hungary,elpais.com,2024-06-01,0,0,0,0,0,0,0,0,0,0,0,0,0,0,0,0,0,0,0,0,0,0,0,0,0,0,0,0,0,0,0,0,0
Hungary,elpais.com,2024-07-01,0,0,0,0,0,0,0,0,0,0,0,0,0,0,0,0,0,0,0,2,0,2,0,0,0,0,0,0,0,0,0,0,0
Hungary,elpais.com,2024-08-01,0,0,0,0,0,0,0,0,0,0,0,0,0,0,0,0,0,1,0,0,0,2,0,0,0,0,0,0,0,0,1,0,0
Hungary,elpais.com,2024-09-01,0,0,0,1,0,0,0,0,0,0,0,0,0,0,0,0,0,0,0,1,0,2,0,0,0,0,0,0,0,0,0,0,0
Hungary,elpais.com,2024-10-01,0,0,0,0,0,0,0,0,0,0,0,0,0,0,0,0,0,0,0,1,0,1,0,0,0,0,0,0,0,0,0,0,0
Hungary,elpais.com,2024-11-01,0,0,0,0,0,0,0,0,0,0,0,0,0,0,0,0,0,0,0,4,0,4,0,0,0,0,0,0,0,0,0,0,0
Hungary,elpais.com,2024-12-01,0,0,0,0,0,0,0,0,0,0,0,0,0,0,0,0,0,0,0,1,0,1,0,0,0,0,0,0,0,0,0,0,0
Hungary,elpais.com,2025-01-01,0,0,0,0,0,0,0,0,0,0,0,0,0,0,0,0,0,0,0,0,0,0,0,0,0,0,0,0,0,0,0,0,0
Hungary,elpais.com,2025-02-01,0,0,0,0,0,0,0,0,0,0,0,0,0,0,0,0,0,1,0,0,0,1,0,0,0,0,0,0,0,0,0,0,0
Hungary,elpais.com,2025-03-01,0,0,0,0,0,0,0,0,0,0,0,0,0,0,0,0,0,0,0,2,0,2,0,0,0,0,0,0,0,0,0,0,0
Hungary,elpais.com,2025-04-01,0,0,0,0,0,0,0,0,0,0,0,0,0,0,0,0,0,0,0,0,0,0,0,0,0,0,0,0,0,0,0,0,0
Hungary,elpais.com,2025-05-01,0,0,0,0,0,0,0,0,0,0,0,0,0,0,0,0,0,0,0,0,0,0,0,0,0,0,0,0,0,0,0,0,0
Hungary,elpais.com,2025-06-01,0,0,0,0,0,0,0,0,0,0,0,0,0,0,0,0,0,0,0,0,0,0,0,0,0,0,0,0,0,0,0,0,0
Hungary,euronews.com,2012-01-01,0,0,1,0,0,0,0,0,0,1,0,0,0,0,1,0,0,3,0,16,0,22,0,0,0,0,0,0,0,0,0,0,0
Hungary,euronews.com,2012-02-01,0,0,0,0,0,0,0,0,0,0,0,0,0,0,0,0,0,0,0,8,0,8,0,0,0,0,0,0,0,0,0,0,0
Hungary,euronews.com,2012-03-01,0,0,0,0,0,0,0,0,0,0,0,0,0,0,0,0,0,0,0,2,0,2,0,0,0,0,0,0,0,0,0,0,0
Hungary,euronews.com,2012-04-01,0,0,0,0,0,0,0,1,0,1,0,0,0,0,1,0,1,0,0,8,0,12,0,0,0,0,0,0,0,0,0,0,0
Hungary,euronews.com,2012-05-01,0,0,0,0,0,0,0,0,0,0,0,0,0,0,0,0,0,0,0,8,0,9,1,0,0,0,0,0,0,0,0,0,0
Hungary,euronews.com,2012-06-01,0,0,0,0,0,0,0,0,0,0,0,0,0,0,0,0,0,0,0,4,0,4,0,0,0,0,0,0,0,0,0,0,0
Hungary,euronews.com,2012-07-01,0,0,1,0,0,0,0,0,0,0,0,0,0,0,0,0,0,0,0,6,0,7,0,0,0,0,0,0,0,0,0,0,0
Hungary,euronews.com,2012-08-01,0,0,0,2,0,0,0,0,0,0,0,0,0,0,0,0,0,0,0,0,0,2,0,0,0,0,0,0,0,0,0,0,0
Hungary,euronews.com,2012-09-01,0,0,1,0,0,0,0,0,0,0,0,0,0,0,0,0,0,0,0,5,0,9,1,1,0,0,1,0,0,0,0,0,0
Hungary,euronews.com,2012-10-01,0,1,0,0,0,0,0,0,0,0,0,0,0,0,0,0,0,0,0,1,0,2,0,0,0,0,0,0,0,0,0,0,0
Hungary,euronews.com,2012-11-01,0,1,1,0,0,0,0,0,0,0,0,0,0,0,0,0,0,0,0,5,0,7,0,0,0,0,0,0,0,0,0,0,0
Hungary,euronews.com,2012-12-01,0,0,0,0,0,0,0,0,0,0,0,0,0,0,0,0,0,0,0,0,0,0,0,0,0,0,0,0,0,0,0,0,0
Hungary,euronews.com,2013-01-01,0,0,0,0,0,0,0,0,0,0,0,0,0,0,0,0,0,0,0,1,0,1,0,0,0,0,0,0,0,0,0,0,0
Hungary,euronews.com,2013-02-01,0,0,0,1,0,0,0,0,0,0,0,0,0,0,1,0,0,0,0,1,0,4,0,0,1,0,1,0,0,0,0,0,0
Hungary,euronews.com,2013-03-01,0,0,0,0,0,0,0,0,0,0,0,0,0,0,0,0,0,0,0,4,0,4,0,0,0,0,0,0,0,0,0,0,0
Hungary,euronews.com,2013-04-01,0,1,0,0,0,0,0,0,0,0,0,0,0,0,0,0,0,0,0,15,0,16,0,0,0,0,0,0,0,0,0,0,0
Hungary,euronews.com,2013-05-01,0,1,0,0,0,0,0,0,0,1,0,0,0,0,0,0,0,0,0,3,0,6,0,0,0,0,0,1,0,0,0,0,0
Hungary,euronews.com,2013-06-01,0,0,0,8,0,0,0,1,0,0,0,0,0,0,0,0,0,0,0,8,0,17,0,0,0,0,0,0,0,0,0,0,0
Hungary,euronews.com,2013-07-01,0,0,0,0,1,0,0,0,0,0,0,0,0,0,0,0,0,0,0,7,0,8,0,0,0,0,0,0,0,0,0,0,0
Hungary,euronews.com,2013-08-01,0,0,1,0,0,0,0,0,0,0,0,0,0,0,0,0,0,0,0,3,0,5,0,0,0,0,1,0,0,0,0,0,0
Hungary,euronews.com,2013-09-01,0,0,0,1,0,0,0,0,0,0,0,0,0,0,0,0,0,0,0,3,0,4,0,0,0,0,0,0,0,0,0,0,0
Hungary,euronews.com,2013-10-01,0,1,1,0,0,0,0,0,0,0,0,0,0,0,1,0,0,0,0,10,0,14,0,0,0,0,0,1,0,0,0,0,0
Hungary,euronews.com,2013-11-01,0,0,0,0,0,0,0,0,0,0,0,0,0,0,1,0,0,0,0,13,0,14,0,0,0,0,0,0,0,0,0,0,0
Hungary,euronews.com,2013-12-01,0,0,1,0,0,0,0,0,0,0,0,0,0,1,0,0,0,0,0,3,0,4,0,0,0,0,0,0,0,0,0,0,0
Hungary,euronews.com,2014-01-01,0,1,0,0,0,0,0,0,0,1,0,2,0,0,0,0,0,1,0,13,0,19,0,0,0,0,0,0,0,0,1,0,0
Hungary,euronews.com,2014-02-01,0,1,0,0,0,0,0,0,0,0,0,0,0,0,1,0,0,0,0,1,0,3,0,0,0,0,0,0,0,0,0,0,0
Hungary,euronews.com,2014-03-01,0,1,1,0,0,5,0,0,0,1,0,0,0,0,0,0,0,0,0,4,0,12,0,0,0,0,0,0,0,0,0,0,0
Hungary,euronews.com,2014-04-01,0,1,0,0,0,23,0,0,0,1,0,0,0,0,0,0,0,0,0,26,0,51,0,0,0,0,0,0,0,0,0,0,0
Hungary,euronews.com,2014-05-01,0,0,1,1,0,3,0,0,0,0,0,0,0,0,1,0,0,0,0,22,0,28,0,0,0,0,0,0,0,0,0,0,0
Hungary,euronews.com,2014-06-01,0,1,0,0,1,1,0,0,0,0,0,0,0,0,1,0,0,0,0,11,0,15,0,0,0,0,0,0,0,0,0,0,0
Hungary,euronews.com,2014-07-01,0,1,0,1,0,1,0,0,0,0,0,0,0,0,1,0,0,0,0,9,0,13,0,0,0,0,0,0,0,0,0,0,0
Hungary,euronews.com,2014-08-01,0,0,0,0,0,0,0,0,0,0,0,0,0,0,0,0,0,0,0,8,0,8,0,0,0,0,0,0,0,0,0,0,0
Hungary,euronews.com,2014-09-01,0,0,0,0,0,0,0,0,0,1,0,0,0,0,0,0,0,0,1,11,0,13,0,0,0,0,0,0,0,0,0,0,0
Hungary,euronews.com,2014-10-01,0,2,0,0,0,0,0,0,0,0,0,0,0,0,1,0,0,0,0,17,0,24,0,0,0,0,0,4,0,0,0,0,0
Hungary,euronews.com,2014-11-01,0,6,0,0,0,0,0,0,0,0,0,1,0,0,2,0,0,0,0,17,0,26,0,0,0,0,0,0,0,0,0,0,0
Hungary,euronews.com,2014-12-01,0,5,0,0,0,0,0,1,0,0,0,0,0,1,0,0,0,0,0,41,0,48,0,0,0,0,0,0,0,0,0,0,0
Hungary,euronews.com,2015-01-01,0,4,0,0,0,0,0,0,0,0,0,0,1,0,0,0,0,0,0,28,0,33,0,0,0,0,0,0,0,0,0,0,0
Hungary,euronews.com,2015-02-01,0,8,0,0,0,6,0,0,0,1,0,0,0,0,0,1,0,0,0,55,0,75,1,2,0,0,0,0,0,1,0,0,0
Hungary,euronews.com,2015-03-01,0,0,0,0,0,0,0,0,0,0,0,0,0,2,0,0,2,0,0,38,0,42,1,0,2,0,1,0,0,0,0,0,0
Hungary,euronews.com,2015-04-01,0,8,1,0,0,4,1,0,0,0,0,0,0,0,0,0,0,0,0,40,0,54,0,0,0,0,0,0,0,0,0,0,0
Hungary,euronews.com,2015-05-01,0,4,1,0,0,0,0,1,0,0,0,0,0,0,1,0,0,0,1,50,0,58,0,0,0,0,0,0,0,0,0,0,0
Hungary,euronews.com,2015-06-01,0,1,1,1,0,0,0,1,0,2,0,2,0,1,2,0,0,1,0,100,0,112,0,0,0,0,0,1,0,0,0,0,0
Hungary,euronews.com,2015-07-01,0,5,0,1,0,0,0,0,0,0,0,1,0,0,2,0,0,0,0,43,0,54,0,0,0,0,0,2,0,0,0,0,0
Hungary,euronews.com,2015-08-01,1,2,0,0,0,0,0,2,2,0,0,6,0,0,0,7,1,0,0,115,0,146,7,0,0,0,1,0,0,0,0,2,0
Hungary,euronews.com,2015-09-01,6,14,0,2,1,0,0,8,4,6,0,17,0,0,15,18,2,1,7,421,0,536,6,1,0,0,1,1,0,1,1,0,3
Hungary,euronews.com,2015-10-01,0,1,1,1,0,2,0,0,0,2,0,0,0,0,2,9,0,0,0,108,0,132,0,2,0,0,1,3,0,0,0,0,0
Hungary,euronews.com,2015-11-01,1,0,1,0,0,0,0,0,1,0,0,0,0,0,0,1,0,0,0,30,0,34,0,0,0,0,0,0,0,0,0,0,0
Hungary,euronews.com,2015-12-01,4,1,6,0,0,1,0,0,0,0,0,0,1,0,0,0,0,0,0,28,0,42,0,0,0,0,0,0,0,0,0,0,1
Hungary,euronews.com,2016-01-01,0,3,2,0,0,0,0,0,0,0,0,0,0,0,1,0,0,0,0,27,0,33,0,0,0,0,0,0,0,0,0,0,0
Hungary,euronews.com,2016-02-01,0,3,1,0,0,0,0,0,0,1,0,0,0,0,7,0,0,0,0,59,0,72,0,1,0,0,0,0,0,0,0,0,0
Hungary,euronews.com,2016-03-01,0,5,0,2,0,0,0,2,0,0,0,0,0,0,0,0,0,0,0,37,0,46,0,0,0,0,0,0,0,0,0,0,0
Hungary,euronews.com,2016-04-01,0,5,0,0,0,0,0,0,0,0,0,0,0,0,1,1,0,0,0,33,0,42,0,0,0,0,0,2,0,0,0,0,0
Hungary,euronews.com,2016-05-01,1,0,0,0,0,0,0,0,0,3,0,0,0,0,3,0,0,2,0,56,0,67,0,1,1,0,1,0,0,0,0,0,0
Hungary,euronews.com,2016-06-01,0,0,2,0,0,0,0,0,0,0,0,0,0,0,0,0,0,1,0,59,0,62,0,0,0,0,0,0,0,0,0,0,0
Hungary,euronews.com,2016-07-01,0,0,0,0,1,1,0,1,0,1,0,0,0,0,1,0,0,0,0,70,0,75,0,0,0,0,0,0,0,0,0,0,0
Hungary,euronews.com,2016-08-01,0,0,0,0,0,0,0,0,0,0,0,0,0,0,0,0,0,0,0,71,0,75,4,0,0,0,0,0,0,0,0,0,0
Hungary,euronews.com,2016-09-01,0,1,2,6,0,5,0,1,0,1,0,2,0,1,1,0,0,0,0,63,0,85,1,0,0,0,0,0,0,1,0,0,0
Hungary,euronews.com,2016-10-01,2,6,0,0,5,10,2,0,0,3,0,0,4,1,7,1,0,2,0,93,0,140,3,0,0,0,0,1,0,0,0,0,0
Hungary,euronews.com,2016-11-01,3,1,0,3,0,1,0,1,0,1,0,0,0,3,3,0,2,0,0,30,0,47,0,0,0,0,0,0,0,0,0,0,0
Hungary,euronews.com,2016-12-01,0,2,2,0,0,0,0,1,0,0,0,0,0,0,0,0,0,0,0,7,0,12,0,0,0,0,0,0,0,0,0,0,0
Hungary,euronews.com,2017-01-01,0,0,0,8,0,0,0,1,0,0,0,1,0,0,0,0,0,0,0,51,0,61,0,0,0,0,0,0,0,0,0,0,0
Hungary,euronews.com,2017-02-01,0,3,0,11,0,3,0,0,0,0,0,0,0,0,1,1,0,0,0,51,0,70,0,0,0,0,0,0,0,0,0,0,0
Hungary,euronews.com,2017-03-01,2,3,0,0,0,4,0,0,0,0,0,1,0,0,6,1,0,0,0,50,0,71,0,1,1,0,1,0,1,0,0,0,0
Hungary,euronews.com,2017-04-01,0,23,5,0,0,0,0,0,0,0,0,0,0,0,16,0,0,1,0,90,0,141,0,1,0,0,0,5,0,0,0,0,0
Hungary,euronews.com,2017-05-01,0,6,1,0,0,1,0,0,0,1,0,0,0,0,3,0,0,3,0,42,0,58,0,0,0,0,0,0,0,0,1,0,0
Hungary,euronews.com,2017-06-01,0,1,2,1,0,1,0,0,0,0,0,0,0,0,5,0,0,0,0,24,0,35,0,0,0,0,1,0,0,0,0,0,0
Hungary,euronews.com,2017-07-01,0,0,1,0,0,0,0,0,0,2,0,0,0,0,1,0,0,1,0,43,0,49,0,0,0,0,0,1,0,0,0,0,0
Hungary,euronews.com,2017-08-01,0,0,0,0,0,3,0,2,0,2,0,0,0,0,0,0,0,0,0,46,0,53,0,0,0,0,0,0,0,0,0,0,0
Hungary,euronews.com,2017-09-01,0,1,3,1,0,1,0,0,0,0,0,0,0,0,0,0,0,0,0,39,0,45,0,0,0,0,0,0,0,0,0,0,0
Hungary,euronews.com,2017-10-01,0,0,1,0,0,1,0,0,0,1,0,0,0,1,0,0,0,0,0,18,0,22,0,0,0,0,1,0,0,0,0,0,0
Hungary,euronews.com,2017-11-01,0,3,0,0,0,0,0,0,0,0,0,0,0,0,1,0,0,0,0,43,0,47,0,0,0,0,0,0,0,0,0,0,0
Hungary,euronews.com,2017-12-01,0,3,4,0,0,0,0,0,0,0,0,1,0,3,2,0,0,0,0,36,0,50,0,0,0,0,1,0,0,0,0,0,0
Hungary,euronews.com,2018-01-01,0,1,2,0,0,2,0,0,0,2,0,0,0,3,1,0,1,0,0,46,0,57,0,0,1,0,1,0,0,0,0,0,0
Hungary,euronews.com,2018-02-01,0,0,3,0,0,0,0,0,0,0,0,0,0,2,1,0,0,0,0,31,0,35,0,0,0,0,0,0,0,0,0,0,0
Hungary,euronews.com,2018-03-01,1,3,0,0,0,6,0,0,0,0,0,0,0,0,0,0,0,1,0,22,0,34,1,0,0,0,0,0,0,0,0,0,0
Hungary,euronews.com,2018-04-01,0,8,1,0,1,44,3,0,0,1,0,0,0,2,0,0,2,1,0,62,0,123,0,0,0,0,0,0,0,0,0,0,0
Hungary,euronews.com,2018-05-01,0,3,0,1,0,0,0,0,0,0,0,0,0,0,3,0,0,1,0,70,0,82,1,0,0,0,0,2,0,0,0,0,1
Hungary,euronews.com,2018-06-01,1,1,2,0,0,3,0,0,0,4,0,0,0,1,7,0,0,0,0,36,0,58,1,0,0,0,1,2,0,0,0,0,0
Hungary,euronews.com,2018-07-01,0,1,4,1,0,0,0,1,0,0,0,0,0,0,0,1,2,0,0,58,0,68,0,0,0,0,0,0,0,0,0,0,0
Hungary,euronews.com,2018-08-01,0,0,0,2,0,0,0,0,0,0,0,0,0,0,0,0,0,0,0,46,0,49,0,0,0,0,0,1,0,0,0,0,0
Hungary,euronews.com,2018-09-01,0,2,1,0,0,1,0,0,0,2,0,0,0,2,4,0,0,2,0,81,0,96,0,0,0,0,1,0,0,0,0,0,0
Hungary,euronews.com,2018-10-01,1,1,0,0,0,0,0,0,0,0,0,0,0,1,3,0,0,0,0,47,0,55,1,0,0,0,1,1,0,0,0,0,0
Hungary,euronews.com,2018-11-01,0,2,3,0,0,0,1,0,0,1,0,2,0,2,0,0,0,0,0,28,0,37,0,0,0,0,0,0,0,0,0,0,0
Hungary,euronews.com,2018-12-01,0,27,1,0,4,0,0,5,0,0,0,0,1,0,7,0,0,1,0,57,0,103,0,0,0,0,0,0,0,0,0,0,0
Hungary,euronews.com,2019-01-01,1,12,4,1,0,3,0,0,0,0,0,0,0,2,0,0,0,2,0,57,0,82,0,0,0,0,0,0,1,0,0,0,0
Hungary,euronews.com,2019-02-01,0,3,2,1,0,2,0,0,0,0,0,0,0,0,2,0,0,1,0,53,1,67,1,0,0,0,2,0,0,0,0,0,0
Hungary,euronews.com,2019-03-01,1,0,2,0,0,3,0,0,0,3,0,0,0,0,1,0,1,1,0,50,0,62,0,0,0,0,0,0,0,0,0,0,0
Hungary,euronews.com,2019-04-01,1,2,1,0,0,0,0,0,0,0,0,0,0,3,0,0,0,0,0,34,0,39,0,0,0,0,0,0,0,0,0,0,0
Hungary,euronews.com,2019-05-01,1,1,2,7,0,10,0,0,0,4,0,0,0,0,1,0,0,1,0,77,0,105,1,0,0,0,0,0,0,0,0,0,0
Hungary,euronews.com,2019-06-01,0,0,3,16,0,2,0,2,0,1,0,0,0,3,3,0,0,0,0,36,0,70,4,0,0,0,1,0,0,0,0,1,0
Hungary,euronews.com,2019-07-01,0,0,2,0,0,0,0,0,0,1,0,0,0,0,2,0,0,0,0,39,0,46,0,0,0,0,1,1,0,0,0,0,0
Hungary,euronews.com,2019-08-01,0,1,0,1,0,0,0,3,0,0,0,0,0,0,1,1,0,0,0,42,0,49,0,0,0,0,0,0,0,0,0,0,0
Hungary,euronews.com,2019-09-01,0,0,3,1,0,4,1,0,0,1,0,0,1,0,0,0,0,0,0,44,0,55,0,0,0,0,0,0,0,0,0,0,0
Hungary,euronews.com,2019-10-01,0,0,1,2,0,6,0,1,0,3,0,0,0,0,1,0,1,0,0,31,0,47,0,0,0,0,1,0,0,0,0,0,0
Hungary,euronews.com,2019-11-01,0,2,3,0,0,1,0,0,0,0,0,0,0,2,5,0,0,0,0,57,0,73,1,0,0,0,2,0,1,0,0,0,0
Hungary,euronews.com,2019-12-01,0,1,0,0,0,0,1,1,0,1,0,0,0,0,2,0,0,0,0,19,0,25,0,0,0,0,0,0,0,0,0,0,0
Hungary,euronews.com,2020-01-01,0,0,1,0,0,0,0,0,0,0,0,0,0,1,1,1,0,0,0,14,0,18,0,0,1,0,1,0,0,0,0,0,0
Hungary,euronews.com,2020-02-01,0,0,0,0,0,0,0,2,0,0,0,0,0,0,0,0,1,0,0,7,0,10,0,0,0,0,0,0,0,0,0,0,0
Hungary,euronews.com,2020-03-01,0,0,0,0,0,0,0,0,1,0,0,0,0,0,3,0,0,0,0,7,0,11,0,0,0,0,0,0,0,0,0,0,0
Hungary,euronews.com,2020-04-01,0,0,0,0,0,0,0,1,0,0,0,0,0,0,1,0,0,0,0,14,0,16,0,0,0,0,0,0,0,0,0,0,0
Hungary,euronews.com,2020-05-01,0,0,1,2,0,0,0,0,0,0,0,0,0,0,4,0,0,0,0,12,0,20,0,0,0,0,0,1,0,0,0,0,0
Hungary,euronews.com,2020-06-01,0,0,0,0,0,0,0,0,0,0,0,0,0,0,3,0,0,0,0,10,0,13,0,0,0,0,0,0,0,0,0,0,0
Hungary,euronews.com,2020-07-01,0,2,0,1,0,0,0,0,0,0,0,0,0,0,0,0,1,0,0,7,0,11,0,0,0,0,0,0,0,0,0,0,0
Hungary,euronews.com,2020-08-01,0,0,0,0,0,0,0,0,0,2,0,0,0,0,0,0,0,0,0,5,0,7,0,0,0,0,0,0,0,0,0,0,0
Hungary,euronews.com,2020-09-01,0,1,0,1,0,0,0,0,1,0,0,0,0,0,0,0,0,0,0,10,0,13,0,0,0,0,0,0,0,0,0,0,0
Hungary,euronews.com,2020-10-01,0,0,1,0,0,0,0,0,0,0,0,0,0,1,1,0,0,0,0,14,0,16,0,0,0,0,0,0,0,0,0,0,0
Hungary,euronews.com,2020-11-01,0,0,2,4,0,0,0,0,0,3,2,0,0,2,2,0,0,0,0,20,0,33,0,0,0,0,0,0,0,0,0,0,0
Hungary,euronews.com,2020-12-01,0,2,2,1,0,1,0,0,0,0,1,0,0,1,0,0,1,0,0,29,0,38,0,0,0,0,0,1,0,0,0,0,0
Hungary,euronews.com,2021-01-01,0,1,0,0,0,0,0,0,0,1,0,0,0,0,0,0,0,0,0,12,0,15,0,0,0,0,0,1,0,0,0,0,0
Hungary,euronews.com,2021-02-01,1,0,1,0,3,0,0,1,0,0,0,0,1,1,1,0,0,1,0,31,0,40,0,0,0,0,0,0,0,0,0,0,0
Hungary,euronews.com,2021-03-01,0,1,2,2,0,0,0,1,1,0,0,0,0,2,0,0,1,0,0,29,0,37,0,0,0,0,0,0,0,0,0,0,0
Hungary,euronews.com,2021-04-01,0,0,2,0,0,0,0,1,1,1,0,0,0,1,1,0,0,0,0,31,0,38,0,1,0,0,0,0,0,0,0,0,0
Hungary,euronews.com,2021-05-01,0,0,0,0,0,1,0,1,1,2,0,0,0,0,1,0,0,0,0,61,0,70,0,0,0,0,0,3,0,0,0,0,0
Hungary,euronews.com,2021-06-01,0,9,7,1,0,2,0,1,0,1,2,0,0,4,24,0,1,1,0,133,0,189,0,0,0,0,0,8,0,0,0,0,0
Hungary,euronews.com,2021-07-01,0,14,6,0,1,2,0,3,0,0,0,0,0,1,15,0,0,1,1,81,0,125,0,1,0,0,0,0,0,0,0,0,0
Hungary,euronews.com,2021-08-01,1,3,1,1,0,0,0,1,0,1,0,0,0,1,0,0,0,3,0,42,0,55,0,1,0,0,0,1,0,0,0,0,0
Hungary,euronews.com,2021-09-01,0,0,1,2,0,4,0,1,0,3,1,0,0,0,1,0,1,2,0,82,0,101,0,0,0,0,1,0,0,0,0,0,2
Hungary,euronews.com,2021-10-01,0,0,4,0,0,14,1,1,0,3,0,1,0,4,1,0,0,0,0,56,0,83,0,0,0,0,0,1,0,0,0,1,0
Hungary,euronews.com,2021-11-01,0,0,1,0,1,0,0,1,1,0,0,0,0,0,4,0,0,0,0,19,0,30,0,0,0,0,0,3,0,0,0,0,0
Hungary,euronews.com,2021-12-01,0,1,2,1,0,0,0,1,0,3,0,0,0,2,1,0,0,0,0,36,0,45,0,0,0,0,0,0,0,0,0,0,0
Hungary,euronews.com,2022-01-01,0,0,0,1,0,0,2,0,0,1,0,1,0,0,0,0,0,0,0,7,0,13,0,0,1,0,1,0,0,0,0,0,0
Hungary,euronews.com,2022-02-01,0,0,1,1,0,0,0,0,0,2,0,0,0,0,1,3,0,1,0,34,0,43,0,0,0,0,0,0,0,0,0,0,0
Hungary,euronews.com,2022-03-01,0,1,0,0,0,14,3,3,0,2,0,1,0,0,2,0,0,0,0,36,0,65,1,0,0,0,2,0,0,0,0,0,0
Hungary,euronews.com,2022-04-01,0,0,4,1,0,22,1,1,1,2,0,0,0,3,4,0,0,1,0,63,0,100,0,0,0,0,0,0,0,0,0,0,0
Hungary,euronews.com,2022-05-01,0,0,1,2,0,1,0,0,4,5,0,0,0,0,3,1,0,1,1,59,0,80,0,0,0,0,0,0,0,2,0,0,0
Hungary,euronews.com,2022-06-01,0,0,1,1,0,0,0,0,0,7,0,0,0,0,0,1,0,0,0,30,0,42,2,0,0,0,0,0,0,0,0,0,0
Hungary,euronews.com,2022-07-01,0,7,3,3,0,0,0,0,1,1,1,0,0,0,3,0,0,0,0,50,0,71,0,2,0,0,0,0,0,0,0,0,0
Hungary,euronews.com,2022-08-01,0,1,0,2,0,0,0,1,0,0,0,0,0,1,1,0,1,0,0,31,0,40,0,2,0,0,0,0,1,0,0,0,0
Hungary,euronews.com,2022-09-01,0,1,1,2,1,2,0,0,0,0,0,0,0,1,4,1,0,1,0,31,0,45,0,0,0,0,0,1,0,0,0,0,0
Hungary,euronews.com,2022-10-01,0,4,0,3,0,0,0,2,0,3,0,0,0,0,1,0,0,0,0,28,0,41,0,0,0,0,0,0,0,0,0,0,0
Hungary,euronews.com,2022-11-01,0,2,0,0,0,0,0,1,0,1,0,2,0,0,0,0,0,0,0,45,0,54,1,2,0,0,0,0,0,0,0,0,0
Hungary,euronews.com,2022-12-01,0,4,0,0,0,3,0,2,0,1,0,1,0,1,3,0,0,0,0,40,0,59,0,2,0,0,0,1,0,0,0,0,1
Hungary,euronews.com,2023-01-01,0,1,0,1,0,0,0,0,0,0,0,0,2,1,1,0,0,0,0,30,0,39,0,0,1,0,2,0,0,0,0,1,0
Hungary,euronews.com,2023-02-01,0,1,0,1,0,1,0,3,0,0,0,0,0,0,0,2,0,0,0,12,0,20,0,0,0,0,0,0,0,0,0,0,0
Hungary,euronews.com,2023-03-01,0,0,0,0,0,0,0,1,0,1,0,0,1,0,1,0,0,1,0,28,0,33,0,0,0,0,0,0,0,0,0,0,0
Hungary,euronews.com,2023-04-01,0,4,3,0,0,0,0,0,0,4,0,0,0,0,1,0,0,0,0,62,0,85,0,4,0,0,1,6,0,0,0,0,0
Hungary,euronews.com,2023-05-01,0,5,0,0,1,1,0,0,0,0,0,0,0,0,4,1,0,0,0,44,0,58,1,0,0,0,1,0,0,0,0,0,0
Hungary,euronews.com,2023-06-01,0,4,0,3,0,1,0,0,0,2,0,0,0,0,2,0,0,0,0,46,0,60,0,0,0,0,0,2,0,0,0,0,0
Hungary,euronews.com,2023-07-01,0,3,1,0,1,1,0,1,0,0,0,0,0,1,4,0,0,0,0,26,0,39,0,0,0,0,1,1,0,0,0,0,0
Hungary,euronews.com,2023-08-01,0,0,0,3,0,0,0,0,1,3,0,0,0,0,0,0,0,0,0,57,0,66,0,1,0,0,0,1,0,0,0,0,0
Hungary,euronews.com,2023-09-01,0,0,1,0,0,0,0,1,0,1,0,0,0,0,2,0,0,0,0,37,0,51,0,1,0,0,4,4,0,0,0,0,0
Hungary,euronews.com,2023-10-01,0,0,0,0,0,0,0,1,1,2,0,0,5,0,4,4,0,0,0,36,0,55,0,1,0,0,0,1,0,0,0,0,0
Hungary,euronews.com,2023-11-01,0,0,0,0,2,0,0,0,0,1,0,0,0,0,0,0,1,0,0,38,0,44,1,1,0,0,0,0,0,0,0,0,0
Hungary,euronews.com,2023-12-01,0,0,0,2,0,0,0,0,0,2,0,1,0,0,2,0,0,2,0,57,0,66,0,0,0,0,0,0,0,0,0,0,0
Hungary,euronews.com,2024-01-01,0,1,0,0,0,3,0,0,0,6,0,0,0,0,2,0,1,4,0,51,0,72,0,0,0,0,0,4,0,0,0,0,0
Hungary,euronews.com,2024-02-01,0,11,3,0,0,2,0,1,0,4,0,0,0,1,2,1,6,0,0,57,0,88,0,1,0,0,0,0,0,0,0,0,0
Hungary,euronews.com,2024-03-01,0,1,8,0,0,3,0,0,0,5,0,0,0,5,2,0,0,0,0,34,0,59,0,1,0,0,1,2,0,0,0,0,0
Hungary,euronews.com,2024-04-01,0,5,1,0,0,12,5,0,0,0,0,0,0,2,0,0,0,0,0,34,0,60,0,0,0,0,0,2,0,0,0,0,0
Hungary,euronews.com,2024-05-01,2,6,3,5,0,9,0,0,0,6,0,0,0,0,6,0,0,2,0,52,0,95,0,0,0,0,0,4,0,0,0,0,0
Hungary,euronews.com,2024-06-01,1,3,7,8,4,11,0,2,1,13,0,0,0,2,0,0,0,1,0,63,0,115,0,0,0,0,0,1,0,0,0,0,0
Hungary,euronews.com,2024-07-01,0,1,2,3,0,4,3,4,0,8,0,1,0,2,7,0,0,2,0,77,0,116,0,1,0,0,0,3,0,0,0,0,0
Hungary,euronews.com,2024-08-01,0,0,0,9,0,0,0,1,0,1,0,0,0,0,10,2,2,0,0,48,0,80,0,1,0,0,0,5,0,0,1,0,0
Hungary,euronews.com,2024-09-01,0,5,0,22,0,6,0,2,0,2,0,1,0,0,3,1,0,7,0,69,0,127,0,1,0,0,0,8,0,0,0,0,0
Hungary,euronews.com,2024-10-01,1,6,7,2,0,2,0,1,0,2,3,2,0,4,4,0,0,0,0,50,0,83,0,0,0,0,0,1,0,0,0,0,0
Hungary,euronews.com,2024-11-01,0,0,2,0,0,4,0,0,0,8,0,0,0,1,2,0,0,3,0,40,0,64,0,2,2,0,2,1,0,0,0,0,0
Hungary,euronews.com,2024-12-01,0,7,4,1,1,0,0,3,0,4,0,0,0,3,1,0,3,6,1,48,1,81,0,1,0,0,0,1,0,0,0,0,0
Hungary,euronews.com,2025-01-01,0,0,0,1,0,0,0,0,0,1,0,0,0,0,2,0,0,4,0,25,0,35,0,0,0,0,0,1,0,0,1,0,0
Hungary,euronews.com,2025-02-01,0,0,1,0,0,1,0,1,1,8,0,0,0,5,5,0,0,0,0,23,0,44,0,0,0,0,0,0,0,0,0,0,0
Hungary,euronews.com,2025-03-01,0,0,0,0,0,0,0,0,0,0,0,0,0,0,0,0,0,0,0,0,0,0,0,0,0,0,0,0,0,0,0,0,0
Hungary,euronews.com,2025-04-01,0,0,0,0,0,0,0,0,0,0,0,0,0,0,0,0,0,0,0,0,0,0,0,0,0,0,0,0,0,0,0,0,0
Hungary,euronews.com,2025-05-01,0,0,0,0,0,0,0,0,0,0,0,0,0,0,0,0,0,0,0,0,0,0,0,0,0,0,0,0,0,0,0,0,0
Hungary,euronews.com,2025-06-01,0,0,0,0,0,0,0,0,0,0,0,0,0,0,0,0,0,0,0,0,0,0,0,0,0,0,0,0,0,0,0,0,0
Hungary,france24.com,2012-01-01,0,4,0,0,0,0,0,0,0,2,0,0,1,0,7,0,0,2,0,11,0,27,0,0,0,0,0,0,0,0,0,0,0
Hungary,france24.com,2012-02-01,0,0,0,2,0,0,0,0,0,0,0,0,0,0,0,0,0,0,0,2,0,4,0,0,0,0,0,0,0,0,0,0,0
Hungary,france24.com,2012-03-01,0,0,0,0,0,0,0,0,0,0,0,0,0,0,0,0,0,0,0,1,0,1,0,0,0,0,0,0,0,0,0,0,0
Hungary,france24.com,2012-04-01,0,0,0,0,0,0,0,0,0,0,0,0,0,0,0,0,1,0,0,1,0,2,0,0,0,0,0,0,0,0,0,0,0
Hungary,france24.com,2012-05-01,0,0,0,0,0,0,0,0,0,0,0,0,0,0,0,0,0,0,0,1,0,1,0,0,0,0,0,0,0,0,0,0,0
Hungary,france24.com,2012-06-01,0,0,0,0,0,0,0,0,0,0,0,0,0,0,0,0,0,0,0,0,0,0,0,0,0,0,0,0,0,0,0,0,0
Hungary,france24.com,2012-07-01,1,0,0,0,0,0,0,0,0,0,0,0,0,0,0,0,0,0,0,12,0,13,0,0,0,0,0,0,0,0,0,0,0
Hungary,france24.com,2012-08-01,0,0,0,0,0,0,0,0,0,0,0,0,0,0,0,0,0,0,0,2,0,2,0,0,0,0,0,0,0,0,0,0,0
Hungary,france24.com,2012-09-01,0,0,0,0,0,0,0,0,0,0,0,0,0,0,0,0,0,0,0,0,0,0,0,0,0,0,0,0,0,0,0,0,0
Hungary,france24.com,2012-10-01,0,0,0,0,0,0,0,0,0,0,0,0,0,0,0,0,0,0,0,1,0,1,0,0,0,0,0,0,0,0,0,0,0
Hungary,france24.com,2012-11-01,0,0,0,0,0,0,0,0,0,0,0,0,0,0,0,0,1,0,0,0,0,1,0,0,0,0,0,0,0,0,0,0,0
Hungary,france24.com,2012-12-01,0,0,0,0,0,0,0,0,0,0,0,0,0,0,0,0,0,0,0,0,0,0,0,0,0,0,0,0,0,0,0,0,0
Hungary,france24.com,2013-01-01,0,0,0,0,0,0,0,0,0,0,0,0,0,0,0,0,0,0,0,0,0,0,0,0,0,0,0,0,0,0,0,0,0
Hungary,france24.com,2013-02-01,0,0,0,0,0,0,0,0,0,0,0,0,0,0,0,0,0,0,0,0,0,0,0,0,0,0,0,0,0,0,0,0,0
Hungary,france24.com,2013-03-01,0,0,0,0,0,0,0,0,0,0,0,0,0,0,0,0,0,0,0,0,0,0,0,0,0,0,0,0,0,0,0,0,0
Hungary,france24.com,2013-04-01,0,0,0,0,0,0,0,0,0,0,0,0,0,0,0,0,0,0,0,0,0,0,0,0,0,0,0,0,0,0,0,0,0
Hungary,france24.com,2013-05-01,0,0,0,0,0,0,0,0,0,0,0,0,0,0,0,0,0,0,0,1,0,1,0,0,0,0,0,0,0,0,0,0,0
Hungary,france24.com,2013-06-01,0,0,0,2,0,0,0,0,0,0,0,0,0,0,0,0,0,0,0,2,0,4,0,0,0,0,0,0,0,0,0,0,0
Hungary,france24.com,2013-07-01,0,0,0,0,0,0,0,0,0,0,0,0,0,0,0,0,0,0,0,1,0,1,0,0,0,0,0,0,0,0,0,0,0
Hungary,france24.com,2013-08-01,0,0,0,0,0,0,0,0,0,0,0,0,0,0,0,0,0,0,0,2,0,2,0,0,0,0,0,0,0,0,0,0,0
Hungary,france24.com,2013-09-01,0,0,0,0,0,0,0,0,0,0,0,0,0,0,0,0,0,0,0,0,0,0,0,0,0,0,0,0,0,0,0,0,0
Hungary,france24.com,2013-10-01,0,0,0,0,0,0,0,0,0,0,0,0,1,0,0,0,0,0,0,0,0,1,0,0,0,0,0,0,0,0,0,0,0
Hungary,france24.com,2013-11-01,0,0,1,0,0,0,0,0,0,0,0,0,0,1,0,0,0,0,0,0,0,1,0,0,0,0,0,0,0,0,0,0,0
Hungary,france24.com,2013-12-01,0,0,0,0,0,0,0,0,0,0,0,0,0,0,0,0,0,0,0,1,0,1,0,0,0,0,0,0,0,0,0,0,0
Hungary,france24.com,2014-01-01,0,0,0,0,0,0,0,0,0,0,0,0,0,0,0,0,0,0,0,0,0,1,0,0,0,0,0,0,0,0,0,0,1
Hungary,france24.com,2014-02-01,0,0,0,0,0,0,0,0,0,0,0,0,0,0,0,0,0,0,0,6,0,6,0,0,0,0,0,0,0,0,0,0,0
Hungary,france24.com,2014-03-01,0,0,0,0,0,0,0,0,0,0,0,0,0,0,0,0,0,0,0,1,0,1,0,0,0,0,0,0,0,0,0,0,0
Hungary,france24.com,2014-04-01,0,0,0,0,0,4,0,0,0,0,0,0,0,0,0,0,0,0,0,4,0,8,0,0,0,0,0,0,0,0,0,0,0
Hungary,france24.com,2014-05-01,0,0,0,1,0,0,0,0,0,0,0,0,0,0,0,0,0,0,0,1,0,2,0,0,0,0,0,0,0,0,0,0,0
Hungary,france24.com,2014-06-01,0,0,0,0,0,0,0,0,0,0,0,0,0,0,0,0,0,0,0,0,0,0,0,0,0,0,0,0,0,0,0,0,0
Hungary,france24.com,2014-07-01,0,0,0,0,0,0,0,0,0,0,0,0,0,0,0,0,0,0,0,1,0,1,0,0,0,0,0,0,0,0,0,0,0
Hungary,france24.com,2014-08-01,0,0,0,0,0,0,0,0,0,0,0,0,0,0,0,0,0,0,0,1,0,1,0,0,0,0,0,0,0,0,0,0,0
Hungary,france24.com,2014-09-01,0,0,0,0,0,0,0,0,0,0,0,0,0,0,0,0,0,0,0,0,0,0,0,0,0,0,0,0,0,0,0,0,0
Hungary,france24.com,2014-10-01,0,0,0,0,0,0,0,0,0,0,0,0,0,0,3,0,0,0,0,3,0,7,0,0,0,0,0,1,0,0,0,0,0
Hungary,france24.com,2014-11-01,0,0,0,0,0,0,0,0,0,0,0,0,0,0,0,0,0,0,0,1,0,1,0,0,0,0,0,0,0,0,0,0,0
Hungary,france24.com,2014-12-01,0,0,0,0,0,0,0,0,0,0,0,0,0,0,0,0,0,0,0,1,0,1,0,0,0,0,0,0,0,0,0,0,0
Hungary,france24.com,2015-01-01,0,0,0,0,0,0,0,0,0,0,0,0,0,0,0,0,0,0,0,3,0,3,0,0,0,0,0,0,0,0,0,0,0
Hungary,france24.com,2015-02-01,0,0,0,0,0,2,0,0,0,0,0,0,0,0,0,0,0,0,0,3,0,5,0,0,0,0,0,0,0,0,0,0,0
Hungary,france24.com,2015-03-01,0,0,0,0,0,0,0,0,0,0,0,0,0,0,0,0,0,0,0,0,0,0,0,0,0,0,0,0,0,0,0,0,0
Hungary,france24.com,2015-04-01,0,0,1,0,0,1,0,0,0,0,0,0,0,0,0,0,0,0,0,0,0,2,0,0,0,0,0,0,0,0,0,0,0
Hungary,france24.com,2015-05-01,0,0,0,0,0,0,0,0,0,0,0,0,0,0,0,0,0,0,0,0,0,0,0,0,0,0,0,0,0,0,0,0,0
Hungary,france24.com,2015-06-01,0,0,0,0,0,0,0,0,0,0,0,0,0,0,2,0,0,0,0,14,0,16,0,0,0,0,0,0,0,0,0,0,0
Hungary,france24.com,2015-07-01,0,0,0,0,0,0,0,0,0,0,0,0,0,0,0,0,0,0,0,2,0,3,0,0,0,0,0,0,0,0,0,0,1
Hungary,france24.com,2015-08-01,0,2,0,0,0,0,0,2,0,2,0,1,0,0,0,0,0,0,0,12,0,23,2,0,0,0,1,0,0,0,0,1,0
Hungary,france24.com,2015-09-01,0,3,0,1,1,0,0,2,1,2,0,1,0,0,4,4,0,0,1,69,0,91,0,2,0,0,0,0,0,0,0,0,0
Hungary,france24.com,2015-10-01,0,0,0,0,0,0,0,0,0,1,0,0,0,0,0,3,0,0,1,10,0,15,0,0,0,0,0,0,0,0,0,0,0
Hungary,france24.com,2015-11-01,0,0,0,0,0,0,0,0,0,0,0,0,0,0,0,0,0,0,0,6,0,6,0,0,0,0,0,0,0,0,0,0,0
Hungary,france24.com,2015-12-01,0,0,2,0,0,0,0,0,0,0,0,0,0,0,0,0,0,0,0,6,0,8,0,0,0,0,0,0,0,0,0,0,0
Hungary,france24.com,2016-01-01,0,0,0,0,0,0,0,0,0,0,0,0,0,0,0,0,0,0,0,4,0,4,0,0,0,0,0,0,0,0,0,0,0
Hungary,france24.com,2016-02-01,0,0,0,0,0,0,0,0,0,0,0,0,0,0,0,0,0,0,0,2,0,2,0,0,0,0,0,0,0,0,0,0,0
Hungary,france24.com,2016-03-01,0,0,0,0,0,1,0,0,0,0,0,0,0,0,0,0,0,0,0,2,0,3,0,0,0,0,0,0,0,0,0,0,0
Hungary,france24.com,2016-04-01,0,0,0,0,0,0,0,0,0,0,0,0,0,0,0,0,0,0,0,0,0,0,0,0,0,0,0,0,0,0,0,0,0
Hungary,france24.com,2016-05-01,0,0,0,0,0,0,0,1,0,0,0,0,0,0,0,0,0,0,0,3,0,4,0,0,0,0,0,0,0,0,0,0,0
Hungary,france24.com,2016-06-01,0,0,2,0,0,0,0,0,0,0,0,0,0,0,0,0,0,0,0,6,0,8,0,0,0,0,0,0,0,0,0,0,0
Hungary,france24.com,2016-07-01,0,0,0,0,0,0,0,0,0,0,0,0,0,0,0,0,0,0,0,2,0,2,0,0,0,0,0,0,0,0,0,0,0
Hungary,france24.com,2016-08-01,0,0,0,0,0,0,0,0,0,0,0,0,0,0,0,0,0,0,0,4,0,4,0,0,0,0,0,0,0,0,0,0,0
Hungary,france24.com,2016-09-01,0,0,0,0,0,0,0,0,0,0,0,0,0,0,0,0,0,0,0,6,0,6,0,0,0,0,0,0,0,0,0,0,0
Hungary,france24.com,2016-10-01,0,0,0,0,0,1,1,0,0,0,0,0,0,0,2,0,0,0,0,7,0,11,0,0,0,0,0,0,0,0,0,0,0
Hungary,france24.com,2016-11-01,0,0,0,0,0,0,0,0,0,0,0,0,0,0,3,0,0,0,0,0,0,3,0,0,0,0,0,0,0,0,0,0,0
Hungary,france24.com,2016-12-01,0,0,0,0,0,0,0,0,0,0,0,0,0,0,0,0,0,0,0,0,0,0,0,0,0,0,0,0,0,0,0,0,0
Hungary,france24.com,2017-01-01,1,0,1,2,0,0,0,0,0,0,0,0,0,0,0,0,0,0,0,2,0,6,0,0,0,0,0,0,0,0,0,0,0
Hungary,france24.com,2017-02-01,0,0,0,1,0,1,0,2,0,0,0,0,0,0,0,0,0,0,0,4,0,9,0,0,0,0,1,0,0,0,0,0,0
Hungary,france24.com,2017-03-01,0,0,0,0,0,0,0,0,0,0,0,0,0,0,1,0,0,0,0,6,0,7,0,0,0,0,0,0,0,0,0,0,0
Hungary,france24.com,2017-04-01,0,1,0,0,0,0,0,0,0,0,0,0,0,0,0,0,0,0,0,3,0,4,0,0,0,0,0,0,0,0,0,0,0
Hungary,france24.com,2017-05-01,0,2,0,0,0,0,0,0,0,0,0,0,0,0,0,0,0,0,0,14,0,16,0,0,0,0,0,0,0,0,0,0,0
Hungary,france24.com,2017-06-01,0,0,1,0,0,0,0,0,0,0,0,0,0,0,0,0,0,0,0,29,0,31,0,0,0,0,1,0,0,0,0,0,0
Hungary,france24.com,2017-07-01,0,0,1,0,0,1,0,0,0,1,0,1,0,1,2,1,0,0,0,176,0,187,0,0,1,0,1,1,0,0,0,0,0
Hungary,france24.com,2017-08-01,0,0,1,0,0,0,0,1,0,0,0,0,0,0,0,0,1,0,0,38,0,41,0,0,0,0,0,0,0,0,0,0,0
Hungary,france24.com,2017-09-01,0,0,5,0,1,1,0,0,0,0,0,0,0,1,0,0,0,0,0,55,0,62,0,0,0,0,0,0,0,0,0,0,0
Hungary,france24.com,2017-10-01,0,0,0,0,0,3,0,0,0,0,0,0,0,0,4,0,0,0,0,10,0,19,0,1,0,0,1,0,0,0,0,0,0
Hungary,france24.com,2017-11-01,0,0,0,0,0,0,0,0,0,0,0,0,0,0,0,0,0,0,0,8,0,8,0,0,0,0,0,0,0,0,0,0,0
Hungary,france24.com,2017-12-01,0,0,3,0,0,0,0,0,0,3,0,0,0,0,1,0,0,0,0,18,0,25,0,0,0,0,0,0,0,0,0,0,0
Hungary,france24.com,2018-01-01,0,0,1,0,0,5,0,0,0,0,0,2,0,1,3,0,0,0,0,17,0,30,0,1,0,0,1,0,0,0,0,0,0
Hungary,france24.com,2018-02-01,0,0,1,0,0,2,0,0,0,0,0,0,0,0,1,0,1,0,0,19,0,26,0,0,1,0,2,0,0,0,0,0,0
Hungary,france24.com,2018-03-01,0,0,2,1,0,4,0,0,0,0,3,0,0,2,0,0,0,2,0,13,0,25,0,0,0,0,0,0,0,0,0,0,0
Hungary,france24.com,2018-04-01,0,11,0,0,0,21,1,0,0,0,0,0,0,0,1,0,0,1,0,39,0,74,0,0,0,0,0,0,0,0,0,0,0
Hungary,france24.com,2018-05-01,0,0,2,0,0,1,0,0,0,2,0,0,1,0,0,0,1,1,0,29,0,40,0,0,0,0,3,0,0,0,0,0,0
Hungary,france24.com,2018-06-01,0,1,1,0,0,0,0,0,0,2,0,0,0,0,5,0,0,0,0,27,0,38,1,1,0,0,0,0,0,0,0,0,0
Hungary,france24.com,2018-07-01,0,0,0,0,0,0,0,0,0,0,0,0,0,0,0,0,0,0,0,44,0,44,0,0,0,0,0,0,0,0,0,0,0
Hungary,france24.com,2018-08-01,0,0,0,0,0,0,0,0,0,2,0,0,0,0,0,0,0,0,0,15,0,17,0,0,0,0,0,0,0,0,0,0,0
Hungary,france24.com,2018-09-01,0,1,5,1,0,2,0,0,0,2,0,0,0,2,2,0,0,1,0,34,0,48,0,0,0,0,0,0,0,0,0,0,0
Hungary,france24.com,2018-10-01,0,0,2,0,0,2,0,0,0,0,0,0,0,0,1,0,0,1,0,13,0,20,0,0,0,0,0,1,0,0,0,0,0
Hungary,france24.com,2018-11-01,0,1,5,0,0,0,0,0,0,0,0,0,0,2,1,0,0,0,0,13,0,20,0,0,0,0,0,0,0,0,0,0,0
Hungary,france24.com,2018-12-01,0,13,0,0,1,0,0,0,0,0,0,0,0,0,0,0,0,0,0,20,0,37,0,1,0,0,0,1,0,0,1,0,0
Hungary,france24.com,2019-01-01,0,4,2,0,0,0,0,0,0,1,0,0,0,0,0,0,0,0,0,7,0,15,0,0,0,0,0,0,0,0,1,0,0
Hungary,france24.com,2019-02-01,1,0,0,0,0,1,0,1,0,1,0,0,0,0,2,0,0,0,0,14,0,20,0,0,0,0,0,0,0,0,0,0,0
Hungary,france24.com,2019-03-01,1,0,0,0,0,0,0,0,0,2,0,0,0,0,0,0,0,0,0,18,0,25,0,0,3,0,4,0,0,0,0,0,0
Hungary,france24.com,2019-04-01,0,1,0,0,0,0,0,0,0,1,0,0,0,0,0,0,0,0,0,20,0,22,0,0,0,0,0,0,0,0,0,0,0
Hungary,france24.com,2019-05-01,0,1,1,7,1,4,1,0,0,0,0,0,0,0,0,0,0,0,0,29,0,44,0,0,0,0,0,0,0,0,0,0,0
Hungary,france24.com,2019-06-01,0,0,0,8,0,1,0,0,0,0,0,1,0,0,0,0,0,0,0,25,0,37,1,0,0,0,1,0,0,0,0,0,0
Hungary,france24.com,2019-07-01,0,1,1,1,0,0,0,0,0,0,0,0,0,1,1,0,0,0,0,42,0,48,1,0,0,0,1,0,0,0,0,0,0
Hungary,france24.com,2019-08-01,0,1,0,0,0,0,0,0,0,0,0,0,0,0,0,0,0,0,0,39,0,40,0,0,0,0,0,0,0,0,0,0,0
Hungary,france24.com,2019-09-01,0,0,0,0,0,1,0,0,0,0,0,0,0,0,0,0,0,0,0,6,0,7,0,0,0,0,0,0,0,0,0,0,0
Hungary,france24.com,2019-10-01,0,0,0,0,0,7,0,0,0,2,0,0,0,0,0,0,0,0,0,22,0,31,0,0,0,0,0,0,0,0,0,0,0
Hungary,france24.com,2019-11-01,0,0,0,0,0,3,0,0,0,0,0,0,0,0,0,0,0,3,0,28,0,35,0,0,0,0,0,0,0,1,0,0,0
Hungary,france24.com,2019-12-01,0,0,0,0,0,1,0,0,0,1,0,0,0,0,1,0,0,0,0,5,0,8,0,0,0,0,0,0,0,0,0,0,0
Hungary,france24.com,2020-01-01,0,0,1,0,0,0,0,0,0,1,0,0,0,1,0,1,0,0,0,14,0,17,0,0,0,0,0,0,0,0,0,0,0
Hungary,france24.com,2020-02-01,0,1,0,0,0,0,0,0,0,1,0,0,0,0,0,0,0,0,0,20,0,23,0,0,1,0,1,0,0,0,0,0,0
Hungary,france24.com,2020-03-01,0,1,0,4,0,0,0,0,0,0,0,0,0,0,5,0,0,0,0,19,0,30,0,0,0,0,1,0,0,0,0,0,0
Hungary,france24.com,2020-04-01,0,0,1,1,0,0,0,0,0,0,0,0,0,0,2,0,0,0,0,10,0,15,0,0,1,0,0,0,1,0,0,0,0
Hungary,france24.com,2020-05-01,0,0,0,0,0,0,0,0,0,0,0,0,0,0,1,0,0,0,0,13,0,14,0,0,0,0,0,0,0,0,0,0,0
Hungary,france24.com,2020-06-01,0,0,1,0,0,1,0,0,0,0,0,0,0,0,3,1,0,0,0,14,0,21,0,0,0,0,0,1,0,0,0,0,0
Hungary,france24.com,2020-07-01,0,2,3,0,0,0,0,0,0,3,0,0,0,0,1,0,0,0,0,46,0,55,0,0,0,0,0,0,0,0,0,0,0
Hungary,france24.com,2020-08-01,0,1,2,0,0,0,0,0,0,1,0,0,0,1,0,0,0,0,0,9,0,13,0,0,0,0,0,0,0,0,0,0,0
Hungary,france24.com,2020-09-01,0,0,0,4,0,0,0,1,0,0,0,0,0,0,0,0,0,0,0,38,0,45,0,0,1,0,1,0,0,1,0,0,0
Hungary,france24.com,2020-10-01,0,1,1,3,0,0,0,0,0,0,0,0,0,0,0,0,0,0,0,15,0,20,0,0,0,0,0,0,0,0,0,0,0
Hungary,france24.com,2020-11-01,0,1,0,3,0,0,0,0,1,2,0,0,0,0,2,1,0,0,0,42,0,53,0,0,0,0,0,1,0,0,0,0,0
Hungary,france24.com,2020-12-01,0,0,0,0,0,0,0,0,0,2,1,0,0,1,3,0,1,0,0,34,0,42,0,1,0,0,0,0,0,0,0,0,0
Hungary,france24.com,2021-01-01,0,0,0,1,0,0,0,0,0,0,0,0,0,0,0,0,0,0,0,30,0,32,0,0,0,0,1,0,0,0,0,0,0
Hungary,france24.com,2021-02-01,0,0,0,1,4,0,0,1,0,0,0,0,0,0,2,0,0,0,0,44,0,52,0,0,0,0,0,0,0,0,0,0,0
Hungary,france24.com,2021-03-01,0,0,1,1,0,0,0,0,0,0,0,0,0,0,1,0,1,0,0,50,0,55,0,0,0,0,0,0,0,0,0,1,0
Hungary,france24.com,2021-04-01,0,0,0,0,0,0,0,0,0,0,0,0,0,0,0,0,1,0,0,17,0,18,0,0,0,0,0,0,0,0,0,0,0
Hungary,france24.com,2021-05-01,0,0,0,1,0,1,0,1,0,0,0,0,0,0,0,0,1,1,0,50,0,55,0,0,0,0,0,0,0,0,0,0,0
Hungary,france24.com,2021-06-01,0,8,3,0,0,0,0,1,0,0,0,0,0,0,8,0,0,0,0,182,0,206,0,0,0,0,0,3,1,0,0,0,0
Hungary,france24.com,2021-07-01,0,5,1,1,1,0,0,0,0,0,0,0,0,0,12,0,0,0,0,49,0,74,0,0,0,0,0,3,0,1,1,0,0
Hungary,france24.com,2021-08-01,0,0,1,1,0,1,0,0,0,0,0,0,0,0,0,0,0,0,0,28,0,32,0,0,1,0,1,0,0,0,0,0,0
Hungary,france24.com,2021-09-01,0,0,0,0,0,1,0,0,0,3,1,1,0,0,0,0,0,0,0,46,0,53,0,0,0,0,0,0,0,0,0,0,1
Hungary,france24.com,2021-10-01,1,1,0,0,0,4,0,0,0,1,1,3,0,0,2,1,0,0,0,22,0,36,0,0,0,0,0,0,0,0,0,0,0
Hungary,france24.com,2021-11-01,0,0,0,0,0,0,0,0,2,1,0,0,0,0,0,0,0,0,0,21,0,25,0,0,0,0,1,0,0,0,0,0,0
Hungary,france24.com,2021-12-01,0,0,1,0,0,1,0,0,0,3,0,0,0,0,0,0,0,0,0,23,0,29,0,0,0,0,0,1,0,0,0,0,0
Hungary,france24.com,2022-01-01,0,0,0,0,0,0,0,0,0,0,0,0,0,0,0,1,0,0,0,1,0,2,0,0,0,0,0,0,0,0,0,0,0
Hungary,france24.com,2022-02-01,0,0,0,1,0,1,0,0,0,0,0,1,0,0,1,0,0,0,0,14,0,18,0,0,0,0,0,0,0,0,0,0,0
Hungary,france24.com,2022-03-01,1,0,0,0,0,1,0,0,0,0,0,0,0,0,0,0,0,0,0,8,0,11,1,0,0,0,0,0,0,0,0,0,0
Hungary,france24.com,2022-04-01,0,0,1,0,0,9,0,0,0,0,1,0,0,1,0,0,0,0,0,10,0,21,0,0,0,0,0,0,0,0,0,0,0
Hungary,france24.com,2022-05-01,0,0,0,1,0,0,0,0,2,0,0,0,0,0,0,0,0,2,0,8,0,13,0,0,0,0,0,0,0,0,0,0,0
Hungary,france24.com,2022-06-01,0,0,0,0,0,0,0,0,0,0,0,0,0,0,1,0,0,0,0,11,0,12,0,0,0,0,0,0,0,0,0,0,0
Hungary,france24.com,2022-07-01,0,0,0,0,0,0,0,0,0,0,0,0,0,0,0,0,1,0,0,7,0,8,0,0,0,0,0,0,0,0,0,0,0
Hungary,france24.com,2022-08-01,0,0,0,2,0,0,0,0,0,0,0,0,0,0,0,0,0,0,0,1,0,4,0,1,0,0,0,0,0,0,0,0,0
Hungary,france24.com,2022-09-01,0,0,0,0,0,0,0,0,0,0,0,0,0,0,2,0,0,1,0,5,0,8,0,0,0,0,0,0,0,0,0,0,0
Hungary,france24.com,2022-10-01,0,1,0,0,0,0,0,0,0,0,0,0,0,0,0,0,0,0,0,5,0,6,0,0,0,0,0,0,0,0,0,0,0
Hungary,france24.com,2022-11-01,0,0,0,0,0,0,0,0,0,0,0,0,0,0,0,0,0,0,0,1,0,2,0,1,0,0,0,0,0,0,0,0,0
Hungary,france24.com,2022-12-01,0,0,0,1,0,0,0,0,0,0,0,0,0,0,0,0,0,0,0,6,0,8,0,0,0,0,0,1,0,0,0,0,0
Hungary,france24.com,2023-01-01,0,0,0,0,0,0,0,0,0,0,0,0,0,0,0,0,0,0,0,3,0,3,0,0,0,0,0,0,0,0,0,0,0
Hungary,france24.com,2023-02-01,0,0,0,0,0,0,0,0,0,0,0,0,0,0,0,0,0,0,0,2,0,2,0,0,0,0,0,0,0,0,0,0,0
Hungary,france24.com,2023-03-01,0,0,0,0,0,0,0,0,0,1,0,0,0,0,0,0,0,0,0,5,0,6,0,0,0,0,0,0,0,0,0,0,0
Hungary,france24.com,2023-04-01,0,0,0,0,0,0,0,0,0,0,0,0,0,0,0,0,0,1,0,8,0,11,0,0,0,0,0,2,0,0,0,0,0
Hungary,france24.com,2023-05-01,0,0,0,0,0,0,0,0,0,0,0,0,0,0,0,0,0,0,0,3,0,3,0,0,0,0,0,0,0,0,0,0,0
Hungary,france24.com,2023-06-01,0,1,0,0,0,0,0,0,0,0,0,1,0,0,1,0,0,0,0,13,0,16,0,0,0,0,0,0,0,0,0,0,0
Hungary,france24.com,2023-07-01,0,0,0,0,0,0,0,0,0,0,0,0,0,0,0,0,0,0,0,5,0,5,0,0,0,0,0,0,0,0,0,0,0
Hungary,france24.com,2023-08-01,0,0,0,0,0,0,0,0,0,0,0,0,0,0,0,0,0,0,0,5,0,5,0,0,0,0,0,0,0,0,0,0,0
Hungary,france24.com,2023-09-01,0,0,0,0,0,1,0,0,0,0,0,0,0,0,0,0,0,0,0,2,0,4,0,0,0,0,0,1,0,0,0,0,0
Hungary,france24.com,2023-10-01,0,0,0,0,0,0,0,0,0,0,0,0,0,0,3,0,0,0,0,7,0,10,0,0,0,0,0,0,0,0,0,0,0
Hungary,france24.com,2023-11-01,0,0,0,0,0,1,0,0,0,0,0,0,0,0,0,0,0,0,0,2,0,3,0,0,0,0,0,0,0,0,0,0,0
Hungary,france24.com,2023-12-01,0,0,1,0,0,0,0,0,0,4,0,0,0,0,0,0,0,0,0,16,0,21,0,0,0,0,0,0,0,0,0,0,0
Hungary,france24.com,2024-01-01,0,0,0,0,0,0,0,0,0,0,0,0,0,0,0,0,1,1,0,7,0,9,0,0,0,0,0,0,0,0,0,0,0
Hungary,france24.com,2024-02-01,0,0,2,0,0,0,0,0,0,1,0,0,0,2,1,0,2,0,0,13,0,19,0,0,0,0,0,0,0,0,0,0,0
Hungary,france24.com,2024-03-01,0,0,0,0,0,2,0,0,0,0,0,0,0,0,1,0,0,0,0,5,0,8,0,0,0,0,0,0,0,0,0,0,0
Hungary,france24.com,2024-04-01,0,0,0,0,0,0,0,0,0,0,0,0,0,0,0,0,0,0,0,0,0,0,0,0,0,0,0,0,0,0,0,0,0
Hungary,france24.com,2024-05-01,0,0,0,0,0,0,0,0,0,0,0,0,0,0,0,0,0,0,0,0,0,0,0,0,0,0,0,0,0,0,0,0,0
Hungary,france24.com,2024-06-01,0,0,0,0,0,0,0,0,0,0,0,0,0,0,0,0,0,0,0,0,0,0,0,0,0,0,0,0,0,0,0,0,0
Hungary,france24.com,2024-07-01,0,0,0,0,0,0,0,0,0,0,0,0,0,0,0,0,0,0,0,0,0,0,0,0,0,0,0,0,0,0,0,0,0
Hungary,france24.com,2024-08-01,0,0,0,0,0,0,0,0,0,0,0,0,0,0,0,0,0,0,0,0,0,0,0,0,0,0,0,0,0,0,0,0,0
Hungary,france24.com,2024-09-01,0,0,0,0,0,0,0,0,0,0,0,0,0,0,0,0,0,0,0,0,0,0,0,0,0,0,0,0,0,0,0,0,0
Hungary,france24.com,2024-10-01,0,0,0,0,0,0,0,0,0,0,0,0,0,0,0,0,0,0,0,0,0,0,0,0,0,0,0,0,0,0,0,0,0
Hungary,france24.com,2024-11-01,0,0,0,0,0,0,0,0,0,0,0,0,0,0,0,0,0,0,0,0,0,0,0,0,0,0,0,0,0,0,0,0,0
Hungary,france24.com,2024-12-01,0,0,0,0,0,0,0,0,0,0,0,0,0,0,0,0,0,0,0,0,0,0,0,0,0,0,0,0,0,0,0,0,0
Hungary,france24.com,2025-01-01,0,0,0,0,0,0,0,0,0,0,0,0,0,0,0,0,0,0,0,0,0,0,0,0,0,0,0,0,0,0,0,0,0
Hungary,france24.com,2025-02-01,0,0,0,0,0,0,0,0,0,0,0,0,0,0,0,0,0,0,0,0,0,0,0,0,0,0,0,0,0,0,0,0,0
Hungary,france24.com,2025-03-01,0,0,0,0,0,0,0,0,0,0,0,0,0,0,0,0,0,0,0,0,0,0,0,0,0,0,0,0,0,0,0,0,0
Hungary,france24.com,2025-04-01,0,0,0,0,0,0,0,0,0,0,0,0,0,0,0,0,0,0,0,0,0,0,0,0,0,0,0,0,0,0,0,0,0
Hungary,france24.com,2025-05-01,0,0,0,0,0,0,0,0,0,0,0,0,0,0,0,0,0,0,0,0,0,0,0,0,0,0,0,0,0,0,0,0,0
Hungary,france24.com,2025-06-01,0,0,0,0,0,0,0,0,0,0,0,0,0,0,0,0,0,0,0,0,0,0,0,0,0,0,0,0,0,0,0,0,0
Hungary,hvg.hu,2012-01-01,5,58,43,63,5,21,2,3,2,9,4,13,6,23,20,1,20,3,1,1993,0,2469,29,7,13,1,48,19,3,4,2,27,51
Hungary,hvg.hu,2012-02-01,2,46,27,69,0,15,0,2,3,13,3,8,3,12,17,1,9,0,0,1939,0,2342,33,5,13,0,52,27,4,4,6,11,37
Hungary,hvg.hu,2012-03-01,6,47,29,69,4,33,0,3,1,17,2,8,6,18,23,3,12,1,1,1909,0,2359,20,8,8,0,58,32,1,3,6,11,38
Hungary,hvg.hu,2012-04-01,7,31,37,46,5,38,0,2,4,13,4,8,2,19,27,3,14,1,1,1694,1,2136,27,2,11,0,47,41,6,3,1,21,45
Hungary,hvg.hu,2012-05-01,4,24,28,53,0,32,0,1,1,17,0,6,7,15,24,0,9,0,0,1669,3,2047,14,4,12,1,43,41,2,4,4,14,41
Hungary,hvg.hu,2012-06-01,7,20,34,66,0,22,0,2,3,7,1,8,2,36,20,4,17,1,3,1542,1,1976,25,9,15,0,55,53,4,5,3,16,35
Hungary,hvg.hu,2012-07-01,6,10,31,104,0,18,1,1,1,17,6,12,2,17,15,1,14,2,0,1586,1,2012,27,5,12,0,39,32,4,7,2,20,43
Hungary,hvg.hu,2012-08-01,4,15,25,69,1,8,1,0,3,3,0,16,5,13,6,11,13,1,0,1500,0,1829,36,6,6,1,33,17,4,6,1,17,28
Hungary,hvg.hu,2012-09-01,4,32,33,64,3,25,1,5,2,9,2,12,1,21,15,2,16,3,1,1736,1,2185,38,7,10,1,47,29,4,3,4,19,56
Hungary,hvg.hu,2012-10-01,5,33,20,64,2,50,4,4,2,12,0,9,5,14,26,10,19,4,0,1982,0,2498,44,11,16,0,45,49,9,4,5,27,47
Hungary,hvg.hu,2012-11-01,6,28,34,63,3,33,3,4,2,16,3,7,3,24,30,6,17,3,1,1911,2,2380,25,12,8,0,48,36,3,2,4,16,55
Hungary,hvg.hu,2012-12-01,5,78,15,54,3,33,2,2,3,17,3,12,8,20,16,3,18,4,2,1748,0,2228,26,12,7,0,32,39,3,4,4,28,44
Hungary,hvg.hu,2013-01-01,3,34,27,48,4,26,1,1,0,18,2,12,6,17,9,5,13,3,0,2038,1,2480,35,17,8,0,61,25,3,5,5,23,52
Hungary,hvg.hu,2013-02-01,3,46,26,55,2,27,3,4,2,18,7,8,4,14,24,5,13,2,1,1972,0,2428,34,15,16,0,58,25,2,4,5,17,41
Hungary,hvg.hu,2013-03-01,4,47,27,87,1,36,6,5,1,10,2,7,0,18,42,6,10,1,4,1950,0,2427,23,10,10,0,29,29,6,6,6,20,40
Hungary,hvg.hu,2013-04-01,2,19,33,96,2,29,3,6,1,14,2,13,0,19,22,7,12,1,0,1885,1,2354,29,10,7,2,38,20,1,7,3,28,60
Hungary,hvg.hu,2013-05-01,0,22,38,73,1,30,1,1,0,4,3,8,3,22,20,14,6,3,1,1892,1,2351,34,7,11,1,54,34,1,4,4,28,53
Hungary,hvg.hu,2013-06-01,2,23,21,181,1,25,7,5,3,5,5,11,1,13,22,10,6,5,2,1981,0,2521,34,3,8,0,45,46,3,3,4,18,45
Hungary,hvg.hu,2013-07-01,6,18,35,95,0,24,1,0,5,6,3,7,6,26,7,7,4,0,2,1775,2,2217,27,12,8,0,45,22,1,9,1,25,64
Hungary,hvg.hu,2013-08-01,4,18,14,87,1,26,4,2,1,14,6,10,10,10,8,7,8,4,3,1561,0,1964,30,6,6,0,32,14,3,3,4,18,63
Hungary,hvg.hu,2013-09-01,4,23,36,53,5,64,7,6,0,14,2,15,6,23,6,4,8,4,4,1712,1,2188,41,5,17,0,51,29,5,7,2,12,56
Hungary,hvg.hu,2013-10-01,4,26,38,49,0,44,5,0,1,8,1,8,5,30,19,2,9,2,1,1601,0,2035,40,3,14,1,59,17,2,4,4,26,48
Hungary,hvg.hu,2013-11-01,4,21,35,48,0,36,2,4,0,9,1,9,5,16,10,1,11,0,1,1577,1,1999,35,5,8,1,49,29,4,3,3,23,69
Hungary,hvg.hu,2013-12-01,1,16,37,45,2,37,0,0,1,6,2,4,8,23,5,4,11,0,1,1384,0,1739,30,2,23,1,37,28,2,4,2,17,48
Hungary,hvg.hu,2014-01-01,2,22,21,72,4,47,2,3,1,13,2,4,7,9,9,3,16,1,0,1638,0,2050,33,7,10,0,49,9,2,4,6,17,51
Hungary,hvg.hu,2014-02-01,3,28,34,38,5,54,4,6,0,8,5,10,1,22,9,2,10,0,2,1346,0,1709,18,3,16,1,40,11,3,4,4,17,37
Hungary,hvg.hu,2014-03-01,3,14,21,46,2,91,9,2,5,4,2,8,0,11,5,2,6,1,1,1286,0,1646,24,6,14,1,40,7,3,2,1,20,29
Hungary,hvg.hu,2014-04-01,1,7,23,50,3,121,9,4,1,3,0,3,1,11,5,5,7,1,2,1198,1,1558,14,3,5,0,32,7,3,3,0,17,30
Hungary,hvg.hu,2014-05-01,3,9,20,67,0,68,3,2,0,7,3,7,2,9,3,1,8,1,1,1217,0,1561,24,0,13,0,43,12,0,1,3,17,34
Hungary,hvg.hu,2014-06-01,1,8,15,51,3,26,2,0,1,4,3,3,7,13,13,2,13,4,1,1134,1,1418,25,0,9,1,22,16,3,3,3,13,36
Hungary,hvg.hu,2014-07-01,1,6,13,65,0,25,1,1,0,0,1,4,4,7,6,1,6,1,1,1065,0,1320,21,0,13,0,37,13,1,3,1,13,26
Hungary,hvg.hu,2014-08-01,4,9,9,45,2,34,1,0,1,3,1,5,6,4,3,5,6,1,0,968,0,1209,18,5,3,0,30,10,0,3,0,11,27
Hungary,hvg.hu,2014-09-01,1,16,29,58,3,55,4,1,1,3,1,5,2,14,10,8,10,1,1,1334,1,1671,15,1,11,1,45,10,2,4,2,17,25
Hungary,hvg.hu,2014-10-01,5,34,25,37,2,92,7,3,2,4,1,16,2,15,8,0,13,6,1,1243,0,1637,19,1,7,0,37,21,4,2,1,12,31
Hungary,hvg.hu,2014-11-01,1,45,14,23,1,31,4,2,1,4,3,1,7,18,8,6,10,1,1,1044,1,1322,13,2,14,0,29,20,6,1,1,15,22
Hungary,hvg.hu,2014-12-01,1,27,21,39,1,26,2,2,0,3,1,2,4,21,11,3,8,0,1,1105,0,1367,9,9,10,1,28,17,0,1,2,11,20
Hungary,hvg.hu,2015-01-01,8,31,18,52,2,23,1,3,2,12,1,5,6,15,9,1,10,1,0,1050,0,1357,19,2,9,0,31,17,2,2,2,17,27
Hungary,hvg.hu,2015-02-01,6,13,22,31,1,32,0,4,2,13,0,3,4,17,8,3,2,2,2,1071,0,1349,17,5,12,2,36,17,1,2,1,14,28
Hungary,hvg.hu,2015-03-01,1,18,22,37,4,18,1,0,2,5,2,6,4,17,4,5,10,1,1,1189,0,1477,23,2,30,0,35,16,4,3,2,20,23
Hungary,hvg.hu,2015-04-01,0,32,24,46,0,16,0,2,2,4,2,7,4,21,10,0,7,0,1,1078,1,1407,25,7,22,0,37,17,2,2,1,24,41
Hungary,hvg.hu,2015-05-01,2,21,21,25,7,11,2,2,0,1,1,3,3,18,4,3,6,2,0,944,0,1175,18,1,13,1,34,20,3,3,1,9,18
Hungary,hvg.hu,2015-06-01,7,11,27,37,1,7,0,2,0,4,1,4,2,16,5,4,8,1,0,1132,0,1392,25,5,10,0,34,12,1,1,2,13,43
Hungary,hvg.hu,2015-07-01,7,10,13,56,0,13,0,2,3,0,0,13,4,9,6,7,5,1,0,998,0,1272,33,0,9,0,30,17,1,3,0,15,29
Hungary,hvg.hu,2015-08-01,5,10,10,45,0,11,0,0,2,2,0,9,5,7,1,5,9,0,0,942,0,1168,34,2,8,0,18,7,4,3,2,14,24
Hungary,hvg.hu,2015-09-01,6,13,11,11,2,9,0,2,1,8,0,11,1,9,6,16,8,1,1,1110,0,1325,29,3,9,1,25,4,5,2,1,13,20
Hungary,hvg.hu,2015-10-01,4,6,17,25,1,9,1,0,3,1,2,3,4,7,3,14,4,1,1,995,1,1210,28,4,9,0,34,8,1,0,2,12,23
Hungary,hvg.hu,2015-11-01,8,6,18,25,2,6,0,3,2,2,2,4,3,11,4,5,6,1,1,924,0,1103,18,0,7,0,21,3,1,0,2,7,25
Hungary,hvg.hu,2015-12-01,2,6,13,23,1,5,0,1,0,1,0,6,1,7,9,5,2,1,0,753,0,954,19,2,14,1,35,10,2,3,4,17,29
Hungary,hvg.hu,2016-01-01,1,25,13,30,1,6,1,1,0,5,0,3,3,8,3,3,4,3,0,857,1,1081,21,2,5,1,28,11,2,4,1,12,36
Hungary,hvg.hu,2016-02-01,1,42,15,26,1,19,2,1,1,5,1,9,5,10,4,6,5,0,0,995,0,1254,20,6,6,0,27,12,5,2,1,18,19
Hungary,hvg.hu,2016-03-01,3,33,12,25,1,13,0,3,0,1,1,7,0,14,10,5,4,3,1,968,0,1205,16,4,2,0,32,14,3,2,2,7,27
Hungary,hvg.hu,2016-04-01,2,39,17,35,7,20,2,1,2,2,0,7,0,21,13,2,9,0,0,1093,0,1379,9,2,18,0,39,19,4,4,3,8,21
Hungary,hvg.hu,2016-05-01,2,11,17,31,3,23,2,1,2,1,4,4,2,7,7,2,3,0,1,1032,1,1263,22,1,8,0,29,11,3,3,1,12,30
Hungary,hvg.hu,2016-06-01,0,8,14,30,2,11,0,2,3,3,3,6,3,5,7,1,7,1,1,906,1,1110,20,4,6,0,31,5,0,2,3,10,26
Hungary,hvg.hu,2016-07-01,3,8,14,44,1,20,0,0,1,1,7,5,5,6,0,5,4,0,0,929,0,1135,20,2,11,0,17,2,1,1,0,16,28
Hungary,hvg.hu,2016-08-01,1,6,14,27,0,17,2,0,1,1,2,7,1,10,3,3,3,0,1,904,0,1083,15,0,7,0,27,4,1,1,2,2,35
Hungary,hvg.hu,2016-09-01,5,13,11,24,1,26,4,6,0,1,2,12,0,9,5,2,5,0,0,1057,1,1297,19,1,8,1,25,6,2,6,5,16,38
Hungary,hvg.hu,2016-10-01,2,12,10,24,4,32,3,2,1,5,0,3,1,7,8,3,5,2,0,1009,0,1215,19,0,3,0,20,7,2,3,2,10,21
Hungary,hvg.hu,2016-11-01,4,10,12,26,5,24,1,0,2,5,0,1,1,11,12,1,1,0,2,1005,0,1218,16,2,14,0,27,9,2,3,2,17,20
Hungary,hvg.hu,2016-12-01,0,12,13,34,3,16,0,0,2,4,0,4,1,9,7,1,3,2,1,968,0,1164,14,1,11,0,25,5,2,3,0,12,22
Hungary,hvg.hu,2017-01-01,1,5,11,41,0,21,0,0,2,3,1,7,0,10,2,2,8,2,1,948,0,1148,15,2,11,0,25,10,3,1,1,9,23
Hungary,hvg.hu,2017-02-01,0,7,13,24,1,20,1,0,0,3,2,4,1,9,3,2,5,2,1,906,0,1082,10,1,6,0,27,9,1,0,1,12,20
Hungary,hvg.hu,2017-03-01,3,12,13,29,5,21,1,3,3,1,3,3,2,12,6,0,2,1,1,1104,0,1330,18,3,9,0,31,19,2,2,2,17,15
Hungary,hvg.hu,2017-04-01,3,55,12,17,2,20,3,2,0,3,1,3,0,6,11,3,5,4,0,751,0,972,9,0,3,0,22,14,1,0,2,7,16
Hungary,hvg.hu,2017-05-01,4,20,17,29,0,13,1,1,0,6,0,4,2,15,2,1,8,2,1,866,0,1070,14,2,12,0,31,4,1,2,1,8,18
Hungary,hvg.hu,2017-06-01,1,12,15,40,1,15,1,1,1,1,1,9,0,11,5,1,3,1,1,867,0,1073,15,4,8,0,22,13,0,1,0,11,28
Hungary,hvg.hu,2017-07-01,2,12,8,35,0,3,1,1,1,1,0,4,2,7,2,0,4,0,0,752,0,890,15,1,8,0,12,2,1,2,0,5,21
Hungary,hvg.hu,2017-08-01,0,12,9,42,0,6,1,0,0,1,0,2,0,6,4,1,4,1,1,809,0,979,16,0,8,0,24,1,0,4,0,11,23
Hungary,hvg.hu,2017-09-01,1,10,15,20,1,20,0,2,0,4,1,1,0,8,8,1,7,1,4,988,0,1159,14,3,3,1,13,6,1,2,3,11,17
Hungary,hvg.hu,2017-10-01,2,11,17,23,5,22,1,4,0,5,6,6,0,13,6,3,4,1,1,1012,1,1213,17,3,3,0,18,13,2,1,1,6,17
Hungary,hvg.hu,2017-11-01,2,3,12,23,1,20,0,1,2,4,5,4,4,9,5,1,4,3,2,998,0,1198,15,3,7,0,35,12,7,1,0,8,19
Hungary,hvg.hu,2017-12-01,3,5,11,32,0,27,2,2,0,5,0,5,1,7,5,2,6,1,1,893,0,1074,12,1,4,0,18,6,3,0,0,14,15
Hungary,hvg.hu,2018-01-01,4,11,12,30,1,47,4,1,1,8,1,4,1,10,8,1,9,2,0,1178,1,1445,19,3,8,1,38,8,1,1,1,17,24
Hungary,hvg.hu,2018-02-01,3,11,15,21,4,60,0,6,0,8,2,5,1,18,5,1,7,2,1,1050,0,1307,18,4,12,0,34,7,2,3,0,8,20
Hungary,hvg.hu,2018-03-01,5,14,32,19,5,91,2,2,0,6,1,3,2,16,0,2,10,4,2,1005,0,1293,7,2,17,1,38,4,1,1,3,5,18
Hungary,hvg.hu,2018-04-01,2,42,12,15,2,119,13,0,0,8,0,8,0,18,3,2,17,3,2,952,0,1276,10,2,5,0,23,7,1,1,1,6,14
Hungary,hvg.hu,2018-05-01,1,18,22,39,5,16,2,0,1,2,4,7,1,14,8,2,5,4,1,986,0,1205,18,3,4,0,15,5,1,2,2,8,22
Hungary,hvg.hu,2018-06-01,1,12,14,33,0,15,1,0,0,8,1,4,1,14,15,0,4,2,0,853,0,1044,5,1,2,0,23,13,1,3,0,9,21
Hungary,hvg.hu,2018-07-01,2,8,7,23,1,18,0,0,0,4,2,4,2,6,6,4,8,0,0,883,0,1055,12,2,10,0,15,8,2,1,0,10,27
Hungary,hvg.hu,2018-08-01,2,12,15,43,2,17,1,1,0,3,1,0,1,8,3,3,8,0,0,923,0,1127,12,1,4,0,31,8,5,1,2,7,23
Hungary,hvg.hu,2018-09-01,2,12,16,31,1,35,1,6,0,6,1,6,2,11,8,1,9,1,2,935,0,1187,23,2,4,0,25,7,5,2,2,15,25
Hungary,hvg.hu,2018-10-01,1,20,23,22,3,25,0,6,1,2,1,0,3,7,5,3,9,1,0,1030,2,1267,22,2,6,0,30,13,5,4,1,7,23
Hungary,hvg.hu,2018-11-01,4,19,26,23,1,19,0,3,0,7,5,4,1,11,13,3,15,1,0,964,0,1211,20,1,10,0,30,11,4,3,2,9,19
Hungary,hvg.hu,2018-12-01,13,78,15,25,1,19,1,3,1,3,5,6,2,20,20,5,8,1,1,905,0,1216,15,3,7,3,28,18,1,3,2,5,17
Hungary,hvg.hu,2019-01-01,3,54,20,43,2,24,0,2,2,4,3,5,1,9,10,2,5,6,0,923,0,1213,19,2,4,0,22,14,1,4,2,11,23
Hungary,hvg.hu,2019-02-01,3,16,21,25,1,16,1,2,0,6,1,4,1,17,9,0,13,4,1,971,1,1190,16,7,5,0,27,11,1,1,2,10,15
Hungary,hvg.hu,2019-03-01,9,20,16,22,1,33,7,4,1,3,2,5,2,7,9,2,4,0,0,977,0,1228,15,5,11,0,26,12,3,5,1,12,27
Hungary,hvg.hu,2019-04-01,2,7,21,23,4,32,3,2,0,4,1,4,1,10,7,1,2,2,0,671,2,870,15,2,4,1,19,9,0,5,1,10,15
Hungary,hvg.hu,2019-05-01,2,10,18,21,2,61,4,1,0,12,3,3,1,6,8,6,11,0,0,811,0,1037,9,2,5,0,19,6,0,1,2,5,17
Hungary,hvg.hu,2019-06-01,1,10,9,37,1,44,1,1,0,5,1,0,1,4,6,2,3,0,0,887,0,1089,7,1,3,0,21,13,2,1,1,15,14
Hungary,hvg.hu,2019-07-01,0,6,21,38,1,40,3,0,0,4,1,0,1,13,2,1,5,0,1,898,0,1113,18,2,7,0,18,10,2,2,1,9,22
Hungary,hvg.hu,2019-08-01,3,8,17,31,0,53,1,0,0,3,0,1,2,16,3,1,8,1,2,801,0,1038,17,1,6,0,25,7,0,3,0,14,31
Hungary,hvg.hu,2019-09-01,1,12,21,34,0,48,2,3,1,9,2,3,0,10,0,1,5,0,1,848,2,1093,12,3,9,0,41,3,2,2,1,11,24
Hungary,hvg.hu,2019-10-01,1,9,19,11,2,110,13,3,0,7,1,5,1,13,7,2,7,2,0,809,0,1080,6,4,8,0,27,2,2,1,0,3,17
Hungary,hvg.hu,2019-11-01,3,25,19,10,1,50,1,0,0,3,1,3,1,19,14,4,9,1,0,767,0,1000,10,2,7,0,25,13,1,0,2,10,18
Hungary,hvg.hu,2019-12-01,3,6,17,28,1,15,0,0,0,3,1,4,1,15,11,0,3,0,0,718,0,920,20,4,7,0,28,17,3,1,0,9,21
Hungary,hvg.hu,2020-01-01,3,7,15,23,1,23,1,0,0,5,0,3,1,8,4,1,6,0,1,716,0,911,16,4,5,0,28,13,2,1,1,12,21
Hungary,hvg.hu,2020-02-01,4,12,11,47,0,9,1,0,3,6,0,0,2,7,4,2,7,2,2,637,0,825,10,4,4,0,25,6,1,4,5,10,10
Hungary,hvg.hu,2020-03-01,1,2,5,143,1,9,0,3,24,6,0,1,1,1,7,4,2,0,0,749,0,1003,2,5,2,0,12,16,1,1,0,4,4
Hungary,hvg.hu,2020-04-01,0,1,7,112,1,2,1,1,14,2,1,0,1,3,12,0,1,0,0,724,0,955,17,2,2,0,11,22,3,1,0,10,7
Hungary,hvg.hu,2020-05-01,3,5,17,85,3,4,0,3,7,1,1,3,0,7,7,1,4,0,1,701,0,932,19,4,5,0,20,18,0,3,1,6,11
Hungary,hvg.hu,2020-06-01,1,8,16,82,1,5,2,0,3,2,0,1,1,17,12,0,3,0,2,727,0,948,9,4,4,1,20,14,4,1,1,8,12
Hungary,hvg.hu,2020-07-01,2,10,9,79,0,9,0,1,3,3,2,1,1,7,5,2,7,0,1,556,1,760,11,1,8,2,23,4,1,2,2,7,15
Hungary,hvg.hu,2020-08-01,2,9,2,112,2,16,1,1,10,0,0,3,0,5,1,2,11,0,0,671,0,920,18,5,5,0,14,6,2,0,1,6,21
Hungary,hvg.hu,2020-09-01,1,17,16,101,1,17,0,1,9,0,0,2,0,11,4,2,7,1,1,689,0,938,9,3,6,0,18,10,1,5,1,3,15
Hungary,hvg.hu,2020-10-01,1,10,9,99,2,19,1,2,5,6,1,1,0,7,9,1,1,1,0,648,0,881,12,2,2,0,14,17,1,0,3,6,9
Hungary,hvg.hu,2020-11-01,2,2,7,102,2,12,5,1,11,4,2,3,0,6,20,2,4,0,2,655,0,895,13,3,3,0,15,15,1,0,2,3,5
Hungary,hvg.hu,2020-12-01,5,2,17,87,2,7,2,1,5,4,0,0,1,8,10,1,3,1,0,638,0,860,9,2,6,0,21,17,0,1,1,4,17
Hungary,hvg.hu,2021-01-01,4,2,11,68,0,7,1,2,5,4,1,1,3,6,4,2,10,3,0,669,0,882,13,5,5,0,25,9,1,1,0,13,16
Hungary,hvg.hu,2021-02-01,1,7,20,62,0,15,0,1,3,3,1,1,0,6,4,0,3,1,0,592,1,784,16,3,4,0,19,6,1,2,3,4,15
Hungary,hvg.hu,2021-03-01,1,8,11,78,1,12,0,2,3,2,0,2,1,4,7,2,4,0,0,649,0,865,7,4,5,1,22,18,2,5,2,6,14
Hungary,hvg.hu,2021-04-01,1,5,11,59,1,15,2,4,2,1,0,5,2,5,7,0,5,0,0,645,0,841,7,6,2,1,26,8,1,2,1,3,21
Hungary,hvg.hu,2021-05-01,2,2,13,58,0,25,0,1,0,8,1,1,2,2,9,0,1,3,0,593,1,795,9,1,5,0,16,15,0,3,4,7,20
Hungary,hvg.hu,2021-06-01,3,13,15,46,1,14,1,2,2,1,2,4,2,6,15,1,5,3,0,601,1,800,8,1,3,0,19,12,4,0,0,4,18
Hungary,hvg.hu,2021-07-01,4,7,15,56,0,8,0,2,1,4,1,3,0,11,14,4,4,0,0,597,0,791,10,3,6,1,18,13,0,2,1,2,16
Hungary,hvg.hu,2021-08-01,2,1,10,58,2,16,1,1,2,2,0,6,2,9,1,1,4,0,1,575,1,738,11,0,2,0,15,6,0,2,0,1,14
Hungary,hvg.hu,2021-09-01,3,3,18,47,1,56,6,2,2,5,1,4,2,11,4,5,4,1,0,711,1,953,11,1,10,0,27,11,0,2,2,6,11
Hungary,hvg.hu,2021-10-01,3,4,5,53,0,75,4,2,3,9,0,2,0,9,2,2,6,2,0,637,0,879,4,3,3,1,18,18,2,3,3,5,10
Hungary,hvg.hu,2021-11-01,2,3,10,63,3,17,1,0,2,5,0,2,1,8,9,7,3,0,2,627,0,849,14,6,5,0,22,22,1,2,2,3,14
Hungary,hvg.hu,2021-12-01,3,6,24,56,0,19,0,0,1,2,2,0,1,23,11,0,9,1,0,688,0,898,12,4,7,0,24,10,2,0,0,4,12
Hungary,hvg.hu,2022-01-01,2,10,14,67,0,37,3,1,0,4,1,3,1,11,2,1,4,1,0,669,0,902,16,0,4,0,28,6,3,1,3,5,15
Hungary,hvg.hu,2022-02-01,0,23,13,32,2,43,2,5,1,4,2,6,1,13,6,5,7,1,0,560,0,776,14,2,6,1,22,4,1,0,1,3,13
Hungary,hvg.hu,2022-03-01,1,12,11,30,3,32,5,4,1,5,0,8,2,5,2,4,2,0,0,538,0,690,4,0,6,0,16,3,0,0,1,2,1
Hungary,hvg.hu,2022-04-01,5,12,12,39,1,103,7,0,0,6,0,4,6,7,1,2,7,1,0,529,0,790,11,1,5,0,21,3,1,1,1,6,8
Hungary,hvg.hu,2022-05-01,1,1,7,21,4,13,3,0,0,4,0,2,2,5,13,2,4,2,0,645,1,809,17,4,7,1,21,8,0,0,2,6,24
Hungary,hvg.hu,2022-06-01,1,2,6,44,0,30,0,1,3,4,3,3,1,4,10,2,11,0,1,726,0,946,20,0,8,0,23,15,3,2,2,7,25
Hungary,hvg.hu,2022-07-01,3,38,9,41,0,21,0,2,5,3,0,3,2,5,6,3,12,1,1,603,0,838,12,5,3,0,12,25,2,2,1,8,16
Hungary,hvg.hu,2022-08-01,3,16,13,40,2,7,0,0,1,1,3,4,2,6,0,5,4,2,1,481,0,649,14,0,4,0,18,3,2,1,1,3,20
Hungary,hvg.hu,2022-09-01,2,23,14,23,0,22,4,5,0,5,0,4,3,8,9,2,8,3,0,673,2,875,10,3,4,0,17,8,3,2,0,4,28
Hungary,hvg.hu,2022-10-01,3,34,17,17,3,9,1,3,0,4,1,5,0,15,9,2,7,1,0,653,1,849,12,4,4,0,17,8,3,3,2,9,16
Hungary,hvg.hu,2022-11-01,4,24,17,23,1,7,1,3,0,3,1,1,1,19,12,1,8,1,0,594,1,794,19,3,6,0,18,16,2,0,3,5,17
Hungary,hvg.hu,2022-12-01,2,25,12,28,1,5,0,4,0,4,1,1,0,16,9,3,4,2,0,653,0,846,14,8,4,1,21,13,2,0,4,9,13
Hungary,hvg.hu,2023-01-01,2,16,9,18,0,16,0,2,1,3,1,3,4,10,3,0,9,2,0,608,1,798,19,2,9,0,24,10,3,3,0,11,23
Hungary,hvg.hu,2023-02-01,1,10,16,19,1,5,2,2,0,7,0,1,1,9,4,1,3,0,1,628,1,800,18,6,8,0,29,10,2,2,1,9,18
Hungary,hvg.hu,2023-03-01,6,11,11,23,1,9,0,2,0,6,1,2,0,7,6,0,9,2,1,731,0,917,12,3,5,1,21,18,1,0,5,5,25
Hungary,hvg.hu,2023-04-01,3,5,6,7,0,10,0,1,1,0,2,2,0,8,9,0,5,1,1,531,0,666,10,2,4,0,22,15,2,0,2,13,14
Hungary,hvg.hu,2023-05-01,0,16,14,21,1,13,3,0,0,5,3,5,1,5,9,0,7,3,0,585,0,782,16,0,8,1,32,16,2,1,0,10,16
Hungary,hvg.hu,2023-06-01,0,5,8,20,1,11,0,1,2,1,0,0,1,1,5,0,7,0,0,413,0,524,7,1,4,0,9,18,2,0,1,4,7
Hungary,hvg.hu,2023-07-01,1,6,8,29,1,6,0,1,1,2,1,1,0,1,4,1,5,1,0,586,0,728,12,4,8,0,20,13,4,0,3,5,11
Hungary,hvg.hu,2023-08-01,2,7,10,48,0,5,0,0,1,2,1,2,1,4,2,0,5,1,1,800,0,990,11,1,10,0,23,16,2,2,3,16,25
Hungary,hvg.hu,2023-09-01,1,10,12,20,0,17,1,3,1,1,1,7,3,7,3,1,1,3,0,685,0,871,8,2,7,0,33,9,3,1,5,8,26
Hungary,hvg.hu,2023-10-01,3,6,15,21,3,14,1,2,3,13,1,6,5,10,0,1,4,2,0,650,0,835,8,3,4,0,18,18,4,1,2,8,22
Hungary,hvg.hu,2023-11-01,3,7,13,25,3,15,1,2,0,4,1,5,3,6,21,1,3,0,1,749,1,943,7,5,6,0,23,17,6,0,2,3,21
Hungary,hvg.hu,2023-12-01,0,8,11,52,0,9,1,2,2,3,0,2,2,6,12,2,6,2,0,725,2,905,8,1,3,0,9,21,2,1,1,10,10
Hungary,hvg.hu,2024-01-01,3,6,18,32,0,21,0,2,1,2,2,3,2,14,3,1,4,1,0,693,0,881,14,5,4,0,20,7,5,3,3,8,17
Hungary,hvg.hu,2024-02-01,5,28,14,16,3,27,2,0,1,4,0,4,0,13,11,3,8,0,0,740,0,960,15,2,8,0,25,7,4,1,3,12,18
Hungary,hvg.hu,2024-03-01,1,9,12,15,0,31,2,1,0,8,0,3,0,6,6,1,3,2,0,583,0,771,18,1,6,1,31,11,7,3,2,5,15
Hungary,hvg.hu,2024-04-01,4,14,22,18,1,103,4,1,1,11,1,6,2,13,6,1,6,1,1,531,0,831,9,1,7,1,34,18,4,2,3,7,15
Hungary,hvg.hu,2024-05-01,8,24,22,28,4,76,3,5,1,9,5,11,5,9,11,0,5,3,2,562,0,859,12,0,3,0,21,7,2,2,1,8,18
Hungary,hvg.hu,2024-06-01,11,9,19,31,2,168,22,4,3,6,4,8,1,18,10,3,10,0,1,526,0,931,12,2,4,0,33,15,1,1,2,7,15
Hungary,hvg.hu,2024-07-01,2,1,14,23,2,48,11,1,2,11,1,3,5,7,5,0,3,1,0,502,1,712,12,1,3,0,24,15,1,1,1,6,15
Hungary,hvg.hu,2024-08-01,6,5,21,44,1,13,3,0,2,6,0,5,2,14,1,0,7,1,1,517,0,727,16,3,9,0,24,14,4,3,0,6,19
Hungary,hvg.hu,2024-09-01,2,9,20,89,0,12,1,3,0,12,1,0,0,14,10,3,8,3,1,586,1,873,14,4,7,0,32,21,2,3,2,10,20
Hungary,hvg.hu,2024-10-01,6,10,30,33,3,24,0,4,1,9,1,4,3,21,8,2,9,3,1,669,0,938,21,2,11,0,35,27,2,1,1,9,12
Hungary,hvg.hu,2024-11-01,4,6,23,22,4,35,5,1,0,12,1,5,3,15,19,2,8,2,0,639,0,910,17,6,8,0,33,34,3,1,0,9,9
Hungary,hvg.hu,2024-12-01,5,7,18,16,0,17,1,0,0,5,2,1,1,9,14,0,9,0,0,600,0,781,17,5,1,0,23,25,2,2,1,4,6
Hungary,hvg.hu,2025-01-01,8,5,21,20,3,22,3,1,0,5,1,3,1,17,2,1,8,6,0,675,0,876,14,4,8,0,25,4,2,0,9,17,10
Hungary,hvg.hu,2025-02-01,3,13,16,20,0,6,2,0,2,3,1,2,2,17,4,2,6,4,2,631,1,797,11,2,4,0,23,9,3,0,5,5,11
Hungary,hvg.hu,2025-03-01,4,22,26,20,3,18,0,4,0,4,0,4,0,11,22,2,6,2,1,674,1,908,11,2,1,0,29,18,3,1,2,12,15
Hungary,hvg.hu,2025-04-01,3,4,3,2,0,4,0,0,1,0,0,0,0,0,1,2,3,0,0,81,0,115,2,0,0,0,5,2,1,0,0,1,0
Hungary,hvg.hu,2025-05-01,0,0,0,0,0,0,0,0,0,0,0,0,0,0,0,0,0,0,0,0,0,0,0,0,0,0,0,0,0,0,0,0,0
Hungary,hvg.hu,2025-06-01,0,0,0,0,0,0,0,0,0,0,0,0,0,0,0,0,0,0,0,0,0,0,0,0,0,0,0,0,0,0,0,0,0
Hungary,index.hu,2012-01-01,1,16,24,34,1,20,1,2,2,4,0,3,0,9,7,0,6,1,1,947,1,1179,14,6,7,1,35,8,3,1,0,14,27
Hungary,index.hu,2012-02-01,3,12,17,43,0,18,0,1,0,0,1,3,3,8,2,1,9,0,1,969,0,1172,14,0,3,1,25,11,4,1,2,11,20
Hungary,index.hu,2012-03-01,2,19,14,46,0,16,1,1,1,3,0,7,2,13,6,2,7,1,0,1124,0,1340,11,3,2,1,22,12,1,2,1,13,20
Hungary,index.hu,2012-04-01,1,15,20,33,0,13,1,1,3,5,3,3,2,13,7,6,12,0,0,954,0,1196,17,6,4,0,24,19,6,4,1,13,25
Hungary,index.hu,2012-05-01,2,13,11,34,0,16,0,0,2,7,0,1,3,8,6,1,7,0,1,1036,1,1260,21,2,8,1,27,27,2,2,1,13,20
Hungary,index.hu,2012-06-01,2,7,14,31,0,6,1,0,1,1,0,4,4,13,8,3,7,2,1,910,0,1121,20,6,8,0,31,19,2,3,5,8,22
Hungary,index.hu,2012-07-01,1,7,14,37,0,8,0,1,1,7,2,2,1,4,3,3,11,1,1,876,0,1084,21,5,7,0,18,13,3,3,1,15,26
Hungary,index.hu,2012-08-01,2,6,7,40,0,6,1,0,4,2,0,2,1,5,0,3,4,0,0,813,0,991,19,2,6,0,22,7,3,4,1,15,26
Hungary,index.hu,2012-09-01,2,8,9,39,1,10,1,0,2,1,1,2,1,6,2,5,4,3,0,864,0,1056,18,1,4,0,23,6,6,1,3,13,28
Hungary,index.hu,2012-10-01,4,9,24,32,0,18,1,0,2,1,0,5,4,16,7,7,9,0,0,1103,0,1337,24,3,5,0,17,16,2,1,2,12,30
Hungary,index.hu,2012-11-01,1,10,13,19,1,9,0,0,0,3,1,4,2,11,3,3,8,0,0,869,0,1045,17,5,6,0,23,17,3,0,1,8,19
Hungary,index.hu,2012-12-01,0,26,7,28,0,6,3,2,2,3,0,2,3,6,4,1,3,0,0,826,0,1003,17,7,3,0,17,14,3,0,0,11,15
Hungary,index.hu,2013-01-01,3,4,6,26,0,6,2,0,2,7,0,2,3,3,6,2,4,0,0,833,0,990,13,5,2,0,21,13,2,3,0,9,16
Hungary,index.hu,2013-02-01,0,15,12,25,0,2,0,0,0,3,0,1,1,6,6,4,5,0,0,799,0,941,15,1,4,0,14,12,2,2,2,4,14
Hungary,index.hu,2013-03-01,1,8,7,16,0,9,0,1,1,4,1,0,2,6,12,3,6,0,0,724,0,880,17,3,0,0,15,13,4,2,2,9,18
Hungary,index.hu,2013-04-01,0,6,7,27,0,11,0,0,0,2,0,1,1,5,6,1,2,0,0,856,0,999,11,2,6,0,22,7,4,1,1,12,15
Hungary,index.hu,2013-05-01,0,2,4,13,0,2,1,0,1,1,0,1,0,4,3,1,3,0,0,538,0,616,9,2,4,0,13,5,1,2,0,1,8
Hungary,index.hu,2013-06-01,1,7,7,19,0,5,0,0,0,2,0,4,0,2,1,3,2,1,0,473,0,570,6,0,1,0,10,9,1,3,2,7,6
Hungary,index.hu,2013-07-01,0,1,5,19,0,5,0,0,0,0,1,4,0,3,2,0,3,1,1,557,0,641,2,0,1,0,5,7,0,1,0,7,18
Hungary,index.hu,2013-08-01,0,4,4,16,0,5,1,0,0,2,1,2,2,1,2,2,3,0,1,527,0,606,6,3,2,0,6,1,2,0,1,3,10
Hungary,index.hu,2013-09-01,1,5,7,8,0,4,0,1,0,2,1,1,2,4,1,0,3,0,0,575,0,666,12,0,4,0,17,3,2,2,1,5,13
Hungary,index.hu,2013-10-01,0,3,9,16,0,11,1,0,2,1,1,3,0,4,1,2,3,0,0,657,1,773,9,1,4,0,13,7,0,1,1,8,21
Hungary,index.hu,2013-11-01,1,5,6,21,0,9,2,0,2,1,0,0,1,6,3,0,3,0,1,487,0,600,6,1,0,0,8,5,3,2,2,12,16
Hungary,index.hu,2013-12-01,0,4,3,11,0,2,0,0,0,1,1,2,0,4,0,1,1,0,1,474,0,549,12,0,5,0,6,2,0,1,1,9,13
Hungary,index.hu,2014-01-01,1,2,6,14,0,5,0,0,0,2,0,2,3,7,0,1,1,0,0,396,0,473,7,1,0,0,6,1,0,2,1,7,13
Hungary,index.hu,2014-02-01,0,4,4,10,0,8,0,0,0,0,1,2,0,4,1,0,0,0,0,368,0,426,2,0,3,0,11,1,1,0,2,2,5
Hungary,index.hu,2014-03-01,0,2,2,8,1,10,0,0,0,1,0,0,2,1,0,1,1,0,1,374,0,425,3,0,3,0,6,1,0,0,0,6,5
Hungary,index.hu,2014-04-01,2,7,11,26,0,47,4,0,0,2,0,0,0,13,3,1,4,2,0,1046,0,1242,12,0,10,0,28,4,1,4,0,12,18
Hungary,index.hu,2014-05-01,2,3,9,31,0,32,1,1,2,1,1,1,0,7,3,3,9,0,0,960,0,1128,7,0,5,1,20,5,0,3,2,5,22
Hungary,index.hu,2014-06-01,2,3,8,19,0,7,4,0,0,3,0,0,4,6,3,1,9,0,0,752,0,877,6,0,3,0,14,9,0,1,3,8,18
Hungary,index.hu,2014-07-01,2,3,4,17,0,6,1,0,0,1,0,0,0,4,0,0,3,1,1,409,0,488,8,0,3,0,11,4,1,1,1,6,8
Hungary,index.hu,2014-08-01,2,1,1,13,0,4,0,0,0,2,0,0,0,4,2,2,0,0,1,296,0,358,6,1,1,0,7,2,0,1,0,4,11
Hungary,index.hu,2014-09-01,0,6,2,8,0,4,2,0,1,0,0,0,1,2,3,2,2,0,0,330,0,387,2,2,1,0,7,3,1,1,1,1,6
Hungary,index.hu,2014-10-01,1,0,2,5,1,13,0,0,0,0,0,0,1,1,0,0,3,1,0,331,0,379,5,1,2,0,4,1,1,1,1,4,2
Hungary,index.hu,2014-11-01,0,7,2,2,1,3,0,1,0,1,0,2,2,4,0,0,2,0,0,270,1,323,3,0,3,0,10,5,0,0,0,3,5
Hungary,index.hu,2014-12-01,0,6,6,2,1,3,0,0,0,1,0,1,2,1,0,0,3,0,0,294,0,338,3,1,0,0,2,3,0,0,0,5,4
Hungary,index.hu,2015-01-01,1,4,7,13,2,9,0,0,2,2,0,0,5,5,3,2,2,0,0,539,0,633,9,0,6,0,13,2,0,0,2,5,8
Hungary,index.hu,2015-02-01,1,5,4,9,0,13,1,3,0,2,2,2,1,6,2,0,3,0,0,515,0,614,4,2,5,0,13,4,0,0,1,9,13
Hungary,index.hu,2015-03-01,2,8,7,10,1,2,1,0,1,0,1,1,1,8,0,4,4,2,0,528,0,627,10,0,3,0,8,6,6,2,1,9,8
Hungary,index.hu,2015-04-01,0,7,10,9,1,14,0,0,0,0,0,3,1,4,0,0,1,0,0,517,0,625,13,0,6,0,14,6,0,0,1,11,12
Hungary,index.hu,2015-05-01,0,1,2,9,0,5,0,0,0,0,0,1,0,4,1,0,1,0,0,360,0,413,3,0,3,0,12,3,1,0,0,6,4
Hungary,index.hu,2015-06-01,2,1,1,8,0,4,0,0,0,0,0,1,0,2,2,0,3,0,0,384,0,441,3,0,1,0,8,4,3,0,0,6,10
Hungary,index.hu,2015-07-01,0,6,3,19,0,1,0,0,0,1,1,5,0,3,0,0,1,0,0,346,0,424,9,0,4,0,11,0,1,1,0,6,8
Hungary,index.hu,2015-08-01,0,2,3,14,0,4,0,0,0,0,0,2,0,2,0,0,2,0,0,351,0,408,10,1,2,0,6,0,0,0,0,2,10
Hungary,index.hu,2015-09-01,0,1,3,4,0,1,0,2,0,0,0,0,3,3,1,1,6,1,0,373,0,419,7,1,1,0,5,2,1,0,1,3,3
Hungary,index.hu,2015-10-01,1,2,8,10,1,5,2,0,0,2,1,4,1,6,0,4,0,0,2,545,0,634,9,0,2,0,15,5,1,3,0,5,8
Hungary,index.hu,2015-11-01,3,3,6,6,0,2,0,1,0,0,1,1,0,4,0,2,1,0,0,307,0,359,2,1,2,0,3,2,0,1,0,3,13
Hungary,index.hu,2015-12-01,0,0,2,8,0,3,0,1,1,1,1,1,0,0,0,2,2,0,0,296,0,357,11,1,5,0,10,5,1,0,0,5,5
Hungary,index.hu,2016-01-01,0,4,1,7,0,3,0,0,0,2,0,1,2,1,2,1,1,0,0,234,0,288,5,0,0,0,4,6,1,0,0,4,9
Hungary,index.hu,2016-02-01,0,11,1,7,0,6,0,0,1,1,0,0,0,2,0,1,2,0,1,323,0,387,6,3,0,0,9,3,0,1,1,4,5
Hungary,index.hu,2016-03-01,2,16,8,26,1,12,2,2,0,1,0,3,1,10,3,1,3,0,0,710,0,866,8,5,12,0,23,6,0,4,1,5,13
Hungary,index.hu,2016-04-01,0,6,3,11,0,3,0,1,0,1,0,4,1,4,2,1,3,0,0,303,0,370,3,2,4,0,6,0,1,0,1,6,9
Hungary,index.hu,2016-05-01,1,6,5,14,0,10,0,0,1,2,1,2,4,4,6,0,7,1,0,607,0,724,11,0,6,0,21,4,0,0,2,4,12
Hungary,index.hu,2016-06-01,2,4,11,10,0,10,0,0,0,0,0,2,3,6,5,3,4,0,1,572,0,676,7,1,7,0,12,6,0,0,0,6,14
Hungary,index.hu,2016-07-01,0,8,6,21,1,11,1,0,0,0,3,4,1,4,3,2,1,0,0,551,0,669,11,1,3,0,12,1,1,2,0,7,19
Hungary,index.hu,2016-08-01,0,3,5,9,0,11,0,1,0,0,0,6,1,3,1,5,1,0,0,517,0,613,10,2,6,0,11,7,2,0,2,4,13
Hungary,index.hu,2016-09-01,6,3,12,9,0,21,1,2,0,1,1,3,0,8,4,2,6,1,1,594,0,725,10,0,6,0,17,3,2,1,1,5,16
Hungary,index.hu,2016-10-01,3,8,10,11,1,13,0,1,1,2,2,3,1,12,6,3,2,1,0,582,0,711,10,0,2,0,13,9,4,0,1,6,13
Hungary,index.hu,2016-11-01,1,5,6,6,0,4,0,0,2,2,0,2,0,4,1,0,2,1,0,273,0,330,4,1,2,0,4,2,0,1,0,8,4
Hungary,index.hu,2016-12-01,0,1,1,5,0,0,0,0,0,0,0,0,0,2,1,0,4,0,0,115,0,142,2,0,1,0,5,0,1,0,0,2,4
Hungary,index.hu,2017-01-01,1,3,14,27,1,18,0,1,0,0,0,1,2,10,2,0,6,0,0,640,1,776,8,1,6,0,15,5,0,0,0,9,13
Hungary,index.hu,2017-02-01,1,5,8,24,0,15,0,1,0,0,1,5,1,12,6,0,5,0,1,596,0,730,9,1,4,0,15,3,1,2,0,9,14
Hungary,index.hu,2017-03-01,1,5,8,17,0,11,0,4,0,0,0,5,2,7,1,0,2,1,0,649,0,772,12,0,11,0,23,12,0,1,0,1,12
Hungary,index.hu,2017-04-01,4,23,5,10,1,15,1,1,0,4,0,6,4,6,8,2,4,1,0,595,0,747,6,4,3,0,16,13,2,0,0,7,12
Hungary,index.hu,2017-05-01,1,9,13,21,2,14,0,0,0,5,0,3,3,13,4,1,5,2,1,640,1,793,11,3,5,0,18,11,4,0,0,4,12
Hungary,index.hu,2017-06-01,2,7,3,28,0,4,1,5,1,3,1,6,2,4,5,0,9,0,0,614,0,756,13,0,12,0,19,8,3,0,0,5,13
Hungary,index.hu,2017-07-01,0,8,10,24,0,2,0,0,0,2,0,2,0,6,2,1,1,2,0,559,0,667,19,0,5,0,14,2,0,0,1,5,13
Hungary,index.hu,2017-08-01,1,3,2,17,0,8,0,2,0,1,2,2,1,2,1,2,3,0,0,590,0,699,13,1,8,0,27,2,0,0,0,6,13
Hungary,index.hu,2017-09-01,0,2,3,1,0,4,0,0,0,0,0,0,0,2,1,0,1,0,0,125,0,148,2,0,0,0,1,1,0,0,0,3,4
Hungary,index.hu,2017-10-01,0,0,0,0,0,0,0,0,0,0,0,0,0,0,0,0,0,0,0,0,0,0,0,0,0,0,0,0,0,0,0,0,0
Hungary,index.hu,2017-11-01,3,1,2,9,0,8,0,1,0,1,0,1,0,2,2,0,2,1,0,308,0,375,3,0,5,0,20,2,0,1,0,4,4
Hungary,index.hu,2017-12-01,0,0,0,0,0,0,0,0,0,0,0,0,0,0,0,0,0,0,0,0,0,0,0,0,0,0,0,0,0,0,0,0,0
Hungary,index.hu,2018-01-01,1,5,6,10,2,17,0,0,1,3,3,4,1,5,4,1,5,0,1,462,0,576,12,0,1,0,12,4,0,2,0,10,9
Hungary,index.hu,2018-02-01,0,0,0,0,0,0,0,0,0,0,0,0,0,0,0,0,0,0,0,1,0,1,0,0,0,0,0,0,0,0,0,0,0
Hungary,index.hu,2018-03-01,3,4,11,14,1,30,2,0,0,1,1,0,1,9,2,1,5,0,1,434,0,552,5,1,6,1,15,3,2,0,1,2,9
Hungary,index.hu,2018-04-01,1,11,8,12,0,36,5,0,0,1,1,1,2,5,1,0,9,0,0,414,0,541,8,2,6,0,11,1,0,0,0,7,7
Hungary,index.hu,2018-05-01,0,3,7,13,0,15,0,1,0,2,1,0,1,5,2,0,5,1,0,430,0,518,4,0,2,0,8,3,1,1,1,6,12
Hungary,index.hu,2018-06-01,2,3,8,17,0,9,1,1,0,5,0,0,2,6,3,2,3,1,0,418,0,515,8,1,2,1,8,8,0,1,0,2,10
Hungary,index.hu,2018-07-01,2,3,7,23,0,7,0,0,1,3,1,4,0,6,0,1,3,2,0,556,0,686,12,1,2,1,22,9,1,2,1,5,18
Hungary,index.hu,2018-08-01,0,4,11,14,0,8,0,3,1,2,1,0,1,6,3,0,5,0,0,488,0,593,8,4,2,0,10,3,1,1,2,7,16
Hungary,index.hu,2018-09-01,1,4,3,20,0,8,1,0,0,3,1,3,1,4,1,0,1,1,1,503,0,624,22,1,9,0,13,3,3,2,0,13,11
Hungary,index.hu,2018-10-01,2,6,9,15,1,12,0,4,0,0,2,2,1,5,1,4,3,0,0,555,0,708,22,2,3,0,22,9,3,1,1,8,21
Hungary,index.hu,2018-11-01,3,13,13,16,0,16,0,0,0,0,0,5,0,4,2,0,2,0,0,515,0,659,12,1,4,0,20,5,1,3,0,11,18
Hungary,index.hu,2018-12-01,8,43,9,12,0,10,0,2,0,1,1,7,1,6,10,0,8,0,0,446,0,612,9,0,2,0,17,7,1,0,0,5,14
Hungary,index.hu,2019-01-01,0,5,1,8,1,5,0,0,0,2,0,1,0,0,1,1,0,0,0,115,0,145,2,0,1,0,2,0,0,0,0,0,1
Hungary,index.hu,2019-02-01,2,7,9,17,0,9,0,1,0,2,0,2,1,8,3,1,5,0,1,455,0,566,9,3,1,0,13,2,1,0,0,7,14
Hungary,index.hu,2019-03-01,6,9,11,17,0,22,1,0,1,2,1,1,0,8,2,3,3,0,0,484,0,628,12,2,6,0,15,6,0,0,1,9,17
Hungary,index.hu,2019-04-01,2,5,5,19,1,21,2,1,2,4,1,1,0,3,6,0,5,0,0,465,1,604,10,2,6,0,25,3,1,5,1,10,6
Hungary,index.hu,2019-05-01,2,7,12,11,2,33,2,3,0,2,0,1,1,7,2,2,5,0,0,599,0,751,12,3,4,0,15,7,4,1,1,7,14
Hungary,index.hu,2019-06-01,2,2,11,33,0,26,0,2,1,3,2,1,1,3,1,3,2,0,0,535,0,685,8,0,2,0,15,3,0,1,1,14,18
Hungary,index.hu,2019-07-01,0,3,6,17,2,26,3,0,0,3,1,1,1,5,4,1,5,1,0,540,0,682,13,0,3,0,15,3,2,3,0,7,21
Hungary,index.hu,2019-08-01,0,3,5,12,0,12,0,1,0,1,0,0,0,3,1,0,2,0,1,228,0,301,6,1,4,0,10,0,1,0,0,6,8
Hungary,index.hu,2019-09-01,0,10,15,23,0,31,2,3,1,5,1,0,0,10,2,1,2,0,2,523,0,680,6,1,4,0,24,1,0,0,2,9,14
Hungary,index.hu,2019-10-01,1,5,12,10,0,33,1,1,0,2,0,0,3,11,3,0,4,0,1,452,0,579,8,0,9,0,16,1,1,2,1,4,12
Hungary,index.hu,2019-11-01,1,6,7,11,0,13,1,0,0,3,1,2,1,6,5,1,9,1,0,445,0,567,9,2,5,2,19,8,2,2,1,4,7
Hungary,index.hu,2019-12-01,3,1,7,15,1,7,0,1,0,3,0,0,0,5,8,0,0,1,0,402,0,513,13,1,7,0,14,2,4,1,1,9,16
Hungary,index.hu,2020-01-01,1,3,5,20,0,10,0,1,0,0,1,2,0,0,3,2,6,2,0,425,0,552,14,0,11,0,29,3,3,1,0,9,12
Hungary,index.hu,2020-02-01,1,9,14,30,1,4,0,0,4,3,0,0,0,3,1,0,1,1,0,453,0,582,13,1,2,0,13,2,0,0,1,13,16
Hungary,index.hu,2020-03-01,1,0,2,26,0,1,0,0,3,1,1,0,0,0,1,0,0,0,0,175,0,224,1,1,0,0,3,2,0,0,0,1,5
Hungary,index.hu,2020-04-01,0,0,0,1,0,0,0,0,0,0,0,0,0,0,0,0,0,0,0,1,0,2,0,0,0,0,0,0,0,0,0,0,0
Hungary,index.hu,2020-05-01,0,0,0,0,0,0,0,0,0,0,0,0,0,0,0,0,0,0,0,0,0,0,0,0,0,0,0,0,0,0,0,0,0
Hungary,index.hu,2020-06-01,1,1,5,36,1,2,1,0,1,1,1,2,0,6,5,2,2,0,0,385,1,495,9,0,2,0,12,7,1,3,1,6,6
Hungary,index.hu,2020-07-01,0,3,9,32,0,4,0,2,4,0,0,1,0,5,1,1,5,1,1,352,0,466,12,1,4,0,9,4,1,4,0,6,10
Hungary,index.hu,2020-08-01,0,1,3,41,1,6,0,1,0,0,1,0,0,2,1,1,2,0,1,231,0,324,12,0,1,0,6,0,1,0,0,5,9
Hungary,index.hu,2020-09-01,2,7,7,62,0,17,0,1,7,1,0,1,1,3,3,2,6,2,0,638,0,807,11,1,4,0,11,11,1,3,0,4,7
Hungary,index.hu,2020-10-01,2,12,10,77,1,20,1,2,6,3,1,0,2,5,9,2,3,1,2,871,0,1079,8,6,1,0,14,11,0,2,1,5,7
Hungary,index.hu,2020-11-01,1,5,5,64,1,8,0,2,7,2,1,3,1,2,15,6,5,1,3,787,1,978,14,3,4,0,18,11,0,0,0,3,11
Hungary,index.hu,2020-12-01,1,5,9,69,0,6,0,1,2,3,0,0,0,7,2,1,2,0,0,762,0,932,9,3,5,0,19,14,0,1,1,1,17
Hungary,index.hu,2021-01-01,1,6,6,75,1,5,1,1,2,3,0,2,1,5,1,2,8,2,0,861,0,1055,16,3,6,0,17,7,0,2,1,8,20
Hungary,index.hu,2021-02-01,2,10,15,63,1,8,0,3,4,2,1,1,1,11,5,1,1,0,1,940,1,1143,17,2,5,0,15,13,2,5,2,4,19
Hungary,index.hu,2021-03-01,1,9,10,103,1,11,0,2,4,2,1,2,2,9,7,0,6,1,0,1059,0,1300,11,3,8,0,21,15,0,0,1,5,19
Hungary,index.hu,2021-04-01,0,1,10,66,1,11,0,1,1,1,0,2,3,9,5,1,1,1,0,1015,0,1211,16,4,5,0,24,9,1,1,0,9,20
Hungary,index.hu,2021-05-01,1,2,5,34,0,12,0,1,0,2,0,2,0,2,2,0,1,0,0,616,0,729,12,0,3,0,9,11,1,2,2,2,10
Hungary,index.hu,2021-06-01,0,0,0,0,0,0,0,0,0,0,0,0,0,0,0,0,0,0,0,0,0,0,0,0,0,0,0,0,0,0,0,0,0
Hungary,index.hu,2021-07-01,6,5,5,46,0,9,1,0,1,0,1,1,1,3,4,1,0,1,0,650,0,799,7,1,6,0,10,10,2,2,1,7,20
Hungary,index.hu,2021-08-01,0,0,0,0,0,0,0,0,0,0,0,0,0,0,0,0,0,0,0,0,0,0,0,0,0,0,0,0,0,0,0,0,0
Hungary,index.hu,2021-09-01,0,3,10,24,0,11,3,0,1,2,1,5,0,5,4,1,2,2,0,533,0,634,6,1,2,0,7,3,1,0,2,5,6
Hungary,index.hu,2021-10-01,2,2,5,35,1,20,0,3,2,0,0,2,0,2,3,4,4,2,0,514,0,641,6,2,4,0,3,5,3,2,2,4,12
Hungary,index.hu,2021-11-01,0,3,4,30,0,5,0,0,0,5,2,0,0,6,2,1,1,1,0,541,0,646,11,2,3,0,10,11,1,2,0,3,7
Hungary,index.hu,2021-12-01,1,4,5,29,0,9,0,0,0,1,0,1,1,6,3,0,3,0,0,517,0,615,9,1,3,0,12,4,0,0,1,4,7
Hungary,index.hu,2022-01-01,0,5,5,26,0,13,3,1,1,1,1,1,1,4,3,0,1,0,1,479,1,588,10,2,4,0,9,1,0,0,2,6,12
Hungary,index.hu,2022-02-01,4,10,7,26,0,25,0,1,0,2,2,1,2,5,2,5,1,1,1,444,0,577,8,1,2,0,10,6,0,0,2,5,10
Hungary,index.hu,2022-03-01,2,9,6,22,2,21,0,2,0,2,1,0,0,7,3,2,1,1,0,456,0,575,10,0,3,0,13,3,0,0,4,7,5
Hungary,index.hu,2022-04-01,0,7,5,23,0,24,5,1,1,2,0,1,2,1,2,1,2,0,0,493,0,613,9,1,1,0,12,2,2,1,3,3,11
Hungary,index.hu,2022-05-01,0,1,5,18,1,7,0,1,1,2,0,2,0,4,2,1,1,0,0,509,0,598,11,3,2,0,8,4,0,1,0,7,10
Hungary,index.hu,2022-06-01,1,1,9,30,0,4,0,1,1,2,1,0,0,7,3,0,4,0,0,576,0,677,6,2,4,0,12,6,1,0,1,4,11
Hungary,index.hu,2022-07-01,1,16,7,73,0,15,0,0,5,4,1,5,0,5,7,4,6,0,0,1044,0,1287,15,1,10,0,22,15,2,1,6,8,22
Hungary,index.hu,2022-08-01,0,3,2,32,0,3,1,2,0,0,1,4,0,1,3,0,1,1,0,575,0,665,6,2,4,0,7,8,1,1,4,2,5
Hungary,index.hu,2022-09-01,1,17,8,51,0,16,2,2,1,6,1,1,0,8,4,1,7,2,0,1024,0,1212,6,5,3,0,11,11,1,4,2,9,17
Hungary,index.hu,2022-10-01,0,22,10,27,0,10,1,0,1,4,0,4,1,6,3,0,2,1,0,904,0,1051,8,3,4,0,12,7,3,3,4,5,13
Hungary,index.hu,2022-11-01,3,4,9,38,0,12,1,2,2,6,1,2,2,5,5,1,5,0,0,802,0,960,13,9,6,0,10,3,4,3,3,7,11
Hungary,index.hu,2022-12-01,0,5,8,44,2,5,1,0,0,2,1,2,0,5,4,0,1,1,2,746,0,884,6,5,2,1,14,11,2,2,2,7,9
Hungary,index.hu,2023-01-01,4,13,17,59,2,7,2,3,1,6,2,1,2,19,2,0,6,3,0,1163,0,1400,12,11,6,0,24,8,3,0,8,11,20
Hungary,index.hu,2023-02-01,1,5,14,42,0,12,0,1,0,9,1,1,0,11,4,1,12,3,0,1179,1,1410,22,2,13,0,39,15,3,0,3,8,25
Hungary,index.hu,2023-03-01,2,6,18,56,0,16,0,5,1,7,1,4,0,7,8,3,4,2,0,1488,0,1743,18,5,10,1,27,17,4,5,8,9,27
Hungary,index.hu,2023-04-01,3,9,17,47,1,8,0,0,1,3,0,2,2,9,10,2,9,0,1,1254,0,1495,22,9,7,0,23,15,1,6,1,11,32
Hungary,index.hu,2023-05-01,4,9,16,51,0,17,1,0,1,6,0,5,0,14,13,4,6,0,1,1307,1,1575,21,2,9,1,31,12,0,2,4,18,36
Hungary,index.hu,2023-06-01,1,10,15,41,2,13,1,1,1,6,2,4,3,7,1,1,10,0,2,1105,0,1312,14,5,1,0,16,17,3,4,3,11,17
Hungary,index.hu,2023-07-01,3,3,4,37,2,7,0,0,1,4,1,1,2,5,4,0,3,1,0,961,0,1116,14,4,4,0,18,13,3,2,2,10,14
Hungary,index.hu,2023-08-01,0,2,5,59,0,4,1,1,6,4,1,2,1,3,4,1,4,1,0,1030,0,1238,14,1,7,0,21,13,3,4,2,21,31
Hungary,index.hu,2023-09-01,4,4,17,44,2,19,1,3,1,9,3,12,2,17,7,2,4,2,1,1447,1,1737,20,7,8,0,43,11,4,3,5,19,33
Hungary,index.hu,2023-10-01,4,6,21,46,3,13,0,1,2,3,4,10,1,18,4,5,5,4,0,1406,0,1682,26,6,11,1,36,14,2,3,6,12,30
Hungary,index.hu,2023-11-01,4,4,21,40,1,17,0,6,1,12,0,4,1,10,18,4,3,1,1,1310,0,1576,12,10,11,0,41,26,1,2,5,5,25
Hungary,index.hu,2023-12-01,1,14,14,70,1,12,3,1,2,5,1,2,0,11,12,3,7,2,0,1326,0,1583,12,5,6,1,28,19,2,2,4,15,16
Hungary,index.hu,2024-01-01,6,20,13,39,0,22,0,3,1,9,3,5,1,9,4,0,5,3,1,1347,1,1624,30,7,8,0,32,10,6,3,1,14,32
Hungary,index.hu,2024-02-01,3,28,23,32,1,42,2,2,3,14,2,4,1,15,11,7,12,4,0,1312,0,1634,18,5,7,0,43,8,3,4,2,8,31
Hungary,index.hu,2024-03-01,2,12,25,37,1,42,0,0,6,7,1,2,0,13,10,3,11,2,0,1362,1,1663,23,5,11,0,50,13,3,1,4,13,23
Hungary,index.hu,2024-04-01,3,21,36,56,3,145,2,0,3,24,7,12,0,23,9,3,13,4,0,1213,3,1738,23,17,15,0,47,26,3,2,2,12,38
Hungary,index.hu,2024-05-01,13,16,34,49,4,118,13,2,0,23,5,13,9,11,9,4,6,7,2,1286,2,1761,16,17,11,0,41,12,3,0,4,20,31
Hungary,index.hu,2024-06-01,10,9,27,76,2,174,23,7,5,14,2,8,1,24,7,3,12,1,1,1079,0,1603,31,6,5,0,41,12,4,2,4,10,26
Hungary,index.hu,2024-07-01,4,7,14,67,4,63,8,2,4,17,0,2,4,12,8,6,5,3,0,1136,0,1521,35,13,9,1,42,20,0,0,2,21,27
Hungary,index.hu,2024-08-01,6,9,24,81,7,19,4,2,0,10,1,4,4,22,10,1,5,2,1,1117,0,1448,26,8,2,0,31,21,8,4,5,9,26
Hungary,index.hu,2024-09-01,2,12,21,134,2,33,3,4,2,15,0,1,0,17,8,3,6,3,0,960,0,1347,20,9,6,0,44,19,3,4,2,8,22
Hungary,index.hu,2024-10-01,4,10,33,57,1,40,1,0,2,24,1,5,2,20,12,2,8,3,0,1351,1,1725,22,16,10,1,53,25,4,2,2,17,21
Hungary,index.hu,2024-11-01,3,11,20,70,3,43,3,3,5,9,2,2,1,22,17,5,6,2,1,1220,0,1598,22,16,2,2,43,33,1,3,5,19,21
Hungary,index.hu,2024-12-01,8,7,21,37,2,25,4,1,3,6,3,2,2,17,11,2,10,3,0,1201,0,1500,28,9,9,0,43,31,1,6,3,10,16
Hungary,index.hu,2025-01-01,6,4,23,55,0,27,3,0,0,8,0,5,2,15,5,7,16,14,0,1178,0,1499,25,4,8,1,37,16,4,8,6,22,21
Hungary,index.hu,2025-02-01,1,13,27,28,0,11,0,4,1,4,1,2,1,13,8,3,8,3,1,1140,0,1393,20,6,4,0,34,21,1,0,10,12,24
Hungary,index.hu,2025-03-01,3,25,27,45,2,19,1,2,2,4,1,14,2,9,21,2,8,1,2,1313,0,1643,18,8,8,0,47,26,1,2,5,17,21
Hungary,index.hu,2025-04-01,0,0,0,0,0,0,0,0,0,0,0,0,0,0,0,0,0,0,0,0,0,0,0,0,0,0,0,0,0,0,0,0,0
Hungary,index.hu,2025-05-01,0,0,0,0,0,0,0,0,0,0,0,0,0,0,0,0,0,0,0,0,0,0,0,0,0,0,0,0,0,0,0,0,0
Hungary,index.hu,2025-06-01,0,0,0,0,0,0,0,0,0,0,0,0,0,0,0,0,0,0,0,0,0,0,0,0,0,0,0,0,0,0,0,0,0
Hungary,iwpr.net,2012-01-01,0,0,0,0,0,0,0,0,0,0,0,0,0,0,0,0,0,0,0,0,0,0,0,0,0,0,0,0,0,0,0,0,0
Hungary,iwpr.net,2012-02-01,0,0,0,0,0,0,0,0,0,0,0,0,0,0,0,0,0,0,0,0,0,0,0,0,0,0,0,0,0,0,0,0,0
Hungary,iwpr.net,2012-03-01,0,0,0,0,0,0,0,0,0,0,0,0,0,0,0,0,0,0,0,0,0,0,0,0,0,0,0,0,0,0,0,0,0
Hungary,iwpr.net,2012-04-01,0,0,0,0,0,0,0,0,0,0,0,0,0,0,0,0,0,0,0,0,0,0,0,0,0,0,0,0,0,0,0,0,0
Hungary,iwpr.net,2012-05-01,0,0,0,0,0,0,0,0,0,0,0,0,0,0,0,0,0,0,0,0,0,0,0,0,0,0,0,0,0,0,0,0,0
Hungary,iwpr.net,2012-06-01,0,0,0,0,0,0,0,0,0,0,0,0,0,0,0,0,0,0,0,0,0,0,0,0,0,0,0,0,0,0,0,0,0
Hungary,iwpr.net,2012-07-01,0,0,0,0,0,0,0,0,0,0,0,0,0,0,0,0,0,0,0,0,0,0,0,0,0,0,0,0,0,0,0,0,0
Hungary,iwpr.net,2012-08-01,0,0,0,0,0,0,0,0,0,0,0,0,0,0,0,0,0,0,0,0,0,0,0,0,0,0,0,0,0,0,0,0,0
Hungary,iwpr.net,2012-09-01,0,0,0,0,0,0,0,0,0,0,0,0,0,0,0,0,0,0,0,1,0,1,0,0,0,0,0,0,0,0,0,0,0
Hungary,iwpr.net,2012-10-01,0,0,0,0,0,0,0,0,0,0,0,0,0,0,0,0,0,0,0,0,0,0,0,0,0,0,0,0,0,0,0,0,0
Hungary,iwpr.net,2012-11-01,0,0,0,0,0,0,0,0,0,0,0,0,0,0,0,0,0,0,0,0,0,0,0,0,0,0,0,0,0,0,0,0,0
Hungary,iwpr.net,2012-12-01,0,0,0,0,0,0,0,0,0,0,0,0,0,0,0,0,0,0,0,0,0,0,0,0,0,0,0,0,0,0,0,0,0
Hungary,iwpr.net,2013-01-01,0,0,0,0,0,0,0,0,0,0,0,0,0,0,0,0,0,0,0,0,0,0,0,0,0,0,0,0,0,0,0,0,0
Hungary,iwpr.net,2013-02-01,0,0,0,0,0,0,0,0,0,0,0,0,0,0,0,0,0,0,0,0,0,0,0,0,0,0,0,0,0,0,0,0,0
Hungary,iwpr.net,2013-03-01,0,0,0,0,0,0,0,0,0,0,0,0,0,0,0,0,0,0,0,0,0,0,0,0,0,0,0,0,0,0,0,0,0
Hungary,iwpr.net,2013-04-01,0,0,0,0,0,0,0,0,0,0,0,0,0,0,0,0,0,0,0,0,0,0,0,0,0,0,0,0,0,0,0,0,0
Hungary,iwpr.net,2013-05-01,0,0,0,0,0,0,0,0,0,0,0,0,0,0,0,0,0,0,0,0,0,0,0,0,0,0,0,0,0,0,0,0,0
Hungary,iwpr.net,2013-06-01,0,0,0,0,0,0,0,0,0,0,0,0,0,0,0,0,0,0,0,0,0,0,0,0,0,0,0,0,0,0,0,0,0
Hungary,iwpr.net,2013-07-01,0,0,0,0,0,0,0,0,0,0,0,0,0,0,0,0,0,0,0,0,0,0,0,0,0,0,0,0,0,0,0,0,0
Hungary,iwpr.net,2013-08-01,0,0,0,0,0,0,0,0,0,0,0,0,0,0,0,0,0,0,0,0,0,0,0,0,0,0,0,0,0,0,0,0,0
Hungary,iwpr.net,2013-09-01,0,0,0,0,0,0,0,0,0,0,0,0,0,0,0,0,0,0,0,0,0,0,0,0,0,0,0,0,0,0,0,0,0
Hungary,iwpr.net,2013-10-01,0,0,0,0,0,0,0,0,0,0,0,0,0,0,0,0,0,0,0,0,0,0,0,0,0,0,0,0,0,0,0,0,0
Hungary,iwpr.net,2013-11-01,0,0,0,0,0,0,0,0,0,0,0,0,0,0,0,0,0,0,0,0,0,0,0,0,0,0,0,0,0,0,0,0,0
Hungary,iwpr.net,2013-12-01,0,0,0,0,0,0,0,0,0,0,0,0,0,0,0,0,0,0,0,0,0,0,0,0,0,0,0,0,0,0,0,0,0
Hungary,iwpr.net,2014-01-01,0,0,0,0,0,0,0,0,0,0,0,0,0,0,0,0,0,0,0,0,0,0,0,0,0,0,0,0,0,0,0,0,0
Hungary,iwpr.net,2014-02-01,0,0,0,0,0,0,0,0,0,0,0,0,0,0,0,0,0,0,0,0,0,0,0,0,0,0,0,0,0,0,0,0,0
Hungary,iwpr.net,2014-03-01,0,0,0,0,0,0,0,0,0,0,0,0,0,0,0,0,0,0,0,0,0,0,0,0,0,0,0,0,0,0,0,0,0
Hungary,iwpr.net,2014-04-01,0,0,0,0,0,0,0,0,0,0,0,0,0,0,0,0,0,0,0,0,0,0,0,0,0,0,0,0,0,0,0,0,0
Hungary,iwpr.net,2014-05-01,0,0,0,0,0,0,0,0,0,0,0,0,0,0,0,0,0,0,0,0,0,0,0,0,0,0,0,0,0,0,0,0,0
Hungary,iwpr.net,2014-06-01,0,0,0,0,0,0,0,0,0,0,0,0,0,0,0,0,0,0,0,0,0,0,0,0,0,0,0,0,0,0,0,0,0
Hungary,iwpr.net,2014-07-01,0,0,0,0,0,0,0,0,0,0,0,0,0,0,0,0,0,0,0,0,0,0,0,0,0,0,0,0,0,0,0,0,0
Hungary,iwpr.net,2014-08-01,0,0,0,0,0,0,0,0,0,0,0,0,0,0,0,0,0,0,0,0,0,0,0,0,0,0,0,0,0,0,0,0,0
Hungary,iwpr.net,2014-09-01,0,0,0,0,0,0,0,0,0,0,0,0,0,0,0,0,0,0,0,1,0,1,0,0,0,0,0,0,0,0,0,0,0
Hungary,iwpr.net,2014-10-01,0,0,0,0,0,0,0,0,0,0,0,0,0,0,0,0,0,0,0,0,0,0,0,0,0,0,0,0,0,0,0,0,0
Hungary,iwpr.net,2014-11-01,0,0,0,0,0,0,0,0,0,0,0,0,0,0,0,0,0,0,0,0,0,0,0,0,0,0,0,0,0,0,0,0,0
Hungary,iwpr.net,2014-12-01,0,0,0,0,0,0,0,0,0,0,0,0,0,0,0,0,0,0,0,0,0,0,0,0,0,0,0,0,0,0,0,0,0
Hungary,iwpr.net,2015-01-01,0,0,0,0,0,0,0,0,0,0,0,0,0,0,0,0,0,0,0,0,0,0,0,0,0,0,0,0,0,0,0,0,0
Hungary,iwpr.net,2015-02-01,0,0,0,0,0,0,0,0,0,0,0,0,0,0,0,0,0,0,0,0,0,0,0,0,0,0,0,0,0,0,0,0,0
Hungary,iwpr.net,2015-03-01,0,0,0,0,0,0,0,0,0,0,0,0,0,0,0,0,0,0,0,0,0,0,0,0,0,0,0,0,0,0,0,0,0
Hungary,iwpr.net,2015-04-01,0,0,0,0,0,0,0,0,0,0,0,0,0,0,0,0,0,0,0,0,0,0,0,0,0,0,0,0,0,0,0,0,0
Hungary,iwpr.net,2015-05-01,0,0,0,0,0,0,0,0,0,0,0,0,0,0,0,0,0,0,0,0,0,0,0,0,0,0,0,0,0,0,0,0,0
Hungary,iwpr.net,2015-06-01,0,0,0,0,0,0,0,0,0,0,0,0,0,0,0,0,0,0,0,0,0,0,0,0,0,0,0,0,0,0,0,0,0
Hungary,iwpr.net,2015-07-01,0,0,0,0,0,0,0,0,0,0,0,0,0,0,0,0,0,0,0,0,0,0,0,0,0,0,0,0,0,0,0,0,0
Hungary,iwpr.net,2015-08-01,0,0,0,0,0,0,0,0,0,0,0,0,0,0,0,0,0,0,0,0,0,0,0,0,0,0,0,0,0,0,0,0,0
Hungary,iwpr.net,2015-09-01,0,0,0,0,0,0,0,0,0,0,0,0,0,0,0,0,0,0,0,0,0,0,0,0,0,0,0,0,0,0,0,0,0
Hungary,iwpr.net,2015-10-01,0,0,0,0,0,0,0,0,0,0,0,0,0,0,0,0,0,0,0,0,0,0,0,0,0,0,0,0,0,0,0,0,0
Hungary,iwpr.net,2015-11-01,0,0,0,0,0,0,0,0,0,0,0,0,0,0,0,0,0,0,0,0,0,0,0,0,0,0,0,0,0,0,0,0,0
Hungary,iwpr.net,2015-12-01,0,0,0,0,0,0,0,0,0,0,0,0,0,0,0,0,0,0,0,0,0,0,0,0,0,0,0,0,0,0,0,0,0
Hungary,iwpr.net,2016-01-01,0,0,0,0,0,0,0,0,0,0,0,0,0,0,0,0,0,0,0,0,0,0,0,0,0,0,0,0,0,0,0,0,0
Hungary,iwpr.net,2016-02-01,0,0,0,0,0,0,0,0,0,0,0,0,0,0,0,0,0,0,0,0,0,0,0,0,0,0,0,0,0,0,0,0,0
Hungary,iwpr.net,2016-03-01,0,0,0,0,0,0,0,0,0,0,0,0,0,0,0,0,0,0,0,0,0,0,0,0,0,0,0,0,0,0,0,0,0
Hungary,iwpr.net,2016-04-01,0,0,0,0,0,0,0,0,0,0,0,0,0,0,0,0,0,0,0,0,0,0,0,0,0,0,0,0,0,0,0,0,0
Hungary,iwpr.net,2016-05-01,0,0,0,0,0,0,0,0,0,0,0,0,0,0,0,0,0,0,0,0,0,0,0,0,0,0,0,0,0,0,0,0,0
Hungary,iwpr.net,2016-06-01,0,0,0,0,0,0,0,0,0,0,0,0,0,0,0,0,0,0,0,0,0,0,0,0,0,0,0,0,0,0,0,0,0
Hungary,iwpr.net,2016-07-01,0,0,0,0,0,0,0,0,0,0,0,0,0,0,0,0,0,0,0,0,0,0,0,0,0,0,0,0,0,0,0,0,0
Hungary,iwpr.net,2016-08-01,0,0,0,0,0,0,0,0,0,0,0,0,0,0,0,0,0,0,0,0,0,0,0,0,0,0,0,0,0,0,0,0,0
Hungary,iwpr.net,2016-09-01,0,0,0,0,0,0,0,0,0,0,0,0,0,0,0,0,0,0,0,0,0,0,0,0,0,0,0,0,0,0,0,0,0
Hungary,iwpr.net,2016-10-01,0,0,0,0,0,0,0,0,0,0,0,0,0,0,0,0,0,0,0,0,0,0,0,0,0,0,0,0,0,0,0,0,0
Hungary,iwpr.net,2016-11-01,0,0,0,0,0,0,0,0,0,0,0,0,0,0,0,0,0,0,0,0,0,0,0,0,0,0,0,0,0,0,0,0,0
Hungary,iwpr.net,2016-12-01,0,0,0,0,0,0,0,0,0,0,0,0,0,0,0,0,0,0,0,0,0,0,0,0,0,0,0,0,0,0,0,0,0
Hungary,iwpr.net,2017-01-01,0,0,0,0,0,0,0,0,0,0,0,0,0,0,0,0,0,0,0,0,0,0,0,0,0,0,0,0,0,0,0,0,0
Hungary,iwpr.net,2017-02-01,0,0,0,0,0,0,0,0,0,0,0,0,0,0,0,0,0,0,0,0,0,0,0,0,0,0,0,0,0,0,0,0,0
Hungary,iwpr.net,2017-03-01,0,0,0,0,0,0,0,0,0,0,0,0,0,0,0,0,0,0,0,0,0,0,0,0,0,0,0,0,0,0,0,0,0
Hungary,iwpr.net,2017-04-01,0,0,0,0,0,0,0,0,0,0,0,0,0,0,0,0,0,0,0,0,0,0,0,0,0,0,0,0,0,0,0,0,0
Hungary,iwpr.net,2017-05-01,0,0,0,0,0,0,0,0,0,0,0,0,0,0,0,0,0,0,0,0,0,0,0,0,0,0,0,0,0,0,0,0,0
Hungary,iwpr.net,2017-06-01,0,0,0,0,0,0,0,0,0,0,0,0,0,0,0,0,0,0,0,0,0,0,0,0,0,0,0,0,0,0,0,0,0
Hungary,iwpr.net,2017-07-01,0,0,0,0,0,0,0,0,0,0,0,0,0,0,0,0,0,0,0,0,0,0,0,0,0,0,0,0,0,0,0,0,0
Hungary,iwpr.net,2017-08-01,0,0,0,0,0,0,0,0,0,0,0,0,0,0,0,0,0,0,0,0,0,0,0,0,0,0,0,0,0,0,0,0,0
Hungary,iwpr.net,2017-09-01,0,0,0,0,0,0,0,0,0,0,0,0,0,0,0,0,0,0,0,0,0,0,0,0,0,0,0,0,0,0,0,0,0
Hungary,iwpr.net,2017-10-01,0,0,0,0,0,0,0,0,0,0,0,0,0,0,0,0,0,0,0,0,0,0,0,0,0,0,0,0,0,0,0,0,0
Hungary,iwpr.net,2017-11-01,0,0,0,0,0,0,0,0,0,0,0,0,0,0,0,0,0,0,0,0,0,0,0,0,0,0,0,0,0,0,0,0,0
Hungary,iwpr.net,2017-12-01,0,0,0,0,0,0,0,0,0,0,0,0,0,0,0,0,0,0,0,0,0,0,0,0,0,0,0,0,0,0,0,0,0
Hungary,iwpr.net,2018-01-01,0,0,0,0,0,0,0,0,0,0,0,0,0,0,0,0,0,0,0,0,0,0,0,0,0,0,0,0,0,0,0,0,0
Hungary,iwpr.net,2018-02-01,0,0,0,0,0,0,0,0,0,0,0,0,0,0,0,0,0,0,0,0,0,0,0,0,0,0,0,0,0,0,0,0,0
Hungary,iwpr.net,2018-03-01,0,0,0,0,0,0,0,0,0,0,0,0,0,0,0,0,0,0,0,0,0,0,0,0,0,0,0,0,0,0,0,0,0
Hungary,iwpr.net,2018-04-01,0,0,0,0,0,0,0,0,0,0,0,0,0,0,0,0,0,0,0,0,0,0,0,0,0,0,0,0,0,0,0,0,0
Hungary,iwpr.net,2018-05-01,0,0,0,0,0,0,0,0,0,0,0,0,0,0,0,0,0,0,0,0,0,0,0,0,0,0,0,0,0,0,0,0,0
Hungary,iwpr.net,2018-06-01,0,0,0,0,0,0,0,0,0,0,0,0,0,0,0,0,0,0,0,0,0,0,0,0,0,0,0,0,0,0,0,0,0
Hungary,iwpr.net,2018-07-01,0,0,0,0,0,0,0,0,0,0,0,0,0,0,0,0,0,0,0,0,0,0,0,0,0,0,0,0,0,0,0,0,0
Hungary,iwpr.net,2018-08-01,0,0,0,0,0,0,0,0,0,0,0,0,0,0,0,0,0,0,0,0,0,0,0,0,0,0,0,0,0,0,0,0,0
Hungary,iwpr.net,2018-09-01,0,0,0,0,0,0,0,0,0,0,0,0,0,0,0,0,0,0,0,0,0,0,0,0,0,0,0,0,0,0,0,0,0
Hungary,iwpr.net,2018-10-01,0,0,0,0,0,0,0,0,0,0,0,0,0,0,0,0,0,0,0,0,0,0,0,0,0,0,0,0,0,0,0,0,0
Hungary,iwpr.net,2018-11-01,0,0,0,0,0,0,0,0,0,0,0,0,0,0,0,0,0,0,0,0,0,0,0,0,0,0,0,0,0,0,0,0,0
Hungary,iwpr.net,2018-12-01,0,0,0,0,0,0,0,0,0,0,0,0,0,0,0,0,0,0,0,0,0,0,0,0,0,0,0,0,0,0,0,0,0
Hungary,iwpr.net,2019-01-01,0,0,0,0,0,0,0,0,0,0,0,0,0,0,0,0,0,0,0,0,0,0,0,0,0,0,0,0,0,0,0,0,0
Hungary,iwpr.net,2019-02-01,0,0,0,0,0,0,0,0,0,0,0,0,0,0,0,0,0,0,0,0,0,0,0,0,0,0,0,0,0,0,0,0,0
Hungary,iwpr.net,2019-03-01,0,0,0,0,0,0,0,0,0,0,0,0,0,0,0,0,0,0,0,0,0,0,0,0,0,0,0,0,0,0,0,0,0
Hungary,iwpr.net,2019-04-01,0,0,0,0,0,0,0,0,0,0,0,0,0,0,0,0,0,0,0,0,0,0,0,0,0,0,0,0,0,0,0,0,0
Hungary,iwpr.net,2019-05-01,0,0,0,0,0,0,0,0,0,0,0,0,0,0,0,0,0,0,0,0,0,0,0,0,0,0,0,0,0,0,0,0,0
Hungary,iwpr.net,2019-06-01,0,0,0,0,0,0,0,0,0,0,0,0,0,0,0,0,0,0,0,0,0,0,0,0,0,0,0,0,0,0,0,0,0
Hungary,iwpr.net,2019-07-01,0,0,0,0,0,0,0,0,0,0,0,0,0,0,0,0,0,0,0,0,0,0,0,0,0,0,0,0,0,0,0,0,0
Hungary,iwpr.net,2019-08-01,0,0,0,0,0,0,0,0,0,0,0,0,0,0,0,0,0,0,0,0,0,0,0,0,0,0,0,0,0,0,0,0,0
Hungary,iwpr.net,2019-09-01,0,0,0,0,0,0,0,0,0,0,0,0,0,0,0,0,0,0,0,0,0,0,0,0,0,0,0,0,0,0,0,0,0
Hungary,iwpr.net,2019-10-01,0,0,0,0,0,0,0,0,0,0,0,0,0,0,0,0,0,0,0,0,0,0,0,0,0,0,0,0,0,0,0,0,0
Hungary,iwpr.net,2019-11-01,0,0,0,0,0,0,0,0,0,0,0,0,0,0,0,0,0,0,0,0,0,0,0,0,0,0,0,0,0,0,0,0,0
Hungary,iwpr.net,2019-12-01,0,0,0,0,0,0,0,0,0,0,0,0,0,0,0,0,0,0,0,0,0,0,0,0,0,0,0,0,0,0,0,0,0
Hungary,iwpr.net,2020-01-01,0,0,0,0,0,0,0,0,0,0,0,0,0,0,0,0,0,0,0,0,0,0,0,0,0,0,0,0,0,0,0,0,0
Hungary,iwpr.net,2020-02-01,0,0,0,0,0,0,0,0,0,0,0,0,0,0,0,0,0,0,0,0,0,0,0,0,0,0,0,0,0,0,0,0,0
Hungary,iwpr.net,2020-03-01,0,0,0,0,0,0,0,0,0,0,0,0,0,0,0,0,0,0,0,0,0,0,0,0,0,0,0,0,0,0,0,0,0
Hungary,iwpr.net,2020-04-01,0,0,0,0,0,0,0,0,0,0,0,0,0,0,0,0,0,0,0,0,0,0,0,0,0,0,0,0,0,0,0,0,0
Hungary,iwpr.net,2020-05-01,0,0,0,0,0,0,0,0,0,0,0,0,0,0,0,0,0,0,0,0,0,0,0,0,0,0,0,0,0,0,0,0,0
Hungary,iwpr.net,2020-06-01,0,0,0,0,0,0,0,0,0,0,0,0,0,0,0,0,0,0,0,0,0,0,0,0,0,0,0,0,0,0,0,0,0
Hungary,iwpr.net,2020-07-01,0,0,0,0,0,0,0,0,0,0,0,0,0,0,0,0,0,0,0,0,0,0,0,0,0,0,0,0,0,0,0,0,0
Hungary,iwpr.net,2020-08-01,0,0,0,0,0,0,0,0,0,0,0,0,0,0,0,0,0,0,0,0,0,0,0,0,0,0,0,0,0,0,0,0,0
Hungary,iwpr.net,2020-09-01,0,0,0,0,0,0,0,0,0,0,0,0,0,0,0,0,0,0,0,0,0,0,0,0,0,0,0,0,0,0,0,0,0
Hungary,iwpr.net,2020-10-01,0,0,0,0,0,0,0,0,0,0,0,0,0,0,0,0,0,0,0,0,0,0,0,0,0,0,0,0,0,0,0,0,0
Hungary,iwpr.net,2020-11-01,0,0,0,0,0,0,0,0,0,0,0,0,0,0,0,0,0,0,0,0,0,0,0,0,0,0,0,0,0,0,0,0,0
Hungary,iwpr.net,2020-12-01,0,0,0,0,0,0,0,0,0,0,0,0,0,0,0,0,0,0,0,0,0,0,0,0,0,0,0,0,0,0,0,0,0
Hungary,iwpr.net,2021-01-01,0,0,0,0,0,0,0,0,0,0,0,0,0,0,0,0,0,0,0,0,0,0,0,0,0,0,0,0,0,0,0,0,0
Hungary,iwpr.net,2021-02-01,0,0,0,0,0,0,0,0,0,0,0,0,0,0,0,0,0,0,0,0,0,0,0,0,0,0,0,0,0,0,0,0,0
Hungary,iwpr.net,2021-03-01,0,0,0,0,0,0,0,0,0,0,0,0,0,0,0,0,0,0,0,0,0,0,0,0,0,0,0,0,0,0,0,0,0
Hungary,iwpr.net,2021-04-01,0,0,0,0,0,0,0,0,0,0,0,0,0,0,0,0,0,0,0,0,0,0,0,0,0,0,0,0,0,0,0,0,0
Hungary,iwpr.net,2021-05-01,0,0,0,0,0,0,0,0,0,0,0,0,0,0,0,0,0,0,0,0,0,0,0,0,0,0,0,0,0,0,0,0,0
Hungary,iwpr.net,2021-06-01,0,0,0,0,0,0,0,0,0,0,0,0,0,0,0,0,0,0,0,0,0,0,0,0,0,0,0,0,0,0,0,0,0
Hungary,iwpr.net,2021-07-01,0,0,0,0,0,0,0,0,0,0,0,0,0,0,0,0,0,0,0,0,0,0,0,0,0,0,0,0,0,0,0,0,0
Hungary,iwpr.net,2021-08-01,0,0,0,0,0,0,0,0,0,0,0,0,0,0,0,0,0,0,0,0,0,0,0,0,0,0,0,0,0,0,0,0,0
Hungary,iwpr.net,2021-09-01,0,0,0,0,0,0,0,0,0,0,0,0,0,0,0,0,0,0,0,0,0,0,0,0,0,0,0,0,0,0,0,0,0
Hungary,iwpr.net,2021-10-01,0,0,0,0,0,0,0,0,0,0,0,0,0,0,0,0,0,0,0,0,0,0,0,0,0,0,0,0,0,0,0,0,0
Hungary,iwpr.net,2021-11-01,0,0,0,0,0,0,0,0,0,0,0,0,0,0,0,0,0,0,0,0,0,0,0,0,0,0,0,0,0,0,0,0,0
Hungary,iwpr.net,2021-12-01,0,0,0,0,0,0,0,0,0,0,0,0,0,0,0,0,0,0,0,0,0,0,0,0,0,0,0,0,0,0,0,0,0
Hungary,iwpr.net,2022-01-01,0,0,0,0,0,0,0,0,0,0,0,0,0,0,0,0,0,0,0,0,0,0,0,0,0,0,0,0,0,0,0,0,0
Hungary,iwpr.net,2022-02-01,0,0,0,0,0,0,0,0,0,0,0,0,0,0,0,0,0,0,0,1,0,1,0,0,0,0,0,0,0,0,0,0,0
Hungary,iwpr.net,2022-03-01,0,0,0,0,0,0,0,0,0,0,0,0,0,0,0,0,0,0,0,0,0,0,0,0,0,0,0,0,0,0,0,0,0
Hungary,iwpr.net,2022-04-01,0,0,0,0,0,0,0,0,0,0,0,0,0,0,0,0,0,0,0,0,0,0,0,0,0,0,0,0,0,0,0,0,0
Hungary,iwpr.net,2022-05-01,0,0,0,0,0,0,0,0,0,0,0,0,0,0,0,0,0,0,0,0,0,0,0,0,0,0,0,0,0,0,0,0,0
Hungary,iwpr.net,2022-06-01,0,0,0,0,0,0,0,0,0,0,0,0,0,0,0,0,0,0,0,0,0,0,0,0,0,0,0,0,0,0,0,0,0
Hungary,iwpr.net,2022-07-01,0,0,0,0,0,0,0,0,0,0,0,0,0,0,0,0,0,0,0,0,0,0,0,0,0,0,0,0,0,0,0,0,0
Hungary,iwpr.net,2022-08-01,0,0,0,0,0,0,0,0,0,0,0,0,0,0,0,0,0,0,0,0,0,0,0,0,0,0,0,0,0,0,0,0,0
Hungary,iwpr.net,2022-09-01,0,0,0,0,0,0,0,0,0,0,0,0,0,0,0,0,0,0,0,0,0,0,0,0,0,0,0,0,0,0,0,0,0
Hungary,iwpr.net,2022-10-01,0,0,0,0,0,0,0,0,0,0,0,0,0,0,0,0,0,0,0,0,0,0,0,0,0,0,0,0,0,0,0,0,0
Hungary,iwpr.net,2022-11-01,0,0,0,0,0,0,0,0,0,0,0,0,0,0,0,0,0,0,0,0,0,0,0,0,0,0,0,0,0,0,0,0,0
Hungary,iwpr.net,2022-12-01,0,0,0,0,0,0,0,0,0,0,0,0,0,0,0,0,0,0,0,1,0,1,0,0,0,0,0,0,0,0,0,0,0
Hungary,iwpr.net,2023-01-01,0,0,0,0,0,0,0,0,0,0,0,0,0,0,0,0,0,0,0,0,0,0,0,0,0,0,0,0,0,0,0,0,0
Hungary,iwpr.net,2023-02-01,0,0,0,0,0,0,0,0,0,0,0,0,0,0,0,0,0,0,0,0,0,0,0,0,0,0,0,0,0,0,0,0,0
Hungary,iwpr.net,2023-03-01,0,0,0,0,0,0,0,0,0,0,0,0,0,0,0,0,0,0,0,0,0,0,0,0,0,0,0,0,0,0,0,0,0
Hungary,iwpr.net,2023-04-01,0,0,0,0,0,0,0,0,0,0,0,0,0,0,0,0,0,0,0,0,0,0,0,0,0,0,0,0,0,0,0,0,0
Hungary,iwpr.net,2023-05-01,0,0,0,0,0,0,0,0,0,0,0,0,0,0,0,0,0,0,0,0,0,0,0,0,0,0,0,0,0,0,0,0,0
Hungary,iwpr.net,2023-06-01,0,0,0,0,0,0,0,0,0,0,0,0,0,0,0,0,0,0,0,0,0,0,0,0,0,0,0,0,0,0,0,0,0
Hungary,iwpr.net,2023-07-01,0,0,0,0,0,0,0,0,0,0,0,0,0,0,0,0,0,0,0,0,0,0,0,0,0,0,0,0,0,0,0,0,0
Hungary,iwpr.net,2023-08-01,0,0,0,0,0,0,0,0,0,0,0,0,0,0,0,0,0,0,0,0,0,0,0,0,0,0,0,0,0,0,0,0,0
Hungary,iwpr.net,2023-09-01,0,0,0,0,0,0,0,0,0,0,0,0,0,0,0,0,0,0,0,0,0,0,0,0,0,0,0,0,0,0,0,0,0
Hungary,iwpr.net,2023-10-01,0,0,0,0,0,0,0,0,0,0,0,0,0,0,0,0,0,0,0,0,0,0,0,0,0,0,0,0,0,0,0,0,0
Hungary,iwpr.net,2023-11-01,0,0,0,0,0,0,0,0,0,0,0,0,0,0,0,0,0,0,0,0,0,0,0,0,0,0,0,0,0,0,0,0,0
Hungary,iwpr.net,2023-12-01,0,0,0,0,0,0,0,0,0,0,0,0,0,0,0,0,0,0,0,0,0,0,0,0,0,0,0,0,0,0,0,0,0
Hungary,iwpr.net,2024-01-01,0,0,0,0,0,0,0,0,0,0,0,0,0,0,0,0,0,0,0,0,0,0,0,0,0,0,0,0,0,0,0,0,0
Hungary,iwpr.net,2024-02-01,0,0,0,0,0,0,0,0,0,0,0,0,0,0,0,0,0,0,0,0,0,0,0,0,0,0,0,0,0,0,0,0,0
Hungary,iwpr.net,2024-03-01,0,0,0,0,0,0,0,0,0,0,0,0,0,0,0,0,0,0,0,0,0,0,0,0,0,0,0,0,0,0,0,0,0
Hungary,iwpr.net,2024-04-01,0,0,0,0,0,0,0,0,0,0,0,0,0,0,0,0,0,0,0,0,0,0,0,0,0,0,0,0,0,0,0,0,0
Hungary,iwpr.net,2024-05-01,0,0,0,0,0,0,0,0,0,0,0,0,0,0,0,0,0,0,0,0,0,0,0,0,0,0,0,0,0,0,0,0,0
Hungary,iwpr.net,2024-06-01,0,0,0,0,0,0,0,0,0,0,0,0,0,0,0,0,0,0,0,0,0,0,0,0,0,0,0,0,0,0,0,0,0
Hungary,iwpr.net,2024-07-01,0,0,0,0,0,0,0,0,0,0,0,0,0,0,0,0,0,0,0,0,0,0,0,0,0,0,0,0,0,0,0,0,0
Hungary,iwpr.net,2024-08-01,0,0,0,0,0,0,0,0,0,0,0,0,0,0,0,0,0,0,0,0,0,0,0,0,0,0,0,0,0,0,0,0,0
Hungary,iwpr.net,2024-09-01,0,0,0,0,0,0,0,0,0,0,0,0,0,0,0,0,0,0,0,0,0,0,0,0,0,0,0,0,0,0,0,0,0
Hungary,iwpr.net,2024-10-01,0,0,0,0,0,0,0,0,0,0,0,0,0,0,0,0,0,0,0,0,0,0,0,0,0,0,0,0,0,0,0,0,0
Hungary,iwpr.net,2024-11-01,0,0,0,0,0,0,0,0,0,0,0,0,0,0,0,0,0,0,0,0,0,0,0,0,0,0,0,0,0,0,0,0,0
Hungary,iwpr.net,2024-12-01,0,0,0,0,0,0,0,0,0,0,0,0,0,0,0,0,0,0,0,0,0,0,0,0,0,0,0,0,0,0,0,0,0
Hungary,iwpr.net,2025-01-01,0,0,0,0,0,0,0,0,0,0,0,0,0,0,0,0,0,0,0,0,0,0,0,0,0,0,0,0,0,0,0,0,0
Hungary,iwpr.net,2025-02-01,0,0,0,0,0,0,0,0,0,0,0,0,0,0,0,0,0,0,0,0,0,0,0,0,0,0,0,0,0,0,0,0,0
Hungary,iwpr.net,2025-03-01,0,0,0,0,0,0,0,0,0,0,0,0,0,0,0,0,0,0,0,0,0,0,0,0,0,0,0,0,0,0,0,0,0
Hungary,iwpr.net,2025-04-01,0,0,0,0,0,0,0,0,0,0,0,0,0,0,0,0,0,0,0,0,0,0,0,0,0,0,0,0,0,0,0,0,0
Hungary,iwpr.net,2025-05-01,0,0,0,0,0,0,0,0,0,0,0,0,0,0,0,0,0,0,0,0,0,0,0,0,0,0,0,0,0,0,0,0,0
Hungary,iwpr.net,2025-06-01,0,0,0,0,0,0,0,0,0,0,0,0,0,0,0,0,0,0,0,0,0,0,0,0,0,0,0,0,0,0,0,0,0
Hungary,lefigaro.fr,2012-01-01,0,1,0,0,0,0,0,0,0,1,0,0,0,0,1,0,0,1,0,28,0,32,0,0,0,0,0,0,0,0,0,0,0
Hungary,lefigaro.fr,2012-02-01,0,0,0,0,0,0,0,0,0,0,0,0,0,0,1,0,0,0,0,5,0,6,0,0,0,0,0,0,0,0,0,0,0
Hungary,lefigaro.fr,2012-03-01,0,0,0,0,0,0,0,0,0,1,0,0,0,0,0,0,0,0,0,9,0,10,0,0,0,0,0,0,0,0,0,0,0
Hungary,lefigaro.fr,2012-04-01,0,0,0,0,0,0,0,0,0,1,0,0,0,0,0,0,1,0,0,8,0,10,0,0,0,0,0,0,0,0,0,0,0
Hungary,lefigaro.fr,2012-05-01,0,0,0,0,0,0,0,0,0,0,0,0,0,0,0,0,0,0,0,6,0,6,0,0,0,0,0,0,0,0,0,0,0
Hungary,lefigaro.fr,2012-06-01,0,0,0,0,0,0,0,0,0,0,0,0,0,0,0,0,0,0,0,1,0,1,0,0,0,0,0,0,0,0,0,0,0
Hungary,lefigaro.fr,2012-07-01,2,1,1,0,0,0,0,0,0,0,0,0,0,0,1,0,0,0,0,13,0,20,0,0,0,0,0,1,0,0,0,0,1
Hungary,lefigaro.fr,2012-08-01,0,0,0,0,0,0,0,0,0,0,0,0,0,0,0,0,0,0,0,5,0,5,0,0,0,0,0,0,0,0,0,0,0
Hungary,lefigaro.fr,2012-09-01,1,0,0,1,0,0,0,0,0,0,0,0,0,0,0,0,0,0,0,1,0,3,0,0,0,0,0,0,0,0,0,0,0
Hungary,lefigaro.fr,2012-10-01,0,1,0,0,0,0,0,0,0,0,0,0,0,0,1,0,0,0,0,6,0,9,0,0,0,0,0,1,0,0,0,0,0
Hungary,lefigaro.fr,2012-11-01,1,0,0,0,0,0,0,0,0,0,0,0,0,0,0,0,0,0,0,3,0,4,0,0,0,0,0,0,0,0,0,0,0
Hungary,lefigaro.fr,2012-12-01,0,0,0,0,0,0,0,0,0,0,0,0,0,0,0,0,0,0,0,2,0,2,0,0,0,0,0,0,0,0,0,0,0
Hungary,lefigaro.fr,2013-01-01,0,0,0,0,0,0,0,0,0,0,0,0,0,0,1,0,0,0,0,4,0,5,0,0,0,0,0,0,0,0,0,0,0
Hungary,lefigaro.fr,2013-02-01,0,0,0,0,0,0,0,0,0,0,0,0,0,0,0,0,0,0,0,1,0,1,0,0,0,0,0,0,0,0,0,0,0
Hungary,lefigaro.fr,2013-03-01,0,0,0,0,0,0,0,0,0,0,0,0,0,0,0,0,0,0,0,10,0,10,0,0,0,0,0,0,0,0,0,0,0
Hungary,lefigaro.fr,2013-04-01,0,0,0,0,0,0,0,0,0,0,0,0,0,0,1,0,0,0,0,6,0,7,0,0,0,0,0,0,0,0,0,0,0
Hungary,lefigaro.fr,2013-05-01,0,0,0,0,1,0,0,1,0,0,0,0,0,0,0,0,0,0,0,5,0,7,0,0,0,0,0,0,0,0,0,0,0
Hungary,lefigaro.fr,2013-06-01,0,0,0,2,0,0,0,0,0,0,0,0,0,0,1,0,0,0,0,3,0,6,0,0,0,0,0,0,0,0,0,0,0
Hungary,lefigaro.fr,2013-07-01,0,0,0,0,0,0,0,0,0,0,0,0,0,0,0,0,0,0,0,2,0,2,0,0,0,0,0,0,0,0,0,0,0
Hungary,lefigaro.fr,2013-08-01,0,0,1,0,0,0,0,0,0,0,0,0,0,0,0,0,0,0,0,6,0,8,0,0,0,0,1,0,0,0,0,0,0
Hungary,lefigaro.fr,2013-09-01,0,0,0,0,0,0,0,0,0,0,0,0,0,0,0,0,0,0,0,3,0,3,0,0,0,0,0,0,0,0,0,0,0
Hungary,lefigaro.fr,2013-10-01,0,0,0,0,0,0,0,0,0,0,0,0,0,0,0,0,0,0,0,2,0,2,0,0,0,0,0,0,0,0,0,0,0
Hungary,lefigaro.fr,2013-11-01,0,0,0,0,0,0,0,0,0,0,0,0,0,0,0,0,0,0,0,4,0,4,0,0,0,0,0,0,0,0,0,0,0
Hungary,lefigaro.fr,2013-12-01,0,0,0,0,0,0,0,0,0,0,0,0,0,0,0,0,0,0,0,4,0,4,0,0,0,0,0,0,0,0,0,0,0
Hungary,lefigaro.fr,2014-01-01,0,0,0,0,0,0,0,0,0,1,0,0,0,0,0,0,0,0,0,3,0,5,0,0,0,0,1,0,0,0,0,0,0
Hungary,lefigaro.fr,2014-02-01,0,0,0,0,0,0,0,0,0,0,0,0,0,0,0,0,0,0,0,3,0,3,0,0,0,0,0,0,0,0,0,0,0
Hungary,lefigaro.fr,2014-03-01,0,0,0,0,0,0,0,0,0,0,0,0,0,0,0,0,0,0,0,4,0,5,0,0,0,0,0,0,0,0,0,0,1
Hungary,lefigaro.fr,2014-04-01,0,0,0,0,0,4,0,0,0,0,0,0,0,0,0,0,0,0,0,5,0,9,0,0,0,0,0,0,0,0,0,0,0
Hungary,lefigaro.fr,2014-05-01,0,0,0,0,0,0,0,0,0,0,0,0,0,0,0,0,0,0,0,5,0,5,0,0,0,0,0,0,0,0,0,0,0
Hungary,lefigaro.fr,2014-06-01,0,0,0,0,0,0,0,0,0,0,0,0,0,0,0,0,0,0,0,3,0,3,0,0,0,0,0,0,0,0,0,0,0
Hungary,lefigaro.fr,2014-07-01,0,0,0,0,0,0,0,0,0,0,0,0,0,0,0,0,0,0,0,5,0,5,0,0,0,0,0,0,0,0,0,0,0
Hungary,lefigaro.fr,2014-08-01,0,0,0,0,0,0,0,0,0,0,0,0,0,0,0,0,0,0,0,6,0,6,0,0,0,0,0,0,0,0,0,0,0
Hungary,lefigaro.fr,2014-09-01,0,0,1,0,0,0,0,0,0,0,0,0,0,0,0,0,0,0,0,4,0,5,0,0,0,0,0,0,0,0,0,0,0
Hungary,lefigaro.fr,2014-10-01,0,0,0,0,0,0,0,0,0,0,0,0,0,0,0,0,0,0,0,3,0,4,0,0,0,0,0,1,0,0,0,0,0
Hungary,lefigaro.fr,2014-11-01,0,0,0,0,0,0,0,0,0,0,0,0,0,0,0,0,0,0,0,2,0,2,0,0,0,0,0,0,0,0,0,0,0
Hungary,lefigaro.fr,2014-12-01,1,0,0,0,0,0,0,0,0,0,0,0,0,0,0,0,0,0,0,5,0,6,0,0,0,0,0,0,0,0,0,0,0
Hungary,lefigaro.fr,2015-01-01,0,0,0,0,0,0,0,0,0,0,0,0,0,0,0,0,0,0,0,2,0,2,0,0,0,0,0,0,0,0,0,0,0
Hungary,lefigaro.fr,2015-02-01,0,0,0,0,0,1,0,0,0,1,0,0,0,0,0,0,0,0,0,3,0,5,0,0,0,0,0,0,0,0,0,0,0
Hungary,lefigaro.fr,2015-03-01,0,0,0,0,0,0,0,0,0,0,0,0,0,0,0,1,0,0,0,3,0,4,0,0,0,0,0,0,0,0,0,0,0
Hungary,lefigaro.fr,2015-04-01,0,0,0,0,0,0,0,0,0,0,0,0,0,0,0,0,0,0,0,3,0,3,0,0,0,0,0,0,0,0,0,0,0
Hungary,lefigaro.fr,2015-05-01,0,0,0,0,0,0,0,0,0,0,0,0,0,0,0,0,0,0,0,7,0,7,0,0,0,0,0,0,0,0,0,0,0
Hungary,lefigaro.fr,2015-06-01,0,0,0,0,0,0,0,0,0,0,0,0,0,0,0,0,0,0,0,10,0,10,0,0,0,0,0,0,0,0,0,0,0
Hungary,lefigaro.fr,2015-07-01,0,0,0,0,0,0,0,0,0,0,0,0,0,0,1,1,0,0,0,7,0,9,0,0,0,0,0,0,0,0,0,0,0
Hungary,lefigaro.fr,2015-08-01,1,0,0,0,0,0,0,0,0,0,0,0,0,0,0,2,0,0,0,19,0,26,2,0,0,0,0,0,0,0,0,2,0
Hungary,lefigaro.fr,2015-09-01,1,0,3,0,1,0,0,0,1,1,0,2,0,0,2,5,0,2,0,74,0,94,1,0,0,0,0,0,0,0,0,0,1
Hungary,lefigaro.fr,2015-10-01,0,0,0,0,0,0,0,0,0,0,0,0,0,0,0,2,0,0,0,14,0,17,0,0,0,0,0,1,0,0,0,0,0
Hungary,lefigaro.fr,2015-11-01,1,0,0,0,0,0,0,0,0,0,0,0,0,0,0,0,0,0,0,2,0,3,0,0,0,0,0,0,0,0,0,0,0
Hungary,lefigaro.fr,2015-12-01,1,0,1,0,0,0,0,0,0,0,0,0,0,0,0,0,0,0,0,5,0,7,0,0,0,0,0,0,0,0,0,0,0
Hungary,lefigaro.fr,2016-01-01,0,0,0,0,0,0,0,0,0,0,0,0,0,0,0,0,0,0,0,4,0,4,0,0,0,0,0,0,0,0,0,0,0
Hungary,lefigaro.fr,2016-02-01,0,0,0,0,0,0,0,0,0,1,0,0,0,0,0,0,0,0,0,8,0,9,0,0,0,0,0,0,0,0,0,0,0
Hungary,lefigaro.fr,2016-03-01,0,0,0,0,0,0,0,0,0,0,0,0,0,0,0,1,0,0,0,4,0,5,0,0,0,0,0,0,0,0,0,0,0
Hungary,lefigaro.fr,2016-04-01,0,0,0,0,0,0,0,0,0,0,0,0,0,0,0,0,0,0,0,3,0,4,1,0,0,0,0,0,0,0,0,0,0
Hungary,lefigaro.fr,2016-05-01,0,0,0,0,0,0,0,0,0,0,0,0,0,0,1,1,0,0,0,7,0,9,0,0,0,0,0,0,0,0,0,0,0
Hungary,lefigaro.fr,2016-06-01,1,0,0,0,0,0,0,0,0,0,0,0,0,0,0,0,0,0,0,5,0,6,0,0,0,0,0,0,0,0,0,0,0
Hungary,lefigaro.fr,2016-07-01,1,1,0,0,0,3,0,0,0,0,0,2,0,0,0,0,0,0,0,7,0,14,0,0,0,0,0,0,0,0,0,0,0
Hungary,lefigaro.fr,2016-08-01,0,0,0,0,0,0,0,0,0,0,0,0,0,0,0,0,0,0,0,5,0,5,0,0,0,0,0,0,0,0,0,0,0
Hungary,lefigaro.fr,2016-09-01,0,0,0,1,0,1,0,0,0,0,0,0,0,0,1,0,0,0,0,12,0,15,0,0,0,0,0,0,0,0,0,0,0
Hungary,lefigaro.fr,2016-10-01,0,1,0,0,1,0,1,0,0,0,0,0,0,0,1,0,0,1,0,7,0,15,1,0,0,0,0,2,0,0,0,0,0
Hungary,lefigaro.fr,2016-11-01,0,0,0,0,0,0,0,0,0,0,0,0,0,0,1,1,0,0,1,8,0,12,0,0,0,0,1,0,0,0,0,0,0
Hungary,lefigaro.fr,2016-12-01,0,0,0,0,0,0,0,0,0,0,0,0,0,0,0,0,0,0,0,3,0,3,0,0,0,0,0,0,0,0,0,0,0
Hungary,lefigaro.fr,2017-01-01,1,0,0,0,0,0,0,0,0,0,0,0,0,0,1,0,0,0,0,5,0,7,0,0,0,0,0,0,0,0,0,0,0
Hungary,lefigaro.fr,2017-02-01,0,0,0,0,0,0,0,0,0,0,0,0,0,0,0,0,0,0,0,8,0,8,0,0,0,0,0,0,0,0,0,0,0
Hungary,lefigaro.fr,2017-03-01,1,0,0,0,0,0,0,0,0,0,0,0,0,0,0,0,0,0,0,9,0,12,1,0,0,0,1,0,0,0,0,0,0
Hungary,lefigaro.fr,2017-04-01,0,0,0,0,0,0,0,0,1,0,0,0,0,0,0,0,0,0,0,15,0,16,0,0,0,0,0,0,0,0,0,0,0
Hungary,lefigaro.fr,2017-05-01,0,1,0,0,0,0,0,0,0,0,0,0,0,0,1,0,0,0,0,6,0,8,0,0,0,0,0,0,0,0,0,0,0
Hungary,lefigaro.fr,2017-06-01,0,1,2,0,0,0,0,0,0,0,0,0,0,0,0,0,0,0,0,11,0,15,0,0,0,0,1,0,0,0,0,0,0
Hungary,lefigaro.fr,2017-07-01,0,0,0,0,0,0,0,0,0,0,1,0,0,0,0,0,0,0,0,5,0,7,0,0,0,0,1,0,0,0,0,0,0
Hungary,lefigaro.fr,2017-08-01,0,0,0,1,0,0,0,0,0,0,0,0,0,0,0,0,0,0,0,7,0,8,0,0,0,0,0,0,0,0,0,0,0
Hungary,lefigaro.fr,2017-09-01,1,0,0,0,0,0,0,0,0,0,0,0,0,0,0,0,0,0,0,6,0,7,0,0,0,0,0,0,0,0,0,0,0
Hungary,lefigaro.fr,2017-10-01,0,0,0,0,0,0,0,0,0,0,0,0,0,0,0,0,0,0,0,2,0,3,1,0,0,0,0,0,0,0,0,0,0
Hungary,lefigaro.fr,2017-11-01,0,0,0,0,0,0,0,0,0,0,0,0,0,0,0,0,0,0,0,6,0,6,0,0,0,0,0,0,0,0,0,0,0
Hungary,lefigaro.fr,2017-12-01,0,0,0,0,0,0,0,0,0,0,0,0,0,0,0,0,0,0,0,2,0,2,0,0,0,0,0,0,0,0,0,0,0
Hungary,lefigaro.fr,2018-01-01,0,0,0,0,0,1,0,0,1,0,0,0,0,0,0,0,0,0,0,7,0,9,0,0,0,0,0,0,0,0,0,0,0
Hungary,lefigaro.fr,2018-02-01,0,0,0,0,0,2,0,0,0,0,0,0,0,0,0,0,1,0,0,8,0,11,0,0,0,0,0,0,0,0,0,0,0
Hungary,lefigaro.fr,2018-03-01,0,0,0,0,0,0,0,0,0,0,0,0,0,0,0,0,0,0,0,10,0,11,1,0,0,0,0,0,0,0,0,0,0
Hungary,lefigaro.fr,2018-04-01,0,1,0,0,1,6,0,0,0,0,0,0,0,0,0,0,1,0,0,12,0,21,0,0,0,0,0,0,0,0,0,0,0
Hungary,lefigaro.fr,2018-05-01,0,0,0,0,0,0,0,0,0,0,0,0,0,0,1,0,1,1,0,11,0,14,0,0,0,0,0,0,0,0,0,0,0
Hungary,lefigaro.fr,2018-06-01,0,0,0,1,0,0,0,0,0,0,0,0,0,0,4,0,0,0,0,13,0,18,0,0,0,0,0,0,0,0,0,0,0
Hungary,lefigaro.fr,2018-07-01,0,0,0,1,0,0,0,0,0,0,0,0,0,0,0,0,0,0,0,10,0,11,0,0,0,0,0,0,0,0,0,0,0
Hungary,lefigaro.fr,2018-08-01,0,0,0,0,0,0,0,0,0,1,0,0,0,0,0,0,0,0,0,6,0,7,0,0,0,0,0,0,0,0,0,0,0
Hungary,lefigaro.fr,2018-09-01,1,1,2,0,0,0,0,0,0,0,0,0,0,0,0,0,0,0,0,21,0,25,0,0,0,0,0,0,0,0,0,0,0
Hungary,lefigaro.fr,2018-10-01,0,0,0,0,0,0,0,0,0,0,0,0,0,0,0,0,0,0,0,12,0,13,0,0,0,0,0,1,0,0,0,0,0
Hungary,lefigaro.fr,2018-11-01,0,0,1,0,0,0,0,0,0,0,0,0,0,1,0,0,0,0,0,9,0,10,0,0,0,0,0,0,0,0,0,0,0
Hungary,lefigaro.fr,2018-12-01,0,4,1,0,0,0,0,0,0,1,0,0,0,0,2,0,0,0,0,7,0,15,0,0,0,0,0,0,0,0,0,0,0
Hungary,lefigaro.fr,2019-01-01,0,1,0,0,0,0,0,0,0,0,0,0,0,0,0,0,0,0,0,9,0,11,1,0,0,0,0,0,0,0,0,0,0
Hungary,lefigaro.fr,2019-02-01,0,0,0,0,0,0,0,0,1,0,0,0,0,0,0,0,0,1,0,13,0,15,0,0,0,0,0,0,0,0,0,0,0
Hungary,lefigaro.fr,2019-03-01,1,0,0,1,0,0,0,0,0,2,0,0,0,0,0,0,0,0,0,12,0,16,0,0,0,0,0,0,0,0,0,0,0
Hungary,lefigaro.fr,2019-04-01,0,0,0,0,0,0,0,0,0,0,0,0,0,0,0,0,0,0,0,7,0,8,1,0,0,0,0,0,0,0,0,0,0
Hungary,lefigaro.fr,2019-05-01,0,0,0,5,1,2,0,0,0,0,0,0,0,0,0,0,0,0,0,28,0,36,0,0,0,0,0,0,0,0,0,0,0
Hungary,lefigaro.fr,2019-06-01,0,0,1,7,0,0,0,0,0,0,0,0,0,1,0,0,0,0,0,8,0,17,1,0,0,0,0,0,0,0,0,0,0
Hungary,lefigaro.fr,2019-07-01,0,0,1,0,0,0,0,0,1,0,0,0,0,1,1,0,0,0,0,11,0,14,0,0,0,0,0,0,0,0,0,0,0
Hungary,lefigaro.fr,2019-08-01,0,0,1,0,0,0,0,0,0,0,0,0,0,1,0,0,0,0,0,6,0,7,0,0,0,0,0,0,0,0,0,0,0
Hungary,lefigaro.fr,2019-09-01,0,0,0,0,0,0,0,0,0,0,0,0,0,0,0,0,1,0,0,10,0,12,1,0,1,0,0,0,0,0,0,0,0
Hungary,lefigaro.fr,2019-10-01,0,0,0,0,0,2,0,0,0,1,0,0,0,0,0,0,0,0,0,7,0,10,0,0,0,0,0,0,0,0,0,0,0
Hungary,lefigaro.fr,2019-11-01,0,0,0,1,0,0,0,0,0,0,0,0,0,0,0,0,0,1,0,14,0,16,0,0,0,0,0,0,0,0,0,0,0
Hungary,lefigaro.fr,2019-12-01,0,0,0,0,0,0,0,0,0,0,0,0,0,0,0,0,0,0,0,3,0,3,0,0,0,0,0,0,0,0,0,0,0
Hungary,lefigaro.fr,2020-01-01,0,0,0,0,0,1,0,0,0,0,0,0,0,0,0,0,0,0,0,2,0,3,0,0,0,0,0,0,0,0,0,0,0
Hungary,lefigaro.fr,2020-02-01,0,1,0,0,0,0,0,0,0,0,0,0,0,0,0,0,0,0,0,1,0,2,0,0,0,0,0,0,0,0,0,0,0
Hungary,lefigaro.fr,2020-03-01,0,0,0,0,0,0,0,0,0,0,0,0,0,0,2,0,0,0,0,2,0,5,0,0,0,0,1,0,0,0,0,0,0
Hungary,lefigaro.fr,2020-04-01,0,0,0,1,0,0,0,0,1,0,0,0,0,0,0,0,0,0,0,3,0,5,0,0,0,0,0,0,0,0,0,0,0
Hungary,lefigaro.fr,2020-05-01,1,0,0,0,0,0,0,0,0,0,0,0,0,0,0,0,0,0,1,7,0,10,0,0,0,0,0,1,0,0,0,0,0
Hungary,lefigaro.fr,2020-06-01,0,0,0,0,0,0,0,0,1,0,0,0,0,0,1,0,0,0,0,3,0,5,0,0,0,0,0,0,0,0,0,0,0
Hungary,lefigaro.fr,2020-07-01,0,0,0,1,0,0,0,0,0,0,0,0,0,0,0,0,0,0,0,5,0,6,0,0,0,0,0,0,0,0,0,0,0
Hungary,lefigaro.fr,2020-08-01,0,0,0,0,0,0,0,0,0,0,0,0,0,0,1,0,0,0,0,1,0,2,0,0,0,0,0,0,0,0,0,0,0
Hungary,lefigaro.fr,2020-09-01,0,0,0,0,1,0,0,0,1,1,0,0,0,0,0,0,2,0,0,9,0,14,0,0,0,0,0,0,0,0,0,0,0
Hungary,lefigaro.fr,2020-10-01,0,0,1,0,0,0,0,0,0,0,0,0,0,0,0,0,0,1,0,3,0,5,0,0,0,0,0,0,0,0,0,0,0
Hungary,lefigaro.fr,2020-11-01,0,0,0,0,0,0,0,0,1,1,0,0,0,0,2,0,0,0,0,18,0,22,0,0,0,0,0,0,0,0,0,0,0
Hungary,lefigaro.fr,2020-12-01,0,0,0,0,0,1,0,0,0,1,0,0,0,0,1,0,0,0,0,11,0,14,0,0,0,0,0,0,0,0,0,0,0
Hungary,lefigaro.fr,2021-01-01,0,0,0,0,0,0,0,0,1,0,0,0,0,0,0,0,0,0,0,4,0,5,0,0,0,0,0,0,0,0,0,0,0
Hungary,lefigaro.fr,2021-02-01,0,0,0,0,0,0,0,0,0,0,0,0,0,0,1,0,0,0,0,7,0,9,1,0,0,0,0,0,0,0,0,0,0
Hungary,lefigaro.fr,2021-03-01,0,0,0,0,0,0,0,0,0,0,0,0,0,0,0,0,0,0,0,1,0,2,0,0,0,0,1,0,0,0,0,0,0
Hungary,lefigaro.fr,2021-04-01,0,1,0,0,0,0,0,0,0,0,0,0,0,0,0,0,0,0,0,4,0,5,0,0,0,0,0,0,0,0,0,0,0
Hungary,lefigaro.fr,2021-05-01,0,0,0,0,0,0,0,0,0,0,0,0,0,0,0,0,0,0,0,6,0,6,0,0,0,0,0,0,0,0,0,0,0
Hungary,lefigaro.fr,2021-06-01,0,1,0,0,0,0,0,0,0,0,0,0,0,0,4,0,0,0,0,13,0,19,0,0,0,0,0,1,0,0,0,0,0
Hungary,lefigaro.fr,2021-07-01,0,1,2,0,0,0,0,0,0,0,0,0,0,1,5,0,0,0,0,17,0,25,0,0,0,0,0,0,0,0,0,0,0
Hungary,lefigaro.fr,2021-08-01,0,0,0,0,0,0,0,0,0,0,0,0,0,0,0,0,0,0,0,1,0,1,0,0,0,0,0,0,0,0,0,0,0
Hungary,lefigaro.fr,2021-09-01,0,0,1,0,0,2,1,0,0,0,0,0,0,1,0,0,0,0,0,11,0,15,0,0,0,0,0,0,0,0,0,0,0
Hungary,lefigaro.fr,2021-10-01,0,0,0,0,0,1,0,0,0,0,0,0,1,0,1,0,0,1,0,13,0,17,0,0,0,0,0,0,0,0,0,0,0
Hungary,lefigaro.fr,2021-11-01,0,0,1,0,0,0,0,0,0,0,0,0,0,0,1,0,0,0,0,5,0,7,0,0,0,0,0,0,0,0,0,0,0
Hungary,lefigaro.fr,2021-12-01,0,0,0,0,0,1,0,0,0,1,0,0,0,0,0,0,0,0,0,5,0,7,0,0,0,0,0,0,0,0,0,0,0
Hungary,lefigaro.fr,2022-01-01,0,0,0,0,0,1,0,0,1,0,0,0,0,0,1,0,0,0,0,1,0,4,0,0,0,0,0,0,0,0,0,0,0
Hungary,lefigaro.fr,2022-02-01,0,0,0,0,0,1,0,0,0,0,1,0,0,0,0,0,0,0,0,9,0,11,0,0,0,0,0,0,0,0,0,0,0
Hungary,lefigaro.fr,2022-03-01,0,0,0,0,0,1,0,0,0,0,0,0,0,0,0,2,0,0,0,7,0,11,0,0,0,0,1,0,0,0,0,0,0
Hungary,lefigaro.fr,2022-04-01,0,0,1,0,0,2,0,0,0,1,0,0,0,1,0,0,1,0,0,12,0,18,0,1,0,0,0,0,0,0,0,0,0
Hungary,lefigaro.fr,2022-05-01,0,0,0,0,0,0,0,0,1,1,0,0,0,0,0,0,0,0,0,15,0,19,0,1,0,0,0,1,0,0,0,0,0
Hungary,lefigaro.fr,2022-06-01,1,0,1,0,0,0,0,0,0,0,0,0,0,0,0,0,0,1,0,5,0,9,0,0,0,0,0,1,0,0,0,0,0
Hungary,lefigaro.fr,2022-07-01,0,1,0,0,0,0,0,0,1,1,0,0,0,0,2,0,0,0,0,6,0,12,0,0,0,0,1,0,0,0,0,0,0
Hungary,lefigaro.fr,2022-08-01,0,0,0,0,0,0,0,0,0,1,0,0,0,0,0,0,0,0,0,8,0,9,0,0,0,0,0,0,0,0,0,0,0
Hungary,lefigaro.fr,2022-09-01,0,1,1,0,0,0,1,0,0,0,0,0,0,0,3,0,0,0,0,9,0,15,0,0,0,0,0,0,0,0,0,0,0
Hungary,lefigaro.fr,2022-10-01,0,0,0,0,0,0,0,0,0,0,0,0,0,0,0,0,0,0,0,4,0,4,0,0,0,0,0,0,0,0,0,0,0
Hungary,lefigaro.fr,2022-11-01,0,0,1,0,0,0,0,0,0,0,0,0,0,1,0,0,0,0,0,11,0,12,0,0,0,0,0,0,0,0,0,0,0
Hungary,lefigaro.fr,2022-12-01,0,0,1,0,0,0,0,0,0,0,0,0,0,1,2,0,0,0,0,6,0,10,0,1,0,0,0,0,0,0,0,0,0
Hungary,lefigaro.fr,2023-01-01,0,0,1,0,0,0,0,0,0,0,0,0,0,1,0,0,0,0,0,0,0,1,0,0,0,0,0,0,0,0,0,0,0
Hungary,lefigaro.fr,2023-02-01,0,0,0,1,0,0,0,0,0,0,0,0,0,0,0,0,0,0,0,7,0,8,0,0,0,0,0,0,0,0,0,0,0
Hungary,lefigaro.fr,2023-03-01,1,0,0,0,0,1,0,0,0,0,0,0,0,0,0,0,0,0,0,9,0,11,0,0,0,0,0,0,0,0,0,0,0
Hungary,lefigaro.fr,2023-04-01,0,0,0,0,0,0,0,0,0,1,0,0,0,0,1,0,0,0,0,5,0,9,0,0,0,0,0,2,0,0,0,0,0
Hungary,lefigaro.fr,2023-05-01,0,0,0,0,0,0,0,0,0,0,0,0,0,0,0,0,0,0,0,7,0,8,0,0,0,0,1,0,0,0,0,0,0
Hungary,lefigaro.fr,2023-06-01,1,0,1,0,0,0,0,0,0,0,0,0,0,0,0,0,0,0,0,10,0,12,0,0,0,0,0,0,0,0,0,0,0
Hungary,lefigaro.fr,2023-07-01,0,0,0,0,0,0,0,0,0,0,0,0,0,0,0,0,0,0,0,5,0,5,0,0,0,0,0,0,0,0,0,0,0
Hungary,lefigaro.fr,2023-08-01,0,0,0,0,0,0,0,0,0,0,0,0,0,0,0,0,0,0,0,3,0,3,0,0,0,0,0,0,0,0,0,0,0
Hungary,lefigaro.fr,2023-09-01,0,0,0,2,0,0,0,0,0,0,0,0,0,0,0,0,0,0,0,5,0,7,0,0,0,0,0,0,0,0,0,0,0
Hungary,lefigaro.fr,2023-10-01,0,0,0,0,0,0,0,0,0,0,0,0,0,0,0,0,0,0,0,3,0,3,0,0,0,0,0,0,0,0,0,0,0
Hungary,lefigaro.fr,2023-11-01,0,0,0,0,0,0,0,0,1,0,0,0,0,0,0,0,0,0,0,10,0,12,0,1,0,0,0,0,0,0,0,0,0
Hungary,lefigaro.fr,2023-12-01,0,0,0,0,0,0,0,0,0,0,0,0,0,0,1,0,0,0,0,12,0,13,0,0,0,0,0,0,0,0,0,0,0
Hungary,lefigaro.fr,2024-01-01,0,0,1,0,0,0,0,0,0,0,0,0,0,0,0,0,0,0,0,13,0,14,0,0,0,0,0,0,0,0,0,0,0
Hungary,lefigaro.fr,2024-02-01,0,0,1,0,0,3,0,0,0,0,0,0,0,0,0,0,1,0,0,8,0,13,0,0,0,0,0,0,0,0,0,0,0
Hungary,lefigaro.fr,2024-03-01,0,1,0,0,0,0,0,0,0,0,0,0,0,1,1,0,0,0,0,3,0,6,0,0,0,0,0,0,0,0,0,0,0
Hungary,lefigaro.fr,2024-04-01,0,0,0,0,0,2,0,0,0,0,0,0,0,0,0,0,0,0,0,6,0,8,0,0,0,0,0,0,0,0,0,0,0
Hungary,lefigaro.fr,2024-05-01,0,0,0,0,0,0,1,0,0,0,0,0,0,0,0,0,0,0,0,3,0,4,0,0,0,0,0,0,0,0,0,0,0
Hungary,lefigaro.fr,2024-06-01,0,0,3,0,0,3,0,0,0,0,0,0,0,0,0,0,0,0,0,6,0,12,0,0,0,0,0,0,0,0,0,0,0
Hungary,lefigaro.fr,2024-07-01,0,0,1,2,0,0,0,0,0,0,0,0,0,0,0,0,0,0,0,4,0,7,0,0,0,0,0,0,0,0,0,0,0
Hungary,lefigaro.fr,2024-08-01,0,0,0,0,0,0,0,0,0,0,0,0,0,0,1,0,0,0,0,2,0,3,0,0,0,0,0,0,0,0,0,0,0
Hungary,lefigaro.fr,2024-09-01,0,0,0,2,0,0,0,0,0,0,0,0,0,0,0,0,0,1,0,3,0,6,0,0,0,0,0,0,0,0,0,0,0
Hungary,lefigaro.fr,2024-10-01,0,0,0,0,0,0,0,0,0,0,0,0,0,0,0,0,1,0,0,6,0,8,1,0,0,0,0,0,0,0,0,0,0
Hungary,lefigaro.fr,2024-11-01,2,0,0,0,0,0,0,0,0,0,0,1,0,0,0,0,0,0,0,4,0,7,0,0,0,0,0,0,0,0,0,0,0
Hungary,lefigaro.fr,2024-12-01,0,0,0,0,0,0,0,0,0,1,0,0,0,0,0,0,0,0,0,3,0,4,0,0,0,0,0,0,0,0,0,0,0
Hungary,lefigaro.fr,2025-01-01,1,0,0,0,0,0,0,0,0,0,0,0,0,0,1,0,0,0,0,4,0,6,0,0,0,0,0,0,0,0,0,0,0
Hungary,lefigaro.fr,2025-02-01,0,0,0,0,0,0,0,0,0,0,0,0,0,0,0,0,0,0,0,3,0,3,0,0,0,0,0,0,0,0,0,0,0
Hungary,lefigaro.fr,2025-03-01,0,0,0,1,0,0,0,0,0,0,0,0,0,0,0,0,0,0,0,2,0,3,0,0,0,0,0,0,0,0,0,0,0
Hungary,lefigaro.fr,2025-04-01,0,0,0,0,0,0,0,0,0,0,0,0,0,0,0,0,0,0,0,0,0,0,0,0,0,0,0,0,0,0,0,0,0
Hungary,lefigaro.fr,2025-05-01,0,0,0,0,0,0,0,0,0,0,0,0,0,0,0,0,0,0,0,0,0,0,0,0,0,0,0,0,0,0,0,0,0
Hungary,lefigaro.fr,2025-06-01,0,0,0,0,0,0,0,0,0,0,0,0,0,0,0,0,0,0,0,0,0,0,0,0,0,0,0,0,0,0,0,0,0
Hungary,lemonde.fr,2012-01-01,0,0,0,0,0,0,0,0,0,0,0,0,0,0,0,0,0,0,0,0,0,0,0,0,0,0,0,0,0,0,0,0,0
Hungary,lemonde.fr,2012-02-01,0,0,0,0,0,0,0,0,0,0,0,0,0,0,0,0,0,0,0,1,0,1,0,0,0,0,0,0,0,0,0,0,0
Hungary,lemonde.fr,2012-03-01,0,0,0,0,0,0,0,0,0,0,0,0,0,0,0,0,0,0,0,1,0,1,0,0,0,0,0,0,0,0,0,0,0
Hungary,lemonde.fr,2012-04-01,0,0,0,0,0,0,0,0,0,0,0,0,0,0,0,0,0,0,0,0,0,0,0,0,0,0,0,0,0,0,0,0,0
Hungary,lemonde.fr,2012-05-01,0,0,0,0,0,0,0,0,0,0,0,0,0,0,0,0,0,0,0,0,0,0,0,0,0,0,0,0,0,0,0,0,0
Hungary,lemonde.fr,2012-06-01,0,0,0,0,0,0,0,0,0,0,0,0,0,0,0,0,0,0,0,0,0,0,0,0,0,0,0,0,0,0,0,0,0
Hungary,lemonde.fr,2012-07-01,0,0,0,0,0,0,0,0,0,0,0,0,0,0,0,0,0,0,0,0,0,0,0,0,0,0,0,0,0,0,0,0,0
Hungary,lemonde.fr,2012-08-01,0,0,0,0,0,0,0,0,0,0,0,0,0,0,0,0,0,0,0,0,0,0,0,0,0,0,0,0,0,0,0,0,0
Hungary,lemonde.fr,2012-09-01,0,0,0,0,0,0,0,0,0,0,0,0,0,0,0,0,0,0,0,1,0,1,0,0,0,0,0,0,0,0,0,0,0
Hungary,lemonde.fr,2012-10-01,0,0,0,0,0,0,0,0,0,0,0,0,0,0,0,0,0,0,0,0,0,0,0,0,0,0,0,0,0,0,0,0,0
Hungary,lemonde.fr,2012-11-01,0,0,0,0,0,0,0,0,0,0,0,0,0,0,0,0,0,0,0,0,0,0,0,0,0,0,0,0,0,0,0,0,0
Hungary,lemonde.fr,2012-12-01,0,0,0,0,0,0,0,0,0,0,0,0,0,0,0,0,0,0,0,0,0,0,0,0,0,0,0,0,0,0,0,0,0
Hungary,lemonde.fr,2013-01-01,0,0,0,0,0,0,0,0,0,0,0,0,0,0,0,0,0,0,0,0,0,0,0,0,0,0,0,0,0,0,0,0,0
Hungary,lemonde.fr,2013-02-01,0,0,0,0,0,0,0,0,0,0,0,0,0,0,0,0,0,0,0,0,0,0,0,0,0,0,0,0,0,0,0,0,0
Hungary,lemonde.fr,2013-03-01,0,0,0,0,0,0,0,0,0,0,0,0,0,0,0,0,0,0,0,0,0,0,0,0,0,0,0,0,0,0,0,0,0
Hungary,lemonde.fr,2013-04-01,0,0,0,0,0,0,0,0,0,0,0,0,0,0,0,0,0,0,0,1,0,1,0,0,0,0,0,0,0,0,0,0,0
Hungary,lemonde.fr,2013-05-01,0,0,0,0,0,0,0,0,0,0,0,0,0,0,0,0,0,0,0,0,0,0,0,0,0,0,0,0,0,0,0,0,0
Hungary,lemonde.fr,2013-06-01,0,0,0,2,0,0,0,0,0,0,0,0,0,0,0,0,0,0,0,0,0,2,0,0,0,0,0,0,0,0,0,0,0
Hungary,lemonde.fr,2013-07-01,0,0,0,0,0,0,0,0,0,0,0,0,0,0,0,0,0,0,0,0,0,0,0,0,0,0,0,0,0,0,0,0,0
Hungary,lemonde.fr,2013-08-01,1,0,0,0,0,0,0,0,0,0,0,0,0,0,0,0,0,0,0,1,0,2,0,0,0,0,0,0,0,0,0,0,0
Hungary,lemonde.fr,2013-09-01,0,0,0,0,0,0,0,0,0,0,0,0,0,0,0,0,0,0,0,0,0,0,0,0,0,0,0,0,0,0,0,0,0
Hungary,lemonde.fr,2013-10-01,1,0,0,0,0,0,0,0,0,0,0,0,0,1,0,0,0,0,0,0,0,1,0,0,0,0,0,0,0,0,0,0,0
Hungary,lemonde.fr,2013-11-01,0,0,0,0,0,0,0,0,0,0,0,0,0,0,0,0,0,0,0,0,0,0,0,0,0,0,0,0,0,0,0,0,0
Hungary,lemonde.fr,2013-12-01,0,0,0,0,0,0,0,0,0,0,0,0,0,0,0,0,0,0,0,0,0,0,0,0,0,0,0,0,0,0,0,0,0
Hungary,lemonde.fr,2014-01-01,0,0,0,0,0,0,0,0,0,0,0,0,0,0,0,0,0,0,0,0,0,0,0,0,0,0,0,0,0,0,0,0,0
Hungary,lemonde.fr,2014-02-01,0,0,0,0,0,0,0,0,0,0,0,0,0,0,0,0,0,0,0,0,0,0,0,0,0,0,0,0,0,0,0,0,0
Hungary,lemonde.fr,2014-03-01,0,0,0,0,0,0,0,0,0,0,0,0,0,0,0,0,0,0,0,0,0,0,0,0,0,0,0,0,0,0,0,0,0
Hungary,lemonde.fr,2014-04-01,0,0,0,0,0,0,0,0,0,0,0,0,0,0,0,0,0,0,0,1,0,1,0,0,0,0,0,0,0,0,0,0,0
Hungary,lemonde.fr,2014-05-01,0,0,0,0,0,0,0,0,0,0,0,0,0,0,0,0,0,0,0,1,0,1,0,0,0,0,0,0,0,0,0,0,0
Hungary,lemonde.fr,2014-06-01,0,0,0,0,0,0,0,0,0,0,0,0,0,0,0,0,0,0,0,0,0,0,0,0,0,0,0,0,0,0,0,0,0
Hungary,lemonde.fr,2014-07-01,0,0,0,0,0,0,0,0,0,0,0,0,0,0,0,0,0,0,0,0,0,0,0,0,0,0,0,0,0,0,0,0,0
Hungary,lemonde.fr,2014-08-01,0,0,0,0,0,0,0,0,0,0,0,0,0,0,0,0,0,0,0,0,0,0,0,0,0,0,0,0,0,0,0,0,0
Hungary,lemonde.fr,2014-09-01,0,0,0,0,0,0,0,0,0,0,0,0,0,0,0,0,0,0,0,0,0,0,0,0,0,0,0,0,0,0,0,0,0
Hungary,lemonde.fr,2014-10-01,0,0,0,0,0,0,0,0,0,0,0,0,0,0,0,0,0,0,0,1,0,3,0,0,0,0,0,2,0,0,0,0,0
Hungary,lemonde.fr,2014-11-01,0,0,0,0,0,0,0,0,0,0,0,0,0,0,0,0,0,0,0,1,0,1,0,0,0,0,0,0,0,0,0,0,0
Hungary,lemonde.fr,2014-12-01,0,0,0,0,0,0,0,0,0,0,0,0,0,0,0,0,0,0,0,2,0,2,0,0,0,0,0,0,0,0,0,0,0
Hungary,lemonde.fr,2015-01-01,0,0,0,0,0,0,0,0,0,0,0,0,0,0,0,0,0,0,0,0,0,0,0,0,0,0,0,0,0,0,0,0,0
Hungary,lemonde.fr,2015-02-01,0,0,0,0,0,0,0,0,0,0,0,0,0,0,0,0,0,0,0,1,0,1,0,0,0,0,0,0,0,0,0,0,0
Hungary,lemonde.fr,2015-03-01,0,0,0,0,0,0,0,0,0,0,0,0,0,0,1,0,0,0,0,1,0,2,0,0,0,0,0,0,0,0,0,0,0
Hungary,lemonde.fr,2015-04-01,0,0,0,0,0,0,0,0,0,0,0,0,0,0,0,0,0,0,0,1,0,1,0,0,0,0,0,0,0,0,0,0,0
Hungary,lemonde.fr,2015-05-01,0,0,0,0,0,0,0,0,0,0,0,0,0,0,0,0,0,0,0,1,0,1,0,0,0,0,0,0,0,0,0,0,0
Hungary,lemonde.fr,2015-06-01,0,0,0,0,0,0,0,0,0,0,0,0,0,0,0,0,0,0,0,3,0,3,0,0,0,0,0,0,0,0,0,0,0
Hungary,lemonde.fr,2015-07-01,0,0,0,0,0,1,0,0,0,0,0,0,0,0,0,0,0,0,0,5,0,6,0,0,0,0,0,0,0,0,0,0,0
Hungary,lemonde.fr,2015-08-01,0,0,0,0,0,0,0,0,0,0,0,0,0,0,0,1,0,0,0,9,0,10,0,0,0,0,0,0,0,0,0,0,0
Hungary,lemonde.fr,2015-09-01,0,1,1,0,0,0,0,0,0,0,0,0,0,0,1,2,0,0,0,27,0,32,0,0,0,0,0,0,0,0,0,0,0
Hungary,lemonde.fr,2015-10-01,0,0,0,0,0,0,0,0,0,0,0,0,0,0,0,0,0,0,0,3,0,3,0,0,0,0,0,0,0,0,0,0,0
Hungary,lemonde.fr,2015-11-01,0,0,0,0,0,0,0,0,0,0,0,0,0,0,0,0,0,0,0,4,0,4,0,0,0,0,0,0,0,0,0,0,0
Hungary,lemonde.fr,2015-12-01,0,0,0,0,0,0,0,0,0,0,0,1,0,0,0,0,0,0,0,3,0,4,0,0,0,0,0,0,0,0,0,0,0
Hungary,lemonde.fr,2016-01-01,0,0,0,0,0,0,0,0,0,0,0,0,0,0,0,0,0,0,0,4,0,4,0,0,0,0,0,0,0,0,0,0,0
Hungary,lemonde.fr,2016-02-01,0,0,0,0,0,0,0,0,0,0,0,0,0,0,2,0,0,0,0,0,0,2,0,0,0,0,0,0,0,0,0,0,0
Hungary,lemonde.fr,2016-03-01,0,0,0,0,0,0,0,0,0,0,0,0,0,0,0,0,0,0,0,2,0,2,0,0,0,0,0,0,0,0,0,0,0
Hungary,lemonde.fr,2016-04-01,0,0,0,0,0,0,0,0,0,0,0,0,0,0,0,0,0,0,0,2,0,2,0,0,0,0,0,0,0,0,0,0,0
Hungary,lemonde.fr,2016-05-01,0,0,0,0,0,0,0,0,0,0,0,0,0,0,0,0,0,0,0,1,0,1,0,0,0,0,0,0,0,0,0,0,0
Hungary,lemonde.fr,2016-06-01,0,0,0,0,0,0,0,0,0,1,0,0,0,0,0,0,0,0,0,7,0,8,0,0,0,0,0,0,0,0,0,0,0
Hungary,lemonde.fr,2016-07-01,0,0,0,0,0,1,0,0,0,0,0,0,0,0,0,0,0,0,0,2,0,3,0,0,0,0,0,0,0,0,0,0,0
Hungary,lemonde.fr,2016-08-01,0,0,0,0,0,0,0,0,0,0,0,0,0,0,0,0,0,0,0,1,0,1,0,0,0,0,0,0,0,0,0,0,0
Hungary,lemonde.fr,2016-09-01,0,0,0,0,0,0,0,0,0,0,0,0,0,0,0,0,0,0,0,7,0,7,0,0,0,0,0,0,0,0,0,0,0
Hungary,lemonde.fr,2016-10-01,0,0,0,0,0,1,0,0,0,0,0,0,0,0,0,0,0,0,0,3,0,4,0,0,0,0,0,0,0,0,0,0,0
Hungary,lemonde.fr,2016-11-01,0,0,0,0,0,0,0,0,0,0,0,1,0,0,0,0,0,0,0,0,0,1,0,0,0,0,0,0,0,0,0,0,0
Hungary,lemonde.fr,2016-12-01,0,0,0,0,0,0,0,0,0,0,0,0,0,0,0,0,0,0,0,1,0,1,0,0,0,0,0,0,0,0,0,0,0
Hungary,lemonde.fr,2017-01-01,1,0,0,0,0,0,0,0,0,0,0,0,0,0,0,0,0,0,0,3,0,4,0,0,0,0,0,0,0,0,0,0,0
Hungary,lemonde.fr,2017-02-01,0,0,0,0,0,0,0,0,0,0,0,0,0,0,0,0,0,0,0,5,0,5,0,0,0,0,0,0,0,0,0,0,0
Hungary,lemonde.fr,2017-03-01,0,0,0,0,0,0,0,0,0,0,0,0,0,0,0,0,0,0,0,13,0,15,0,0,0,0,0,2,0,0,0,0,0
Hungary,lemonde.fr,2017-04-01,0,3,1,0,0,0,0,0,0,2,0,0,0,0,2,0,0,0,0,7,0,15,0,0,0,0,0,0,0,0,0,0,0
Hungary,lemonde.fr,2017-05-01,0,0,0,0,0,0,0,0,0,0,0,0,0,0,0,0,0,0,0,4,0,4,0,0,0,0,0,0,0,0,0,0,0
Hungary,lemonde.fr,2017-06-01,0,0,1,0,0,0,0,0,0,0,0,0,0,0,0,0,0,1,0,1,0,3,0,0,0,0,0,0,0,0,0,0,0
Hungary,lemonde.fr,2017-07-01,0,0,0,0,0,0,0,0,0,0,0,0,0,0,0,0,0,0,0,12,0,12,0,0,0,0,0,0,0,0,0,0,0
Hungary,lemonde.fr,2017-08-01,0,0,0,0,0,0,0,0,0,0,0,0,0,0,0,0,0,0,0,2,0,2,0,0,0,0,0,0,0,0,0,0,0
Hungary,lemonde.fr,2017-09-01,0,0,1,0,0,1,0,0,0,0,0,0,0,0,0,0,0,0,0,3,0,5,0,0,0,0,0,0,0,0,0,0,0
Hungary,lemonde.fr,2017-10-01,0,0,0,0,0,0,0,0,0,0,0,0,0,0,0,0,0,0,0,0,0,0,0,0,0,0,0,0,0,0,0,0,0
Hungary,lemonde.fr,2017-11-01,0,0,0,0,0,0,0,0,0,0,0,0,0,0,0,0,0,0,0,2,0,2,0,0,0,0,0,0,0,0,0,0,0
Hungary,lemonde.fr,2017-12-01,0,0,0,0,0,0,0,0,0,0,0,0,0,0,0,0,0,0,0,4,0,4,0,0,0,0,0,0,0,0,0,0,0
Hungary,lemonde.fr,2018-01-01,0,0,0,0,0,0,0,0,0,0,0,0,0,0,0,0,0,0,0,1,0,1,0,0,0,0,0,0,0,0,0,0,0
Hungary,lemonde.fr,2018-02-01,0,0,0,0,0,0,0,0,0,0,0,0,0,0,0,0,0,0,0,4,0,4,0,0,0,0,0,0,0,0,0,0,0
Hungary,lemonde.fr,2018-03-01,0,0,1,0,0,0,0,0,0,0,0,0,0,0,0,0,0,0,0,5,0,6,0,0,0,0,0,0,0,0,0,0,0
Hungary,lemonde.fr,2018-04-01,0,2,0,0,1,7,0,0,0,0,0,0,0,0,0,0,1,0,0,9,0,20,0,0,0,0,0,0,0,0,0,0,0
Hungary,lemonde.fr,2018-05-01,0,0,0,0,0,0,0,0,0,0,0,0,0,0,0,0,0,0,0,3,0,3,0,0,0,0,0,0,0,0,0,0,0
Hungary,lemonde.fr,2018-06-01,0,0,0,0,0,0,0,0,0,0,0,0,0,0,1,0,0,0,0,11,0,13,0,0,0,0,1,0,0,0,0,0,0
Hungary,lemonde.fr,2018-07-01,0,0,0,1,0,0,0,0,0,0,0,0,0,0,0,0,0,0,0,4,0,6,0,0,0,0,0,1,0,0,0,0,0
Hungary,lemonde.fr,2018-08-01,0,0,0,0,0,0,0,0,0,0,0,0,0,0,0,0,0,0,0,4,0,4,0,0,0,0,0,0,0,0,0,0,0
Hungary,lemonde.fr,2018-09-01,0,0,2,0,0,1,0,0,0,0,0,0,0,0,0,0,0,0,0,14,0,17,0,0,0,0,0,0,0,0,0,0,0
Hungary,lemonde.fr,2018-10-01,0,0,0,0,0,0,0,0,0,0,0,0,0,0,0,0,1,0,0,5,0,6,0,0,0,0,0,0,0,0,0,0,0
Hungary,lemonde.fr,2018-11-01,0,0,0,0,0,0,0,0,0,0,0,0,0,0,0,0,0,0,0,5,0,5,0,0,0,0,0,0,0,0,0,0,0
Hungary,lemonde.fr,2018-12-01,0,2,0,0,0,0,0,0,0,1,0,0,0,0,0,0,0,0,0,8,0,11,0,0,0,0,0,0,0,0,0,0,0
Hungary,lemonde.fr,2019-01-01,0,2,0,0,0,0,0,0,0,0,0,0,0,1,0,0,0,0,0,3,0,6,0,0,0,0,0,0,0,0,0,0,0
Hungary,lemonde.fr,2019-02-01,0,0,0,0,0,0,0,0,0,0,0,0,0,0,0,0,0,0,0,7,0,7,0,0,0,0,0,0,0,0,0,0,0
Hungary,lemonde.fr,2019-03-01,0,0,0,0,0,0,0,0,0,0,0,0,0,0,0,1,0,0,0,7,0,8,0,0,0,0,0,0,0,0,0,0,0
Hungary,lemonde.fr,2019-04-01,0,0,0,0,0,0,0,0,0,0,0,0,0,0,0,0,0,0,0,3,0,3,0,0,0,0,0,0,0,0,0,0,0
Hungary,lemonde.fr,2019-05-01,0,0,1,2,0,2,0,0,0,1,0,0,0,1,0,0,0,0,0,10,0,16,0,0,0,0,0,0,0,0,0,0,0
Hungary,lemonde.fr,2019-06-01,0,0,0,0,0,0,0,0,0,0,0,0,0,0,0,0,0,0,0,2,0,2,0,0,0,0,0,0,0,0,0,0,0
Hungary,lemonde.fr,2019-07-01,0,0,0,0,0,0,0,0,0,0,0,0,0,0,0,0,0,0,0,1,0,1,0,0,0,0,0,0,0,0,0,0,0
Hungary,lemonde.fr,2019-08-01,0,0,1,0,0,0,0,0,0,0,0,0,0,1,0,0,0,0,0,2,0,3,0,0,0,0,0,0,0,0,0,0,0
Hungary,lemonde.fr,2019-09-01,0,0,0,0,0,1,0,0,0,0,0,0,0,0,0,0,0,0,0,3,0,4,0,0,0,0,0,0,0,0,0,0,0
Hungary,lemonde.fr,2019-10-01,0,0,0,0,0,2,0,0,0,0,0,0,0,0,0,0,0,0,0,1,0,3,0,0,0,0,0,0,0,0,0,0,0
Hungary,lemonde.fr,2019-11-01,0,0,0,0,0,1,0,0,0,0,0,0,0,0,0,0,0,0,0,2,0,3,0,0,0,0,0,0,0,0,0,0,0
Hungary,lemonde.fr,2019-12-01,0,0,0,0,0,1,0,0,0,0,0,0,0,0,0,0,0,0,0,6,0,7,0,0,0,0,0,0,0,0,0,0,0
Hungary,lemonde.fr,2020-01-01,0,0,0,0,0,0,0,0,0,0,0,0,0,0,0,0,0,0,0,2,0,2,0,0,0,0,0,0,0,0,0,0,0
Hungary,lemonde.fr,2020-02-01,0,0,0,0,0,0,0,0,0,0,0,0,0,0,0,0,0,0,0,5,0,5,0,0,0,0,0,0,0,0,0,0,0
Hungary,lemonde.fr,2020-03-01,0,0,0,1,0,0,0,0,0,0,0,0,0,0,1,0,0,0,0,3,0,5,0,0,0,0,0,0,0,0,0,0,0
Hungary,lemonde.fr,2020-04-01,0,0,0,0,0,0,0,0,0,0,0,0,0,0,0,0,0,0,0,3,0,3,0,0,0,0,0,0,0,0,0,0,0
Hungary,lemonde.fr,2020-05-01,2,0,0,0,0,0,0,0,0,0,0,0,0,0,0,0,0,0,0,4,0,6,0,0,0,0,0,0,0,0,0,0,0
Hungary,lemonde.fr,2020-06-01,0,1,0,0,0,0,0,0,0,0,0,0,0,0,2,0,0,0,0,4,0,7,0,0,0,0,0,0,0,0,0,0,0
Hungary,lemonde.fr,2020-07-01,0,0,0,0,0,0,0,0,0,0,0,0,0,0,0,0,0,0,0,3,0,3,0,0,0,0,0,0,0,0,0,0,0
Hungary,lemonde.fr,2020-08-01,0,0,0,0,0,0,0,0,0,0,0,0,0,0,0,0,0,0,0,0,0,0,0,0,0,0,0,0,0,0,0,0,0
Hungary,lemonde.fr,2020-09-01,0,0,0,0,0,0,0,0,0,0,0,1,0,0,0,0,0,0,0,6,0,7,0,0,0,0,0,0,0,0,0,0,0
Hungary,lemonde.fr,2020-10-01,0,0,0,0,0,0,0,0,0,0,0,0,0,0,1,0,0,0,0,6,0,7,0,0,0,0,0,0,0,0,0,0,0
Hungary,lemonde.fr,2020-11-01,0,0,1,0,0,0,0,0,0,0,0,0,0,1,1,0,0,0,0,8,0,11,0,0,0,0,0,0,0,0,0,0,0
Hungary,lemonde.fr,2020-12-01,0,0,0,0,0,0,0,0,0,1,0,0,0,0,1,0,1,0,0,11,0,14,0,0,0,0,0,0,0,0,0,0,0
Hungary,lemonde.fr,2021-01-01,0,0,0,0,0,0,0,0,0,0,0,0,0,0,0,0,0,0,0,3,0,3,0,0,0,0,0,0,0,0,0,0,0
Hungary,lemonde.fr,2021-02-01,0,0,1,0,0,0,0,0,0,0,0,0,0,0,1,0,0,0,0,5,0,7,0,0,0,0,0,0,0,0,0,0,0
Hungary,lemonde.fr,2021-03-01,0,0,1,0,0,0,0,0,0,0,0,0,0,0,0,0,0,0,0,2,0,3,0,0,0,0,0,0,0,0,0,0,0
Hungary,lemonde.fr,2021-04-01,0,0,0,1,0,0,0,0,0,0,0,0,0,0,0,0,0,0,0,2,0,3,0,0,0,0,0,0,0,0,0,0,0
Hungary,lemonde.fr,2021-05-01,0,0,0,0,0,0,0,0,0,0,0,0,0,0,0,0,0,0,0,1,0,1,0,0,0,0,0,0,0,0,0,0,0
Hungary,lemonde.fr,2021-06-01,0,1,0,0,0,0,0,0,0,0,0,0,0,0,2,0,0,0,0,6,0,11,0,0,0,0,0,2,0,0,0,0,0
Hungary,lemonde.fr,2021-07-01,0,0,1,0,0,0,0,0,0,0,0,0,0,0,5,0,0,0,0,4,0,10,0,0,0,0,0,0,0,0,0,0,0
Hungary,lemonde.fr,2021-08-01,0,0,0,0,0,0,0,0,0,0,0,0,0,0,0,0,0,0,0,2,0,2,0,0,0,0,0,0,0,0,0,0,0
Hungary,lemonde.fr,2021-09-01,0,0,0,0,0,0,1,0,0,1,0,0,0,0,0,0,0,0,0,8,0,10,0,0,0,0,0,0,0,0,0,0,0
Hungary,lemonde.fr,2021-10-01,1,0,0,0,0,3,0,0,0,0,0,0,0,0,0,0,0,0,0,3,0,7,0,0,0,0,0,0,0,0,0,0,0
Hungary,lemonde.fr,2021-11-01,0,0,0,0,0,1,0,0,0,0,0,0,0,0,0,0,0,0,0,4,0,5,0,0,0,0,0,0,0,0,0,0,0
Hungary,lemonde.fr,2021-12-01,0,0,0,0,0,0,0,0,0,0,0,0,0,0,0,0,0,0,0,5,0,5,0,0,0,0,0,0,0,0,0,0,0
Hungary,lemonde.fr,2022-01-01,0,0,0,0,0,0,0,0,0,0,0,0,0,0,0,0,0,0,0,2,0,2,0,0,0,0,0,0,0,0,0,0,0
Hungary,lemonde.fr,2022-02-01,0,0,0,0,0,0,0,0,0,0,0,0,0,0,0,0,0,0,0,10,0,11,1,0,0,0,0,0,0,0,0,0,0
Hungary,lemonde.fr,2022-03-01,2,0,0,0,0,0,0,0,0,0,0,0,0,0,0,0,0,0,0,8,0,12,1,0,0,0,1,0,0,0,0,0,0
Hungary,lemonde.fr,2022-04-01,0,0,1,0,0,1,0,0,0,0,0,0,0,1,0,0,0,0,0,5,0,7,0,0,0,0,0,0,0,0,0,0,0
Hungary,lemonde.fr,2022-05-01,0,0,0,0,0,0,0,0,0,0,0,0,0,0,0,0,0,0,0,2,0,2,0,0,0,0,0,0,0,0,0,0,0
Hungary,lemonde.fr,2022-06-01,0,0,0,0,0,0,0,0,0,0,0,0,1,0,0,0,0,0,0,1,0,3,0,0,0,0,0,1,0,0,0,0,0
Hungary,lemonde.fr,2022-07-01,0,1,0,0,0,0,0,0,0,0,0,0,0,0,1,0,0,0,0,2,0,4,0,0,0,0,0,0,0,0,0,0,0
Hungary,lemonde.fr,2022-08-01,0,0,0,0,0,0,0,0,0,0,0,0,0,0,0,0,0,0,0,4,0,4,0,0,0,0,0,0,0,0,0,0,0
Hungary,lemonde.fr,2022-09-01,0,0,0,0,0,0,0,0,0,0,0,0,0,0,0,0,0,0,0,3,0,5,0,1,0,0,0,1,0,0,0,0,0
Hungary,lemonde.fr,2022-10-01,0,0,0,0,0,1,0,0,0,0,0,0,0,0,0,0,0,0,0,5,0,6,0,0,0,0,0,0,0,0,0,0,0
Hungary,lemonde.fr,2022-11-01,0,0,0,0,0,0,0,0,0,0,0,0,0,1,0,0,0,0,0,2,0,3,0,0,0,0,0,0,0,0,0,0,0
Hungary,lemonde.fr,2022-12-01,0,0,0,0,0,0,0,0,0,0,0,0,0,1,1,0,0,0,0,4,0,6,0,0,0,0,0,0,0,0,0,0,0
Hungary,lemonde.fr,2023-01-01,0,0,1,0,0,0,0,0,0,0,0,0,0,1,0,0,0,0,0,1,0,2,0,0,0,0,0,0,0,0,0,0,0
Hungary,lemonde.fr,2023-02-01,0,0,0,0,0,0,0,0,0,0,0,0,0,0,0,0,0,0,0,2,0,2,0,0,0,0,0,0,0,0,0,0,0
Hungary,lemonde.fr,2023-03-01,0,0,0,0,0,0,0,0,0,0,0,0,0,0,0,0,0,0,0,3,0,3,0,0,0,0,0,0,0,0,0,0,0
Hungary,lemonde.fr,2023-04-01,0,0,0,1,0,0,0,0,0,0,0,0,0,0,0,0,0,0,0,7,0,8,0,0,0,0,0,0,0,0,0,0,0
Hungary,lemonde.fr,2023-05-01,0,0,0,0,0,0,0,0,0,0,0,0,0,0,2,0,0,0,0,4,0,6,0,0,0,0,0,0,0,0,0,0,0
Hungary,lemonde.fr,2023-06-01,0,0,0,0,0,0,0,0,0,0,0,0,0,0,0,0,0,0,0,0,0,0,0,0,0,0,0,0,0,0,0,0,0
Hungary,lemonde.fr,2023-07-01,0,0,1,0,0,0,0,0,0,0,0,0,0,0,0,0,0,0,0,2,0,3,0,0,0,0,0,0,0,0,0,0,0
Hungary,lemonde.fr,2023-08-01,0,0,0,0,0,0,0,0,0,1,0,0,0,0,0,0,0,0,0,3,0,4,0,0,0,0,0,0,0,0,0,0,0
Hungary,lemonde.fr,2023-09-01,0,0,0,0,0,1,0,0,0,0,0,0,0,0,0,0,0,0,0,2,0,3,0,0,0,0,0,0,0,0,0,0,0
Hungary,lemonde.fr,2023-10-01,0,0,0,0,0,0,0,0,0,0,0,0,0,0,2,0,0,0,0,1,0,3,0,0,0,0,0,0,0,0,0,0,0
Hungary,lemonde.fr,2023-11-01,0,0,0,0,0,0,0,0,0,0,0,0,0,0,0,0,0,1,0,2,0,3,0,0,0,0,0,0,0,0,0,0,0
Hungary,lemonde.fr,2023-12-01,0,0,0,0,0,0,0,0,0,0,0,0,0,0,0,0,0,0,0,4,0,4,0,0,0,0,0,0,0,0,0,0,0
Hungary,lemonde.fr,2024-01-01,0,0,0,0,0,0,0,0,0,0,0,0,0,0,0,0,0,0,0,1,0,1,0,0,0,0,0,0,0,0,0,0,0
Hungary,lemonde.fr,2024-02-01,0,0,1,0,0,0,0,0,0,0,0,0,0,0,0,0,1,0,0,4,0,6,0,0,0,0,0,0,0,0,0,0,0
Hungary,lemonde.fr,2024-03-01,0,0,0,0,0,0,0,0,0,0,0,0,0,0,0,0,0,0,0,3,0,3,0,0,0,0,0,0,0,0,0,0,0
Hungary,lemonde.fr,2024-04-01,0,0,1,0,0,0,0,0,0,0,0,0,0,0,0,0,0,0,0,2,0,3,0,0,0,0,0,0,0,0,0,0,0
Hungary,lemonde.fr,2024-05-01,0,2,0,0,0,0,0,0,0,0,0,0,0,0,0,0,0,0,0,1,0,3,0,0,0,0,0,0,0,0,0,0,0
Hungary,lemonde.fr,2024-06-01,0,0,3,0,0,2,0,0,0,0,0,0,0,1,0,0,0,0,0,1,0,6,0,0,0,0,0,0,0,0,0,0,0
Hungary,lemonde.fr,2024-07-01,0,0,0,0,0,0,0,0,0,0,0,0,0,0,0,0,0,0,0,0,0,0,0,0,0,0,0,0,0,0,0,0,0
Hungary,lemonde.fr,2024-08-01,0,0,0,0,0,0,0,0,0,0,0,0,0,0,0,0,0,0,0,0,0,0,0,0,0,0,0,0,0,0,0,0,0
Hungary,lemonde.fr,2024-09-01,0,0,0,0,0,0,0,0,0,0,0,0,0,0,0,1,0,0,0,5,0,6,0,0,0,0,0,0,0,0,0,0,0
Hungary,lemonde.fr,2024-10-01,0,1,0,0,0,0,0,0,0,0,0,0,0,0,0,1,0,0,0,1,0,3,0,0,0,0,0,0,0,0,0,0,0
Hungary,lemonde.fr,2024-11-01,1,0,0,0,0,1,0,0,0,0,0,0,0,0,0,0,0,0,0,4,0,6,0,0,0,0,0,0,0,0,0,0,0
Hungary,lemonde.fr,2024-12-01,0,0,0,0,0,0,0,0,0,0,0,0,0,0,0,0,0,0,0,0,0,0,0,0,0,0,0,0,0,0,0,0,0
Hungary,lemonde.fr,2025-01-01,0,0,0,0,0,0,0,0,0,0,0,0,0,0,0,0,0,0,0,0,0,0,0,0,0,0,0,0,0,0,0,0,0
Hungary,lemonde.fr,2025-02-01,0,0,0,0,0,0,0,0,0,0,0,0,0,0,0,0,0,0,0,0,0,0,0,0,0,0,0,0,0,0,0,0,0
Hungary,lemonde.fr,2025-03-01,0,0,0,0,0,0,0,0,0,0,0,0,0,0,0,0,0,0,0,0,0,0,0,0,0,0,0,0,0,0,0,0,0
Hungary,lemonde.fr,2025-04-01,0,0,0,0,0,0,0,0,0,0,0,0,0,0,0,0,0,0,0,0,0,0,0,0,0,0,0,0,0,0,0,0,0
Hungary,lemonde.fr,2025-05-01,0,0,0,0,0,0,0,0,0,0,0,0,0,0,0,0,0,0,0,0,0,0,0,0,0,0,0,0,0,0,0,0,0
Hungary,lemonde.fr,2025-06-01,0,0,0,0,0,0,0,0,0,0,0,0,0,0,0,0,0,0,0,0,0,0,0,0,0,0,0,0,0,0,0,0,0
Hungary,liberation.fr,2012-01-01,0,0,0,0,0,1,0,0,0,0,0,0,0,0,2,0,0,0,0,17,0,21,0,0,0,0,1,0,0,0,0,0,0
Hungary,liberation.fr,2012-02-01,0,0,0,0,0,0,0,0,0,0,0,0,0,0,0,0,0,0,0,4,0,4,0,0,0,0,0,0,0,0,0,0,0
Hungary,liberation.fr,2012-03-01,0,0,0,0,0,0,0,0,0,0,0,0,0,1,0,0,0,0,0,7,0,8,0,0,0,0,0,0,0,0,0,0,0
Hungary,liberation.fr,2012-04-01,0,0,0,0,0,0,0,0,0,0,0,0,0,0,0,0,0,0,0,1,0,1,0,0,0,0,0,0,0,0,0,0,0
Hungary,liberation.fr,2012-05-01,0,0,0,0,0,0,0,0,0,0,0,0,0,0,0,0,0,0,0,0,0,0,0,0,0,0,0,0,0,0,0,0,0
Hungary,liberation.fr,2012-06-01,0,0,0,0,0,0,0,0,0,0,0,0,0,0,0,0,0,0,0,3,0,3,0,0,0,0,0,0,0,0,0,0,0
Hungary,liberation.fr,2012-07-01,1,0,0,0,0,0,0,0,0,0,0,0,0,0,0,0,0,0,0,5,0,7,0,0,0,0,0,0,0,0,0,0,1
Hungary,liberation.fr,2012-08-01,0,0,1,0,0,0,0,0,0,0,0,0,0,0,0,0,0,0,0,1,0,2,0,0,0,0,0,0,0,0,0,0,0
Hungary,liberation.fr,2012-09-01,0,0,0,0,0,0,0,0,0,0,0,0,0,0,0,0,0,0,0,2,0,2,0,0,0,0,0,0,0,0,0,0,0
Hungary,liberation.fr,2012-10-01,0,0,0,0,0,0,0,0,0,0,0,0,0,0,0,0,0,0,0,4,0,4,0,0,0,0,0,0,0,0,0,0,0
Hungary,liberation.fr,2012-11-01,0,0,0,0,0,1,0,0,0,0,0,0,0,0,0,0,0,0,0,0,0,1,0,0,0,0,0,0,0,0,0,0,0
Hungary,liberation.fr,2012-12-01,0,0,1,0,0,0,0,0,0,0,0,0,0,1,0,0,0,0,0,0,0,1,0,0,0,0,0,0,0,0,0,0,0
Hungary,liberation.fr,2013-01-01,0,0,0,0,0,0,0,0,0,0,0,0,0,0,0,0,0,0,0,1,0,1,0,0,0,0,0,0,0,0,0,0,0
Hungary,liberation.fr,2013-02-01,0,0,0,0,0,0,0,0,0,0,0,0,0,0,0,0,0,0,0,1,0,1,0,0,0,0,0,0,0,0,0,0,0
Hungary,liberation.fr,2013-03-01,0,0,0,0,0,0,0,0,0,0,0,0,0,0,0,0,0,0,0,2,0,2,0,0,0,0,0,0,0,0,0,0,0
Hungary,liberation.fr,2013-04-01,0,0,0,0,0,0,0,0,0,0,0,0,0,0,0,0,0,0,0,1,0,1,0,0,0,0,0,0,0,0,0,0,0
Hungary,liberation.fr,2013-05-01,0,0,0,0,0,0,0,0,0,0,0,0,0,0,0,0,0,0,0,0,0,0,0,0,0,0,0,0,0,0,0,0,0
Hungary,liberation.fr,2013-06-01,0,0,1,1,0,0,0,0,0,0,0,0,0,0,0,0,0,0,0,4,0,6,0,0,0,0,0,0,0,0,0,0,0
Hungary,liberation.fr,2013-07-01,0,0,0,0,0,0,0,0,0,0,0,0,0,0,0,0,0,0,0,1,0,2,0,0,0,0,0,0,0,0,0,0,1
Hungary,liberation.fr,2013-08-01,0,0,0,0,0,0,0,0,0,0,0,0,0,0,0,0,0,0,0,2,0,2,0,0,0,0,0,0,0,0,0,0,0
Hungary,liberation.fr,2013-09-01,0,0,0,0,0,0,0,0,0,0,0,0,0,0,0,0,0,0,0,3,0,3,0,0,0,0,0,0,0,0,0,0,0
Hungary,liberation.fr,2013-10-01,0,0,0,0,0,0,0,0,0,0,0,0,0,0,0,0,0,0,0,3,0,3,0,0,0,0,0,0,0,0,0,0,0
Hungary,liberation.fr,2013-11-01,0,0,1,0,0,0,0,0,0,0,0,0,0,1,0,0,0,0,0,3,0,4,0,0,0,0,0,0,0,0,0,0,0
Hungary,liberation.fr,2013-12-01,0,0,1,0,0,0,0,0,0,0,0,0,0,1,0,0,0,0,0,0,0,1,0,0,0,0,0,0,0,0,0,0,0
Hungary,liberation.fr,2014-01-01,0,1,0,0,0,0,0,0,0,0,0,0,0,0,0,0,0,0,0,1,0,2,0,0,0,0,0,0,0,0,0,0,0
Hungary,liberation.fr,2014-02-01,0,0,0,0,0,0,0,0,0,0,0,0,0,0,0,0,0,0,0,1,0,1,0,0,0,0,0,0,0,0,0,0,0
Hungary,liberation.fr,2014-03-01,0,0,0,0,0,0,0,0,0,0,0,0,0,0,0,0,0,0,0,2,0,2,0,0,0,0,0,0,0,0,0,0,0
Hungary,liberation.fr,2014-04-01,0,0,0,0,0,2,0,0,0,0,0,0,0,0,0,0,0,0,0,6,0,8,0,0,0,0,0,0,0,0,0,0,0
Hungary,liberation.fr,2014-05-01,0,0,0,0,0,0,0,0,0,0,0,0,0,0,0,0,0,0,0,3,0,3,0,0,0,0,0,0,0,0,0,0,0
Hungary,liberation.fr,2014-06-01,0,0,0,0,0,0,0,0,0,0,0,0,0,0,0,0,0,0,0,0,0,0,0,0,0,0,0,0,0,0,0,0,0
Hungary,liberation.fr,2014-07-01,0,0,0,0,0,0,0,0,0,0,0,0,0,0,0,0,0,0,0,3,0,3,0,0,0,0,0,0,0,0,0,0,0
Hungary,liberation.fr,2014-08-01,0,0,0,0,0,0,0,0,0,0,0,0,0,0,0,0,0,0,0,0,0,0,0,0,0,0,0,0,0,0,0,0,0
Hungary,liberation.fr,2014-09-01,0,0,0,0,0,0,0,0,0,0,0,0,0,0,0,0,0,0,0,0,0,0,0,0,0,0,0,0,0,0,0,0,0
Hungary,liberation.fr,2014-10-01,0,0,0,0,0,0,0,0,0,0,0,0,0,0,1,0,0,0,0,2,0,3,0,0,0,0,0,0,0,0,0,0,0
Hungary,liberation.fr,2014-11-01,0,0,0,0,0,0,0,0,0,0,0,0,0,0,0,0,0,0,0,2,0,2,0,0,0,0,0,0,0,0,0,0,0
Hungary,liberation.fr,2014-12-01,0,0,1,0,0,0,0,0,0,0,0,0,0,0,0,0,0,0,0,3,0,4,0,0,0,0,0,0,0,0,0,0,0
Hungary,liberation.fr,2015-01-01,0,0,0,0,0,0,0,0,0,0,0,0,0,0,0,0,0,0,0,0,0,0,0,0,0,0,0,0,0,0,0,0,0
Hungary,liberation.fr,2015-02-01,0,0,0,0,0,0,0,0,0,0,0,0,0,0,0,0,0,0,0,2,0,2,0,0,0,0,0,0,0,0,0,0,0
Hungary,liberation.fr,2015-03-01,0,0,0,0,0,0,0,0,0,0,0,0,0,0,0,0,0,0,0,1,0,1,0,0,0,0,0,0,0,0,0,0,0
Hungary,liberation.fr,2015-04-01,0,0,0,0,0,0,0,0,0,0,0,0,0,0,0,0,0,0,0,2,0,2,0,0,0,0,0,0,0,0,0,0,0
Hungary,liberation.fr,2015-05-01,0,0,0,0,0,0,0,0,0,0,0,0,0,0,0,0,0,0,0,3,0,3,0,0,0,0,0,0,0,0,0,0,0
Hungary,liberation.fr,2015-06-01,0,1,0,0,0,0,0,0,0,0,0,0,0,0,1,0,0,0,0,3,0,5,0,0,0,0,0,0,0,0,0,0,0
Hungary,liberation.fr,2015-07-01,0,0,0,0,0,0,0,0,0,0,0,0,0,0,0,0,0,0,0,1,0,1,0,0,0,0,0,0,0,0,0,0,0
Hungary,liberation.fr,2015-08-01,0,0,0,0,0,0,0,0,0,0,0,0,0,0,0,1,0,0,0,5,0,7,0,0,0,0,0,0,0,0,0,1,0
Hungary,liberation.fr,2015-09-01,0,0,0,0,0,1,0,0,0,0,0,0,0,0,1,0,0,0,0,31,0,33,0,0,0,0,0,0,0,0,0,0,0
Hungary,liberation.fr,2015-10-01,0,0,1,0,0,0,0,0,0,0,0,0,0,0,0,0,0,0,0,3,0,4,0,0,0,0,0,0,0,0,0,0,0
Hungary,liberation.fr,2015-11-01,0,0,0,0,0,0,0,0,0,0,0,0,0,0,0,0,0,0,0,1,0,1,0,0,0,0,0,0,0,0,0,0,0
Hungary,liberation.fr,2015-12-01,0,0,0,0,0,1,0,0,0,0,0,0,0,0,0,0,0,0,0,2,0,4,1,0,0,0,0,0,0,0,0,0,0
Hungary,liberation.fr,2016-01-01,0,0,0,0,0,0,0,0,0,0,0,0,0,0,0,0,0,0,0,1,0,1,0,0,0,0,0,0,0,0,0,0,0
Hungary,liberation.fr,2016-02-01,0,0,0,0,0,0,0,0,0,0,0,0,0,0,0,0,0,0,0,5,0,5,0,0,0,0,0,0,0,0,0,0,0
Hungary,liberation.fr,2016-03-01,0,0,0,0,0,1,0,0,0,0,0,0,0,0,0,0,0,0,0,3,0,4,0,0,0,0,0,0,0,0,0,0,0
Hungary,liberation.fr,2016-04-01,0,0,0,0,0,0,0,0,0,0,0,0,0,0,0,0,0,0,0,1,0,1,0,0,0,0,0,0,0,0,0,0,0
Hungary,liberation.fr,2016-05-01,0,0,0,0,0,0,0,0,0,0,0,0,0,0,0,0,0,0,0,1,0,1,0,0,0,0,0,0,0,0,0,0,0
Hungary,liberation.fr,2016-06-01,1,0,0,0,0,0,0,0,0,0,0,0,0,0,0,0,0,0,0,1,0,2,0,0,0,0,0,0,0,0,0,0,0
Hungary,liberation.fr,2016-07-01,0,0,0,0,0,0,0,0,0,0,0,0,0,0,0,0,0,1,0,0,0,1,0,0,0,0,0,0,0,0,0,0,0
Hungary,liberation.fr,2016-08-01,0,0,0,0,0,0,0,0,0,0,0,0,0,0,0,0,0,0,0,0,0,0,0,0,0,0,0,0,0,0,0,0,0
Hungary,liberation.fr,2016-09-01,0,0,0,0,0,0,0,0,0,0,0,0,0,0,0,0,0,0,0,7,0,7,0,0,0,0,0,0,0,0,0,0,0
Hungary,liberation.fr,2016-10-01,0,0,0,0,0,0,0,0,0,0,0,0,0,0,1,0,0,0,0,6,0,7,0,0,0,0,0,0,0,0,0,0,0
Hungary,liberation.fr,2016-11-01,0,0,0,0,0,0,0,0,0,0,0,0,0,0,0,0,0,0,0,2,0,3,0,0,0,0,1,0,0,0,0,0,0
Hungary,liberation.fr,2016-12-01,0,0,0,0,0,0,0,0,0,0,0,0,0,0,0,0,0,0,0,3,0,3,0,0,0,0,0,0,0,0,0,0,0
Hungary,liberation.fr,2017-01-01,0,0,2,2,0,0,0,0,0,0,0,0,0,2,1,0,0,0,0,7,0,12,0,0,0,0,0,0,0,0,0,0,0
Hungary,liberation.fr,2017-02-01,0,1,0,0,0,2,0,0,0,0,0,0,0,0,0,0,0,0,0,10,0,13,0,0,0,0,0,0,0,0,0,0,0
Hungary,liberation.fr,2017-03-01,0,0,0,0,0,1,0,0,0,1,0,1,0,0,2,0,0,0,0,7,0,15,0,0,0,0,0,2,0,0,0,0,1
Hungary,liberation.fr,2017-04-01,0,1,1,0,0,0,0,0,0,0,0,0,0,0,3,0,0,0,0,11,0,16,0,0,0,0,0,0,0,0,0,0,0
Hungary,liberation.fr,2017-05-01,0,0,0,0,0,0,0,0,0,0,0,0,0,0,0,0,0,0,0,0,0,0,0,0,0,0,0,0,0,0,0,0,0
Hungary,liberation.fr,2017-06-01,0,0,0,0,0,0,0,0,0,0,0,0,0,0,1,0,0,0,0,9,0,11,0,0,0,0,1,0,0,0,0,0,0
Hungary,liberation.fr,2017-07-01,0,0,1,0,0,0,0,0,0,0,0,0,0,0,0,0,0,0,0,2,0,3,0,0,0,0,0,0,0,0,0,0,0
Hungary,liberation.fr,2017-08-01,0,0,0,0,0,0,0,0,0,0,0,0,1,0,0,0,0,0,0,0,0,1,0,0,0,0,0,0,0,0,0,0,0
Hungary,liberation.fr,2017-09-01,0,0,0,0,0,0,0,0,0,0,0,0,0,0,0,0,0,0,0,4,0,4,0,0,0,0,0,0,0,0,0,0,0
Hungary,liberation.fr,2017-10-01,0,0,0,0,0,0,0,0,0,0,0,0,0,0,0,0,0,0,0,0,0,0,0,0,0,0,0,0,0,0,0,0,0
Hungary,liberation.fr,2017-11-01,0,0,0,0,0,0,0,0,0,0,0,0,0,0,0,0,0,0,0,1,0,1,0,0,0,0,0,0,0,0,0,0,0
Hungary,liberation.fr,2017-12-01,0,0,0,0,0,0,0,0,0,0,0,0,0,0,0,0,0,0,0,5,0,5,0,0,0,0,0,0,0,0,0,0,0
Hungary,liberation.fr,2018-01-01,0,0,0,0,0,0,0,0,0,0,0,0,0,0,0,0,0,0,0,1,0,1,0,0,0,0,0,0,0,0,0,0,0
Hungary,liberation.fr,2018-02-01,0,0,1,0,0,1,0,0,0,0,0,0,0,0,0,0,1,0,0,7,0,10,0,0,0,0,0,0,0,0,0,0,0
Hungary,liberation.fr,2018-03-01,0,0,0,0,0,0,0,0,0,0,0,0,0,0,0,0,0,0,0,1,0,1,0,0,0,0,0,0,0,0,0,0,0
Hungary,liberation.fr,2018-04-01,0,0,0,0,0,5,1,0,0,0,0,0,0,0,0,0,0,0,0,9,0,15,0,0,0,0,0,0,0,0,0,0,0
Hungary,liberation.fr,2018-05-01,0,0,0,0,0,0,0,0,0,0,0,0,0,0,0,0,2,0,0,5,0,7,0,0,0,0,0,0,0,0,0,0,0
Hungary,liberation.fr,2018-06-01,0,0,0,0,1,0,0,0,0,0,0,0,0,0,2,0,0,0,0,16,0,19,0,0,0,0,0,0,0,0,0,0,0
Hungary,liberation.fr,2018-07-01,0,0,0,0,0,0,0,0,0,0,0,0,0,0,0,0,0,0,0,3,0,3,0,0,0,0,0,0,0,0,0,0,0
Hungary,liberation.fr,2018-08-01,0,0,0,0,0,0,0,0,0,1,0,0,0,0,0,0,0,0,0,14,0,15,0,0,0,0,0,0,0,0,0,0,0
Hungary,liberation.fr,2018-09-01,0,0,2,0,0,1,0,0,0,0,0,0,0,0,1,0,0,0,0,14,0,18,0,0,0,0,0,0,0,0,0,0,0
Hungary,liberation.fr,2018-10-01,0,0,0,0,0,0,0,0,0,0,0,0,0,0,0,0,0,0,0,10,0,10,0,0,0,0,0,0,0,0,0,0,0
Hungary,liberation.fr,2018-11-01,0,0,0,0,0,0,0,0,0,0,0,0,0,1,0,0,0,0,0,2,0,3,0,0,0,0,0,0,0,0,0,0,0
Hungary,liberation.fr,2018-12-01,0,3,0,0,0,0,0,0,0,1,0,0,0,0,1,0,1,0,0,5,0,11,0,0,0,0,0,0,0,0,0,0,0
Hungary,liberation.fr,2019-01-01,0,1,1,0,0,0,0,0,0,0,0,0,0,0,0,0,0,0,0,9,0,11,0,0,0,0,0,0,0,0,0,0,0
Hungary,liberation.fr,2019-02-01,0,0,0,0,0,1,0,0,0,0,0,0,0,0,0,0,0,0,0,6,0,7,0,0,0,0,0,0,0,0,0,0,0
Hungary,liberation.fr,2019-03-01,0,0,1,0,0,0,0,0,0,0,0,0,0,1,0,0,0,0,0,9,0,11,0,0,0,0,1,0,0,0,0,0,0
Hungary,liberation.fr,2019-04-01,0,0,0,0,0,0,0,0,0,0,0,0,0,0,0,0,0,0,0,13,0,13,0,0,0,0,0,0,0,0,0,0,0
Hungary,liberation.fr,2019-05-01,0,0,2,6,0,4,0,0,0,0,0,0,0,2,0,0,2,0,0,44,0,58,0,0,0,0,0,0,0,0,0,0,0
Hungary,liberation.fr,2019-06-01,0,0,1,4,0,0,0,0,0,0,1,0,0,1,0,0,0,0,0,9,0,15,0,0,0,0,0,0,0,0,0,0,0
Hungary,liberation.fr,2019-07-01,0,0,0,0,0,0,0,0,0,0,0,0,0,0,1,0,0,0,0,28,0,29,0,0,0,0,0,0,0,0,0,0,0
Hungary,liberation.fr,2019-08-01,0,0,0,0,0,0,0,0,0,0,0,0,0,0,0,0,0,0,0,19,0,19,0,0,0,0,0,0,0,0,0,0,0
Hungary,liberation.fr,2019-09-01,0,1,0,0,0,0,0,0,0,0,0,0,0,0,0,0,0,0,0,11,0,14,0,0,2,0,2,0,0,0,0,0,0
Hungary,liberation.fr,2019-10-01,0,0,0,0,0,1,0,0,0,1,0,0,0,0,0,0,0,0,0,17,0,19,0,0,0,0,0,0,0,0,0,0,0
Hungary,liberation.fr,2019-11-01,0,0,0,0,0,0,0,0,0,0,0,0,0,0,0,0,0,0,0,6,0,6,0,0,0,0,0,0,0,0,0,0,0
Hungary,liberation.fr,2019-12-01,0,0,1,0,0,0,0,0,0,0,0,0,0,1,0,0,0,0,0,3,0,5,0,0,1,0,1,0,0,0,0,0,0
Hungary,liberation.fr,2020-01-01,0,0,0,0,0,0,0,0,0,0,0,0,0,0,0,0,0,0,0,9,0,9,0,0,0,0,0,0,0,0,0,0,0
Hungary,liberation.fr,2020-02-01,0,0,0,0,0,0,0,0,0,0,0,0,0,0,0,0,0,0,0,2,0,3,0,0,1,0,1,0,0,0,0,0,0
Hungary,liberation.fr,2020-03-01,0,0,0,1,0,0,0,0,1,0,0,0,0,0,0,0,0,0,0,4,0,7,0,0,0,0,1,0,0,0,0,0,0
Hungary,liberation.fr,2020-04-01,0,0,0,0,0,0,0,0,1,0,0,0,0,0,1,0,0,0,0,6,0,8,0,0,0,0,0,0,0,0,0,0,0
Hungary,liberation.fr,2020-05-01,0,0,0,0,0,0,0,0,1,0,0,0,0,0,0,0,0,0,0,2,0,3,0,0,0,0,0,0,0,0,0,0,0
Hungary,liberation.fr,2020-06-01,0,0,0,0,0,0,0,0,0,0,0,0,0,0,1,0,0,0,0,3,0,5,0,0,0,0,0,1,0,0,0,0,0
Hungary,liberation.fr,2020-07-01,0,0,1,0,0,0,0,0,0,0,0,0,0,0,0,0,0,0,0,6,0,7,0,0,0,0,0,0,0,0,0,0,0
Hungary,liberation.fr,2020-08-01,0,0,1,0,0,0,0,0,1,0,0,0,0,1,0,0,0,0,0,1,0,3,0,0,0,0,0,0,0,0,0,0,0
Hungary,liberation.fr,2020-09-01,0,0,0,0,0,0,0,0,0,0,0,0,0,0,0,0,0,0,0,7,0,7,0,0,0,0,0,0,0,0,0,0,0
Hungary,liberation.fr,2020-10-01,0,0,0,0,0,0,0,0,0,0,0,0,0,0,0,0,0,0,0,3,0,3,0,0,0,0,0,0,0,0,0,0,0
Hungary,liberation.fr,2020-11-01,0,0,0,0,0,0,0,0,0,0,0,0,0,0,1,0,0,0,0,6,0,7,0,0,0,0,0,0,0,0,0,0,0
Hungary,liberation.fr,2020-12-01,1,0,2,0,0,0,0,0,0,0,0,0,0,0,0,0,0,0,0,9,0,12,0,0,0,0,0,0,0,0,0,0,0
Hungary,liberation.fr,2021-01-01,0,0,0,0,0,0,0,0,0,0,0,0,0,0,0,0,0,0,0,5,0,5,0,0,0,0,0,0,0,0,0,0,0
Hungary,liberation.fr,2021-02-01,0,0,0,0,0,0,0,0,0,0,0,0,0,0,0,0,0,0,0,1,0,1,0,0,0,0,0,0,0,0,0,0,0
Hungary,liberation.fr,2021-03-01,0,0,0,0,2,0,0,0,0,0,0,0,0,0,0,0,0,0,0,5,0,7,0,0,0,0,0,0,0,0,0,0,0
Hungary,liberation.fr,2021-04-01,0,0,0,0,0,0,0,0,0,0,0,0,0,0,0,0,0,0,0,0,0,1,0,0,0,0,0,1,0,0,0,0,0
Hungary,liberation.fr,2021-05-01,0,0,0,0,0,0,0,0,0,0,0,1,0,0,0,0,0,0,0,0,0,1,0,0,0,0,0,0,0,0,0,0,0
Hungary,liberation.fr,2021-06-01,0,0,0,0,0,0,0,0,0,0,0,0,0,0,0,0,0,0,0,4,0,6,0,0,0,0,0,2,0,0,0,0,0
Hungary,liberation.fr,2021-07-01,0,0,1,0,0,0,0,0,0,0,0,0,0,0,3,0,0,0,1,3,0,8,0,0,0,0,0,0,0,0,0,0,0
Hungary,liberation.fr,2021-08-01,0,0,0,0,0,0,0,0,0,0,0,0,0,0,0,0,0,0,0,0,0,0,0,0,0,0,0,0,0,0,0,0,0
Hungary,liberation.fr,2021-09-01,0,0,0,0,0,1,0,0,0,0,0,0,0,0,0,0,0,0,0,1,0,2,0,0,0,0,0,0,0,0,0,0,0
Hungary,liberation.fr,2021-10-01,0,0,0,0,0,1,0,0,0,0,0,0,0,0,0,0,0,0,0,0,0,1,0,0,0,0,0,0,0,0,0,0,0
Hungary,liberation.fr,2021-11-01,0,0,0,0,0,0,0,0,0,0,0,0,0,0,0,0,0,0,0,1,0,1,0,0,0,0,0,0,0,0,0,0,0
Hungary,liberation.fr,2021-12-01,0,0,0,0,0,0,0,0,0,0,0,0,0,0,0,0,0,0,0,2,0,2,0,0,0,0,0,0,0,0,0,0,0
Hungary,liberation.fr,2022-01-01,0,0,0,0,0,1,0,0,0,0,0,0,0,0,0,0,0,0,0,0,0,1,0,0,0,0,0,0,0,0,0,0,0
Hungary,liberation.fr,2022-02-01,0,0,1,0,0,0,0,0,0,0,0,0,0,0,0,0,0,0,0,1,0,2,0,0,0,0,0,0,0,0,0,0,0
Hungary,liberation.fr,2022-03-01,0,0,0,0,0,0,0,0,0,0,0,0,0,0,0,0,0,0,0,3,0,3,0,0,0,0,0,0,0,0,0,0,0
Hungary,liberation.fr,2022-04-01,0,0,0,0,0,2,0,0,0,0,0,0,0,0,0,0,0,0,0,2,0,4,0,0,0,0,0,0,0,0,0,0,0
Hungary,liberation.fr,2022-05-01,0,0,0,0,0,0,0,0,0,1,0,0,0,0,1,0,0,0,0,1,0,3,0,0,0,0,0,0,0,0,0,0,0
Hungary,liberation.fr,2022-06-01,0,0,0,0,0,0,0,0,0,0,0,0,0,0,0,0,0,0,0,1,0,1,0,0,0,0,0,0,0,0,0,0,0
Hungary,liberation.fr,2022-07-01,0,0,0,0,0,0,0,0,0,0,0,0,0,0,0,0,0,0,0,3,0,3,0,0,0,0,0,0,0,0,0,0,0
Hungary,liberation.fr,2022-08-01,0,0,0,1,0,0,0,0,0,0,0,0,0,0,0,0,0,0,0,0,0,1,0,0,0,0,0,0,0,0,0,0,0
Hungary,liberation.fr,2022-09-01,0,0,0,0,0,0,0,0,0,0,0,0,0,0,0,0,0,0,0,3,0,3,0,0,0,0,0,0,0,0,0,0,0
Hungary,liberation.fr,2022-10-01,0,0,0,0,0,0,0,0,0,0,0,0,0,0,0,0,0,0,0,3,0,3,0,0,0,0,0,0,0,0,0,0,0
Hungary,liberation.fr,2022-11-01,0,0,0,0,0,0,0,0,0,0,0,0,0,0,0,0,0,0,0,2,0,2,0,0,0,0,0,0,0,0,0,0,0
Hungary,liberation.fr,2022-12-01,0,0,0,0,0,0,0,0,0,0,0,0,0,0,0,0,0,0,0,3,0,3,0,0,0,0,0,0,0,0,0,0,0
Hungary,liberation.fr,2023-01-01,0,0,0,0,0,0,0,0,0,0,0,0,0,0,0,0,0,0,0,3,0,3,0,0,0,0,0,0,0,0,0,0,0
Hungary,liberation.fr,2023-02-01,0,0,0,0,0,0,0,0,0,0,0,0,0,0,0,0,0,0,0,1,0,1,0,0,0,0,0,0,0,0,0,0,0
Hungary,liberation.fr,2023-03-01,0,0,0,0,0,0,0,0,0,0,0,0,0,0,0,0,0,0,0,2,0,2,0,0,0,0,0,0,0,0,0,0,0
Hungary,liberation.fr,2023-04-01,0,0,0,0,0,0,0,0,0,0,0,0,0,0,0,0,0,0,0,0,0,1,0,0,0,0,0,1,0,0,0,0,0
Hungary,liberation.fr,2023-05-01,0,0,0,0,0,0,0,0,0,0,0,0,0,0,0,0,0,0,0,0,0,0,0,0,0,0,0,0,0,0,0,0,0
Hungary,liberation.fr,2023-06-01,0,0,0,0,0,0,0,0,0,0,0,0,0,0,0,0,0,0,0,2,0,2,0,0,0,0,0,0,0,0,0,0,0
Hungary,liberation.fr,2023-07-01,0,0,0,0,0,0,0,0,0,0,0,0,0,0,0,0,0,0,0,1,0,1,0,0,0,0,0,0,0,0,0,0,0
Hungary,liberation.fr,2023-08-01,0,0,0,0,0,0,0,0,0,0,0,0,0,0,0,0,0,0,0,0,0,0,0,0,0,0,0,0,0,0,0,0,0
Hungary,liberation.fr,2023-09-01,0,0,0,0,0,1,0,0,0,0,0,0,0,0,0,0,0,0,0,0,0,1,0,0,0,0,0,0,0,0,0,0,0
Hungary,liberation.fr,2023-10-01,0,0,0,0,0,0,0,0,0,0,0,0,0,0,0,0,0,0,0,2,0,2,0,0,0,0,0,0,0,0,0,0,0
Hungary,liberation.fr,2023-11-01,0,0,0,0,0,1,0,0,0,0,0,0,0,0,0,0,0,0,0,0,0,1,0,0,0,0,0,0,0,0,0,0,0
Hungary,liberation.fr,2023-12-01,0,0,0,0,0,0,0,0,0,0,0,0,0,0,1,0,0,0,0,2,0,3,0,0,0,0,0,0,0,0,0,0,0
Hungary,liberation.fr,2024-01-01,0,0,0,0,0,0,0,0,0,0,0,0,0,0,0,0,0,0,0,3,0,3,0,0,0,0,0,0,0,0,0,0,0
Hungary,liberation.fr,2024-02-01,0,0,1,0,0,0,0,0,0,0,0,0,0,0,0,0,2,0,0,5,0,8,0,0,0,0,0,0,0,0,0,0,0
Hungary,liberation.fr,2024-03-01,0,0,0,0,0,0,0,0,0,0,0,0,0,0,0,0,0,0,0,1,0,1,0,0,0,0,0,0,0,0,0,0,0
Hungary,liberation.fr,2024-04-01,0,1,0,0,0,0,0,0,0,0,0,0,0,0,0,0,0,0,0,0,0,1,0,0,0,0,0,0,0,0,0,0,0
Hungary,liberation.fr,2024-05-01,0,0,0,0,0,0,0,0,0,0,0,0,0,0,0,0,0,0,0,0,0,0,0,0,0,0,0,0,0,0,0,0,0
Hungary,liberation.fr,2024-06-01,0,0,0,0,0,0,0,0,0,1,0,0,0,0,0,0,0,0,0,1,0,2,0,0,0,0,0,0,0,0,0,0,0
Hungary,liberation.fr,2024-07-01,0,0,0,0,0,1,0,0,0,0,0,0,0,0,0,0,0,0,0,5,0,6,0,0,0,0,0,0,0,0,0,0,0
Hungary,liberation.fr,2024-08-01,0,0,0,0,0,0,0,0,0,0,0,0,0,0,1,0,0,0,0,2,0,3,0,0,0,0,0,0,0,0,0,0,0
Hungary,liberation.fr,2024-09-01,0,0,0,0,0,0,0,0,0,0,0,0,0,0,0,0,0,0,0,1,0,1,0,0,0,0,0,0,0,0,0,0,0
Hungary,liberation.fr,2024-10-01,0,0,1,0,0,0,0,0,0,0,0,0,0,0,0,0,0,0,0,0,0,1,0,0,0,0,0,0,0,0,0,0,0
Hungary,liberation.fr,2024-11-01,0,0,0,0,0,1,0,0,0,0,0,0,0,0,0,0,0,0,0,2,0,3,0,0,0,0,0,0,0,0,0,0,0
Hungary,liberation.fr,2024-12-01,0,0,0,0,0,0,0,0,0,0,0,0,0,0,0,0,0,0,0,2,0,2,0,0,0,0,0,0,0,0,0,0,0
Hungary,liberation.fr,2025-01-01,0,0,0,0,0,0,0,0,0,1,0,0,0,0,0,0,0,0,0,0,0,1,0,0,0,0,0,0,0,0,0,0,0
Hungary,liberation.fr,2025-02-01,0,0,0,0,0,0,0,0,0,0,0,0,0,0,0,0,0,0,0,0,0,0,0,0,0,0,0,0,0,0,0,0,0
Hungary,liberation.fr,2025-03-01,0,0,0,0,0,0,0,0,0,0,0,0,0,0,0,0,0,0,0,0,0,0,0,0,0,0,0,0,0,0,0,0,0
Hungary,liberation.fr,2025-04-01,0,0,0,0,0,0,0,0,0,0,0,0,0,0,0,0,0,0,0,0,0,0,0,0,0,0,0,0,0,0,0,0,0
Hungary,liberation.fr,2025-05-01,0,0,0,0,0,0,0,0,0,0,0,0,0,0,0,0,0,0,0,0,0,0,0,0,0,0,0,0,0,0,0,0,0
Hungary,liberation.fr,2025-06-01,0,0,0,0,0,0,0,0,0,0,0,0,0,0,0,0,0,0,0,0,0,0,0,0,0,0,0,0,0,0,0,0,0
Hungary,neweasterneurope.eu,2012-01-01,0,0,0,0,0,0,0,0,0,0,0,0,0,0,0,0,0,0,0,0,0,0,0,0,0,0,0,0,0,0,0,0,0
Hungary,neweasterneurope.eu,2012-02-01,0,0,0,0,0,0,0,0,0,0,0,0,0,0,0,0,0,0,0,0,0,0,0,0,0,0,0,0,0,0,0,0,0
Hungary,neweasterneurope.eu,2012-03-01,0,0,0,0,0,0,0,0,0,0,0,0,0,0,0,0,0,0,0,2,0,2,0,0,0,0,0,0,0,0,0,0,0
Hungary,neweasterneurope.eu,2012-04-01,0,0,0,0,0,0,0,0,0,0,0,0,0,0,0,0,0,0,0,1,0,1,0,0,0,0,0,0,0,0,0,0,0
Hungary,neweasterneurope.eu,2012-05-01,0,0,0,0,0,0,0,0,0,0,0,0,0,0,0,0,0,0,0,0,0,0,0,0,0,0,0,0,0,0,0,0,0
Hungary,neweasterneurope.eu,2012-06-01,0,0,0,0,0,0,0,0,0,0,0,0,0,0,0,0,0,0,0,0,0,0,0,0,0,0,0,0,0,0,0,0,0
Hungary,neweasterneurope.eu,2012-07-01,0,0,0,0,0,0,0,0,0,0,0,0,0,0,0,0,0,0,0,0,0,0,0,0,0,0,0,0,0,0,0,0,0
Hungary,neweasterneurope.eu,2012-08-01,0,0,0,0,0,0,0,0,0,0,0,0,0,0,0,0,0,0,0,0,0,0,0,0,0,0,0,0,0,0,0,0,0
Hungary,neweasterneurope.eu,2012-09-01,0,0,0,0,0,0,0,0,0,0,0,0,0,0,0,0,0,0,0,0,0,0,0,0,0,0,0,0,0,0,0,0,0
Hungary,neweasterneurope.eu,2012-10-01,0,0,0,0,0,0,0,0,0,0,0,0,0,0,0,0,0,0,0,1,0,1,0,0,0,0,0,0,0,0,0,0,0
Hungary,neweasterneurope.eu,2012-11-01,0,0,0,0,0,0,0,0,0,0,0,0,0,0,0,0,0,0,0,1,0,1,0,0,0,0,0,0,0,0,0,0,0
Hungary,neweasterneurope.eu,2012-12-01,0,0,0,0,0,0,0,0,0,0,0,0,0,0,0,0,0,0,0,1,0,1,0,0,0,0,0,0,0,0,0,0,0
Hungary,neweasterneurope.eu,2013-01-01,0,0,0,0,0,0,0,0,0,0,0,0,0,0,0,0,0,0,0,0,0,0,0,0,0,0,0,0,0,0,0,0,0
Hungary,neweasterneurope.eu,2013-02-01,0,0,0,0,0,0,0,0,0,0,0,0,0,0,0,0,0,0,0,2,0,2,0,0,0,0,0,0,0,0,0,0,0
Hungary,neweasterneurope.eu,2013-03-01,0,0,0,0,0,0,0,0,0,0,0,0,0,0,0,0,0,0,0,1,0,1,0,0,0,0,0,0,0,0,0,0,0
Hungary,neweasterneurope.eu,2013-04-01,0,0,0,0,0,0,0,0,0,0,0,0,0,0,0,0,0,0,0,1,0,1,0,0,0,0,0,0,0,0,0,0,0
Hungary,neweasterneurope.eu,2013-05-01,0,0,0,0,0,0,0,0,0,0,0,0,0,0,0,0,0,0,0,0,0,0,0,0,0,0,0,0,0,0,0,0,0
Hungary,neweasterneurope.eu,2013-06-01,0,0,0,0,0,0,0,0,0,0,0,0,0,0,0,0,0,0,0,0,0,0,0,0,0,0,0,0,0,0,0,0,0
Hungary,neweasterneurope.eu,2013-07-01,0,0,0,0,0,0,0,0,0,0,0,0,0,0,0,0,0,0,0,0,0,0,0,0,0,0,0,0,0,0,0,0,0
Hungary,neweasterneurope.eu,2013-08-01,0,0,0,0,0,0,0,0,0,0,0,0,0,0,0,0,0,0,0,1,0,1,0,0,0,0,0,0,0,0,0,0,0
Hungary,neweasterneurope.eu,2013-09-01,0,0,0,0,0,0,0,0,0,0,0,0,0,0,0,0,0,0,0,2,0,3,0,1,0,0,0,0,0,0,0,0,0
Hungary,neweasterneurope.eu,2013-10-01,0,0,0,0,0,0,0,0,0,0,0,0,0,0,0,0,0,0,0,0,0,0,0,0,0,0,0,0,0,0,0,0,0
Hungary,neweasterneurope.eu,2013-11-01,0,0,0,0,0,0,0,0,0,0,0,0,0,0,0,0,0,0,0,3,0,3,0,0,0,0,0,0,0,0,0,0,0
Hungary,neweasterneurope.eu,2013-12-01,0,0,0,0,0,0,0,0,0,0,0,0,0,0,0,0,0,0,0,1,0,1,0,0,0,0,0,0,0,0,0,0,0
Hungary,neweasterneurope.eu,2014-01-01,0,0,0,0,0,0,0,0,0,0,0,0,0,0,0,0,0,0,0,1,0,1,0,0,0,0,0,0,0,0,0,0,0
Hungary,neweasterneurope.eu,2014-02-01,0,0,0,0,0,0,0,0,0,0,0,0,0,0,0,0,0,0,0,0,0,0,0,0,0,0,0,0,0,0,0,0,0
Hungary,neweasterneurope.eu,2014-03-01,0,0,0,0,0,0,0,0,0,0,0,0,0,0,0,0,0,0,0,1,0,1,0,0,0,0,0,0,0,0,0,0,0
Hungary,neweasterneurope.eu,2014-04-01,0,0,0,0,0,0,0,0,0,0,0,0,0,0,0,0,0,0,0,6,0,6,0,0,0,0,0,0,0,0,0,0,0
Hungary,neweasterneurope.eu,2014-05-01,0,0,0,0,0,0,0,0,0,0,0,0,0,0,0,0,0,0,0,0,0,0,0,0,0,0,0,0,0,0,0,0,0
Hungary,neweasterneurope.eu,2014-06-01,0,0,0,0,0,0,0,0,0,0,0,0,0,0,0,0,0,0,0,0,0,0,0,0,0,0,0,0,0,0,0,0,0
Hungary,neweasterneurope.eu,2014-07-01,0,0,0,0,0,0,0,0,0,0,0,0,0,0,0,0,0,0,0,0,0,0,0,0,0,0,0,0,0,0,0,0,0
Hungary,neweasterneurope.eu,2014-08-01,0,0,0,0,0,0,0,0,0,0,0,0,0,0,0,0,0,0,0,0,0,0,0,0,0,0,0,0,0,0,0,0,0
Hungary,neweasterneurope.eu,2014-09-01,0,0,0,0,0,0,0,0,0,0,0,0,0,0,0,0,0,0,0,0,0,0,0,0,0,0,0,0,0,0,0,0,0
Hungary,neweasterneurope.eu,2014-10-01,0,0,0,0,0,0,0,0,0,0,0,0,0,0,0,0,0,0,0,0,0,0,0,0,0,0,0,0,0,0,0,0,0
Hungary,neweasterneurope.eu,2014-11-01,0,0,0,0,0,0,0,0,0,0,0,0,0,0,0,0,0,0,0,0,0,0,0,0,0,0,0,0,0,0,0,0,0
Hungary,neweasterneurope.eu,2014-12-01,0,0,0,0,0,0,0,0,0,0,0,0,0,0,0,0,0,0,0,0,0,0,0,0,0,0,0,0,0,0,0,0,0
Hungary,neweasterneurope.eu,2015-01-01,0,0,0,0,0,0,0,0,0,0,0,0,0,0,0,0,0,0,0,0,0,0,0,0,0,0,0,0,0,0,0,0,0
Hungary,neweasterneurope.eu,2015-02-01,0,0,0,0,0,0,0,0,0,0,0,0,0,0,0,0,0,0,0,0,0,0,0,0,0,0,0,0,0,0,0,0,0
Hungary,neweasterneurope.eu,2015-03-01,0,0,0,0,0,0,0,0,0,0,0,0,0,0,0,0,0,0,0,0,0,0,0,0,0,0,0,0,0,0,0,0,0
Hungary,neweasterneurope.eu,2015-04-01,0,0,0,0,0,0,0,0,0,0,0,0,0,0,0,0,0,0,0,0,0,0,0,0,0,0,0,0,0,0,0,0,0
Hungary,neweasterneurope.eu,2015-05-01,0,0,0,0,0,0,0,0,0,0,0,0,0,0,0,0,0,0,0,0,0,0,0,0,0,0,0,0,0,0,0,0,0
Hungary,neweasterneurope.eu,2015-06-01,0,0,0,0,0,0,0,0,0,0,0,0,0,0,0,0,0,0,0,0,0,0,0,0,0,0,0,0,0,0,0,0,0
Hungary,neweasterneurope.eu,2015-07-01,0,0,0,0,0,0,0,0,0,0,0,0,0,0,0,0,0,0,0,0,0,0,0,0,0,0,0,0,0,0,0,0,0
Hungary,neweasterneurope.eu,2015-08-01,0,0,0,0,0,0,0,0,0,0,0,0,0,0,0,0,0,0,0,0,0,0,0,0,0,0,0,0,0,0,0,0,0
Hungary,neweasterneurope.eu,2015-09-01,0,0,0,0,0,0,0,0,0,0,0,0,0,0,0,0,0,0,0,1,0,1,0,0,0,0,0,0,0,0,0,0,0
Hungary,neweasterneurope.eu,2015-10-01,0,0,0,0,0,0,0,0,0,0,0,0,0,0,0,0,0,0,0,0,0,0,0,0,0,0,0,0,0,0,0,0,0
Hungary,neweasterneurope.eu,2015-11-01,0,0,0,0,0,0,0,0,0,0,0,0,0,0,0,0,0,0,0,1,0,1,0,0,0,0,0,0,0,0,0,0,0
Hungary,neweasterneurope.eu,2015-12-01,0,0,0,0,0,0,0,0,0,0,0,0,0,0,0,0,0,0,0,0,0,0,0,0,0,0,0,0,0,0,0,0,0
Hungary,neweasterneurope.eu,2016-01-01,0,0,0,0,0,0,0,0,0,0,0,0,0,0,0,0,0,0,0,0,0,0,0,0,0,0,0,0,0,0,0,0,0
Hungary,neweasterneurope.eu,2016-02-01,0,0,0,0,0,0,0,0,0,0,0,0,0,0,0,0,0,0,0,0,0,0,0,0,0,0,0,0,0,0,0,0,0
Hungary,neweasterneurope.eu,2016-03-01,0,0,0,0,0,0,0,0,0,0,0,0,0,0,0,0,0,0,0,0,0,0,0,0,0,0,0,0,0,0,0,0,0
Hungary,neweasterneurope.eu,2016-04-01,0,0,0,0,0,0,0,0,0,0,0,0,0,0,0,0,0,0,0,2,0,2,0,0,0,0,0,0,0,0,0,0,0
Hungary,neweasterneurope.eu,2016-05-01,0,0,0,0,0,0,0,0,0,0,0,0,0,0,0,0,0,0,0,1,0,1,0,0,0,0,0,0,0,0,0,0,0
Hungary,neweasterneurope.eu,2016-06-01,0,0,0,0,0,0,0,0,0,0,0,0,0,0,0,0,0,0,0,1,0,1,0,0,0,0,0,0,0,0,0,0,0
Hungary,neweasterneurope.eu,2016-07-01,0,0,0,0,0,0,0,0,0,0,0,0,0,0,0,0,0,0,0,0,0,0,0,0,0,0,0,0,0,0,0,0,0
Hungary,neweasterneurope.eu,2016-08-01,0,0,0,0,0,0,0,0,0,0,0,0,0,0,0,0,0,0,0,1,0,1,0,0,0,0,0,0,0,0,0,0,0
Hungary,neweasterneurope.eu,2016-09-01,0,0,0,0,0,0,0,0,0,0,0,0,0,0,0,0,0,0,0,1,0,1,0,0,0,0,0,0,0,0,0,0,0
Hungary,neweasterneurope.eu,2016-10-01,0,0,0,0,0,0,0,0,0,0,0,0,0,0,0,0,0,0,0,0,0,0,0,0,0,0,0,0,0,0,0,0,0
Hungary,neweasterneurope.eu,2016-11-01,0,0,0,0,0,0,0,0,0,0,0,0,0,0,0,0,0,0,0,0,0,0,0,0,0,0,0,0,0,0,0,0,0
Hungary,neweasterneurope.eu,2016-12-01,0,0,0,0,0,0,0,0,0,0,0,0,0,0,0,0,0,0,0,0,0,0,0,0,0,0,0,0,0,0,0,0,0
Hungary,neweasterneurope.eu,2017-01-01,0,0,0,0,0,0,0,0,0,0,0,0,0,0,0,0,0,0,0,0,0,0,0,0,0,0,0,0,0,0,0,0,0
Hungary,neweasterneurope.eu,2017-02-01,0,0,0,0,0,0,0,0,0,0,0,0,0,0,0,0,0,0,0,0,0,0,0,0,0,0,0,0,0,0,0,0,0
Hungary,neweasterneurope.eu,2017-03-01,0,0,0,0,0,0,0,0,0,0,0,0,0,0,0,0,0,0,0,2,0,2,0,0,0,0,0,0,0,0,0,0,0
Hungary,neweasterneurope.eu,2017-04-01,0,0,0,0,0,0,0,0,0,0,0,0,0,0,0,0,0,0,0,1,0,1,0,0,0,0,0,0,0,0,0,0,0
Hungary,neweasterneurope.eu,2017-05-01,0,0,0,0,0,0,0,0,0,0,0,0,0,0,0,0,0,0,0,1,0,1,0,0,0,0,0,0,0,0,0,0,0
Hungary,neweasterneurope.eu,2017-06-01,0,0,0,0,0,0,0,0,0,0,0,0,0,0,0,0,0,0,0,0,0,0,0,0,0,0,0,0,0,0,0,0,0
Hungary,neweasterneurope.eu,2017-07-01,0,0,0,0,0,0,0,0,0,0,0,0,0,0,0,0,0,0,0,3,0,3,0,0,0,0,0,0,0,0,0,0,0
Hungary,neweasterneurope.eu,2017-08-01,0,0,0,0,0,0,0,0,0,0,0,0,0,0,0,0,0,0,0,0,0,0,0,0,0,0,0,0,0,0,0,0,0
Hungary,neweasterneurope.eu,2017-09-01,0,0,0,0,0,0,0,0,0,0,0,0,0,0,0,0,0,0,0,1,0,1,0,0,0,0,0,0,0,0,0,0,0
Hungary,neweasterneurope.eu,2017-10-01,0,0,0,0,0,0,0,0,0,0,0,0,0,0,0,0,0,0,0,3,0,3,0,0,0,0,0,0,0,0,0,0,0
Hungary,neweasterneurope.eu,2017-11-01,0,0,0,0,0,0,0,0,0,0,0,0,0,0,0,0,0,0,0,0,0,0,0,0,0,0,0,0,0,0,0,0,0
Hungary,neweasterneurope.eu,2017-12-01,0,0,0,0,0,0,0,0,0,0,0,0,0,0,0,0,0,0,0,1,0,1,0,0,0,0,0,0,0,0,0,0,0
Hungary,neweasterneurope.eu,2018-01-01,0,0,0,0,0,0,0,0,0,0,0,0,0,0,0,0,0,0,0,1,0,1,0,0,0,0,0,0,0,0,0,0,0
Hungary,neweasterneurope.eu,2018-02-01,0,0,0,0,0,0,0,0,0,0,0,0,0,0,0,0,0,0,0,0,0,0,0,0,0,0,0,0,0,0,0,0,0
Hungary,neweasterneurope.eu,2018-03-01,0,0,0,0,0,0,0,0,0,0,0,0,0,0,0,0,0,0,0,3,0,3,0,0,0,0,0,0,0,0,0,0,0
Hungary,neweasterneurope.eu,2018-04-01,0,0,0,0,0,3,0,0,0,0,0,0,0,0,0,0,0,0,0,0,0,3,0,0,0,0,0,0,0,0,0,0,0
Hungary,neweasterneurope.eu,2018-05-01,0,0,0,0,0,0,0,0,0,0,0,0,0,0,0,0,0,0,0,0,0,0,0,0,0,0,0,0,0,0,0,0,0
Hungary,neweasterneurope.eu,2018-06-01,0,0,0,0,0,0,0,0,0,0,0,0,0,0,0,0,0,0,0,1,0,1,0,0,0,0,0,0,0,0,0,0,0
Hungary,neweasterneurope.eu,2018-07-01,0,0,0,0,0,0,0,0,0,0,0,0,0,0,0,0,0,0,0,1,0,1,0,0,0,0,0,0,0,0,0,0,0
Hungary,neweasterneurope.eu,2018-08-01,0,0,0,0,0,0,0,0,0,0,0,0,0,0,0,0,0,0,0,1,0,1,0,0,0,0,0,0,0,0,0,0,0
Hungary,neweasterneurope.eu,2018-09-01,0,0,0,0,0,1,0,0,0,0,0,0,0,0,0,0,0,0,0,2,0,3,0,0,0,0,0,0,0,0,0,0,0
Hungary,neweasterneurope.eu,2018-10-01,0,0,0,0,0,0,0,0,0,0,0,0,0,0,0,0,0,0,0,0,0,0,0,0,0,0,0,0,0,0,0,0,0
Hungary,neweasterneurope.eu,2018-11-01,0,0,0,0,0,0,0,1,0,0,0,0,0,0,0,0,0,0,0,1,0,2,0,0,0,0,0,0,0,0,0,0,0
Hungary,neweasterneurope.eu,2018-12-01,0,0,0,0,0,0,0,0,0,0,0,0,0,0,0,0,0,0,0,0,0,0,0,0,0,0,0,0,0,0,0,0,0
Hungary,neweasterneurope.eu,2019-01-01,0,0,0,0,0,0,0,0,0,0,0,0,0,0,0,0,0,0,0,2,0,2,0,0,0,0,0,0,0,0,0,0,0
Hungary,neweasterneurope.eu,2019-02-01,0,0,0,0,0,1,0,0,0,0,0,0,0,0,0,0,0,0,0,1,0,2,0,0,0,0,0,0,0,0,0,0,0
Hungary,neweasterneurope.eu,2019-03-01,0,0,0,0,0,0,0,0,0,0,0,0,0,0,0,0,0,0,0,1,0,1,0,0,0,0,0,0,0,0,0,0,0
Hungary,neweasterneurope.eu,2019-04-01,0,0,0,0,0,0,0,0,0,0,0,0,0,0,0,0,0,0,0,0,0,0,0,0,0,0,0,0,0,0,0,0,0
Hungary,neweasterneurope.eu,2019-05-01,0,0,0,0,0,1,0,0,0,0,0,0,0,0,0,0,0,0,0,2,0,3,0,0,0,0,0,0,0,0,0,0,0
Hungary,neweasterneurope.eu,2019-06-01,0,0,0,0,0,0,0,0,0,0,0,0,0,0,0,0,0,0,0,0,0,0,0,0,0,0,0,0,0,0,0,0,0
Hungary,neweasterneurope.eu,2019-07-01,0,0,0,0,0,0,0,0,0,0,0,0,0,0,0,0,0,0,0,0,0,0,0,0,0,0,0,0,0,0,0,0,0
Hungary,neweasterneurope.eu,2019-08-01,0,0,0,0,0,0,0,0,0,0,0,0,0,0,0,0,0,0,0,2,0,2,0,0,0,0,0,0,0,0,0,0,0
Hungary,neweasterneurope.eu,2019-09-01,0,0,0,0,0,0,0,0,0,0,0,0,0,0,0,0,0,0,0,0,0,0,0,0,0,0,0,0,0,0,0,0,0
Hungary,neweasterneurope.eu,2019-10-01,0,0,0,0,0,0,0,0,0,0,0,0,0,0,0,0,0,0,0,1,0,1,0,0,0,0,0,0,0,0,0,0,0
Hungary,neweasterneurope.eu,2019-11-01,0,0,0,0,0,0,0,0,0,0,0,0,0,0,0,0,0,0,0,0,0,0,0,0,0,0,0,0,0,0,0,0,0
Hungary,neweasterneurope.eu,2019-12-01,0,0,0,0,0,0,0,0,0,0,0,0,0,0,0,0,0,0,0,1,0,1,0,0,0,0,0,0,0,0,0,0,0
Hungary,neweasterneurope.eu,2020-01-01,0,0,0,0,0,0,0,0,0,0,0,0,0,0,0,0,0,0,0,2,0,2,0,0,0,0,0,0,0,0,0,0,0
Hungary,neweasterneurope.eu,2020-02-01,0,0,0,0,0,0,0,0,0,0,0,0,0,0,0,0,0,0,0,1,0,1,0,0,0,0,0,0,0,0,0,0,0
Hungary,neweasterneurope.eu,2020-03-01,0,0,0,0,0,0,0,0,0,0,0,0,0,0,0,0,0,0,0,0,0,0,0,0,0,0,0,0,0,0,0,0,0
Hungary,neweasterneurope.eu,2020-04-01,0,0,0,0,0,0,0,0,0,0,0,0,0,0,0,0,0,0,0,0,0,0,0,0,0,0,0,0,0,0,0,0,0
Hungary,neweasterneurope.eu,2020-05-01,0,0,0,0,0,1,0,0,0,0,0,0,0,0,0,0,0,0,0,1,0,2,0,0,0,0,0,0,0,0,0,0,0
Hungary,neweasterneurope.eu,2020-06-01,0,0,0,0,0,0,0,0,0,0,0,0,0,0,0,0,0,0,0,1,0,1,0,0,0,0,0,0,0,0,0,0,0
Hungary,neweasterneurope.eu,2020-07-01,0,0,0,0,0,0,0,0,0,0,0,0,0,0,0,0,0,0,0,1,0,1,0,0,0,0,0,0,0,0,0,0,0
Hungary,neweasterneurope.eu,2020-08-01,0,0,0,0,0,0,0,0,0,0,0,0,0,0,0,0,0,0,0,1,0,1,0,0,0,0,0,0,0,0,0,0,0
Hungary,neweasterneurope.eu,2020-09-01,0,0,0,0,0,0,0,0,0,0,0,0,0,0,0,0,0,0,0,0,0,0,0,0,0,0,0,0,0,0,0,0,0
Hungary,neweasterneurope.eu,2020-10-01,0,0,0,0,0,0,0,0,0,0,0,0,0,0,0,0,0,0,0,2,0,2,0,0,0,0,0,0,0,0,0,0,0
Hungary,neweasterneurope.eu,2020-11-01,0,0,0,0,0,0,0,0,0,0,0,0,0,0,0,0,0,0,0,2,0,2,0,0,0,0,0,0,0,0,0,0,0
Hungary,neweasterneurope.eu,2020-12-01,0,0,0,0,0,0,0,0,0,0,0,0,0,0,0,0,0,0,0,0,0,0,0,0,0,0,0,0,0,0,0,0,0
Hungary,neweasterneurope.eu,2021-01-01,0,0,0,0,0,0,0,0,0,0,0,0,0,0,0,0,0,0,0,0,0,0,0,0,0,0,0,0,0,0,0,0,0
Hungary,neweasterneurope.eu,2021-02-01,0,0,0,0,0,0,0,0,0,0,0,0,0,0,0,0,0,0,0,1,0,1,0,0,0,0,0,0,0,0,0,0,0
Hungary,neweasterneurope.eu,2021-03-01,0,0,0,0,0,0,0,0,0,0,0,0,0,0,0,0,0,0,0,0,0,0,0,0,0,0,0,0,0,0,0,0,0
Hungary,neweasterneurope.eu,2021-04-01,0,0,0,0,0,0,0,0,0,0,0,0,0,0,0,0,0,0,0,0,0,0,0,0,0,0,0,0,0,0,0,0,0
Hungary,neweasterneurope.eu,2021-05-01,0,0,0,0,0,0,0,0,0,0,0,0,0,0,0,0,0,0,0,0,0,0,0,0,0,0,0,0,0,0,0,0,0
Hungary,neweasterneurope.eu,2021-06-01,0,0,0,0,0,0,0,0,0,0,0,0,0,0,0,0,0,0,0,4,0,4,0,0,0,0,0,0,0,0,0,0,0
Hungary,neweasterneurope.eu,2021-07-01,0,0,0,0,0,0,0,0,0,0,0,0,0,0,0,0,0,0,0,2,0,2,0,0,0,0,0,0,0,0,0,0,0
Hungary,neweasterneurope.eu,2021-08-01,0,0,0,0,0,0,0,0,0,0,0,0,0,0,0,0,0,0,0,0,0,0,0,0,0,0,0,0,0,0,0,0,0
Hungary,neweasterneurope.eu,2021-09-01,0,0,0,0,0,0,0,0,0,0,0,0,0,0,0,0,0,0,0,1,0,1,0,0,0,0,0,0,0,0,0,0,0
Hungary,neweasterneurope.eu,2021-10-01,0,0,0,0,0,0,0,0,0,0,0,0,0,0,0,0,0,0,0,1,0,1,0,0,0,0,0,0,0,0,0,0,0
Hungary,neweasterneurope.eu,2021-11-01,0,0,0,0,0,0,0,0,0,0,0,0,0,0,0,0,0,0,0,0,0,0,0,0,0,0,0,0,0,0,0,0,0
Hungary,neweasterneurope.eu,2021-12-01,0,0,0,0,0,0,0,0,0,0,0,0,0,0,0,0,0,0,0,0,0,0,0,0,0,0,0,0,0,0,0,0,0
Hungary,neweasterneurope.eu,2022-01-01,0,0,0,0,0,0,0,0,0,0,0,0,0,0,0,0,0,0,0,1,0,1,0,0,0,0,0,0,0,0,0,0,0
Hungary,neweasterneurope.eu,2022-02-01,0,0,0,0,0,0,0,0,0,0,0,0,0,0,0,0,0,0,0,2,0,2,0,0,0,0,0,0,0,0,0,0,0
Hungary,neweasterneurope.eu,2022-03-01,0,0,0,0,0,1,0,0,0,0,0,0,0,0,0,0,0,0,0,1,0,2,0,0,0,0,0,0,0,0,0,0,0
Hungary,neweasterneurope.eu,2022-04-01,0,0,0,0,0,0,0,0,0,0,0,0,0,0,0,0,0,0,0,2,0,2,0,0,0,0,0,0,0,0,0,0,0
Hungary,neweasterneurope.eu,2022-05-01,0,0,0,0,0,0,0,0,0,0,0,0,0,0,0,0,0,0,0,0,0,0,0,0,0,0,0,0,0,0,0,0,0
Hungary,neweasterneurope.eu,2022-06-01,0,0,0,0,0,0,0,0,0,0,0,0,0,0,0,0,0,0,0,0,0,0,0,0,0,0,0,0,0,0,0,0,0
Hungary,neweasterneurope.eu,2022-07-01,0,0,0,0,0,0,0,0,0,0,0,0,0,0,0,0,0,0,0,1,0,1,0,0,0,0,0,0,0,0,0,0,0
Hungary,neweasterneurope.eu,2022-08-01,0,0,0,0,0,0,0,0,0,0,0,0,0,0,0,0,0,0,0,0,0,0,0,0,0,0,0,0,0,0,0,0,0
Hungary,neweasterneurope.eu,2022-09-01,0,0,0,0,0,0,0,0,0,0,0,0,0,0,0,0,0,0,0,0,0,0,0,0,0,0,0,0,0,0,0,0,0
Hungary,neweasterneurope.eu,2022-10-01,0,0,0,0,0,0,0,0,0,0,0,0,0,0,0,0,0,0,0,1,0,1,0,0,0,0,0,0,0,0,0,0,0
Hungary,neweasterneurope.eu,2022-11-01,0,0,0,0,0,0,0,0,0,0,0,0,0,0,0,0,0,0,0,0,0,0,0,0,0,0,0,0,0,0,0,0,0
Hungary,neweasterneurope.eu,2022-12-01,0,0,0,0,0,0,0,0,0,0,0,0,0,0,0,0,0,0,0,0,0,0,0,0,0,0,0,0,0,0,0,0,0
Hungary,neweasterneurope.eu,2023-01-01,0,0,0,0,0,0,0,0,0,0,0,0,0,0,0,0,0,0,0,0,0,0,0,0,0,0,0,0,0,0,0,0,0
Hungary,neweasterneurope.eu,2023-02-01,0,0,0,0,0,0,0,0,0,0,0,0,0,0,0,0,0,0,0,2,0,2,0,0,0,0,0,0,0,0,0,0,0
Hungary,neweasterneurope.eu,2023-03-01,0,0,0,0,0,0,0,0,0,0,0,0,0,0,0,0,0,0,0,0,0,0,0,0,0,0,0,0,0,0,0,0,0
Hungary,neweasterneurope.eu,2023-04-01,0,0,0,0,0,0,0,0,0,0,0,0,0,0,0,0,0,0,0,1,0,1,0,0,0,0,0,0,0,0,0,0,0
Hungary,neweasterneurope.eu,2023-05-01,0,0,0,0,0,0,0,0,0,0,0,0,0,0,0,0,0,0,0,1,0,1,0,0,0,0,0,0,0,0,0,0,0
Hungary,neweasterneurope.eu,2023-06-01,0,0,0,0,0,0,0,0,0,0,0,0,0,0,0,0,0,0,0,0,0,0,0,0,0,0,0,0,0,0,0,0,0
Hungary,neweasterneurope.eu,2023-07-01,0,0,0,0,0,0,0,0,0,0,0,0,0,0,0,0,0,0,0,1,0,1,0,0,0,0,0,0,0,0,0,0,0
Hungary,neweasterneurope.eu,2023-08-01,0,0,0,0,0,0,0,0,0,0,0,0,0,0,0,0,0,0,0,0,0,0,0,0,0,0,0,0,0,0,0,0,0
Hungary,neweasterneurope.eu,2023-09-01,0,0,0,0,0,0,0,0,0,0,0,0,0,0,0,0,0,0,0,1,0,1,0,0,0,0,0,0,0,0,0,0,0
Hungary,neweasterneurope.eu,2023-10-01,0,0,0,0,0,0,0,0,0,0,0,0,0,0,0,0,0,0,0,1,0,1,0,0,0,0,0,0,0,0,0,0,0
Hungary,neweasterneurope.eu,2023-11-01,0,0,0,0,0,0,0,0,0,0,0,0,0,0,0,0,0,0,0,1,0,1,0,0,0,0,0,0,0,0,0,0,0
Hungary,neweasterneurope.eu,2023-12-01,0,0,0,0,0,0,0,0,0,0,0,0,0,0,0,0,0,0,0,0,0,0,0,0,0,0,0,0,0,0,0,0,0
Hungary,neweasterneurope.eu,2024-01-01,0,0,0,0,0,0,0,0,0,0,0,0,0,0,0,0,0,0,0,1,0,1,0,0,0,0,0,0,0,0,0,0,0
Hungary,neweasterneurope.eu,2024-02-01,0,0,0,0,0,0,0,0,0,0,0,0,0,0,0,0,0,0,0,2,0,2,0,0,0,0,0,0,0,0,0,0,0
Hungary,neweasterneurope.eu,2024-03-01,0,0,0,0,0,0,0,0,0,0,0,0,0,0,0,0,0,0,0,1,0,1,0,0,0,0,0,0,0,0,0,0,0
Hungary,neweasterneurope.eu,2024-04-01,0,0,0,0,0,0,0,0,0,0,0,0,0,0,0,0,0,0,0,2,0,2,0,0,0,0,0,0,0,0,0,0,0
Hungary,neweasterneurope.eu,2024-05-01,0,0,0,0,0,0,0,0,0,0,0,0,0,0,0,0,0,0,0,0,0,0,0,0,0,0,0,0,0,0,0,0,0
Hungary,neweasterneurope.eu,2024-06-01,0,0,0,0,0,2,0,0,0,0,0,0,0,0,0,0,0,0,0,1,0,3,0,0,0,0,0,0,0,0,0,0,0
Hungary,neweasterneurope.eu,2024-07-01,0,0,0,0,0,0,0,0,0,0,0,0,0,0,0,0,0,0,0,0,0,0,0,0,0,0,0,0,0,0,0,0,0
Hungary,neweasterneurope.eu,2024-08-01,0,0,0,0,0,0,0,0,0,0,0,0,0,0,0,0,0,0,0,0,0,0,0,0,0,0,0,0,0,0,0,0,0
Hungary,neweasterneurope.eu,2024-09-01,0,0,0,0,0,0,0,0,0,0,0,0,0,0,0,0,0,0,0,2,0,2,0,0,0,0,0,0,0,0,0,0,0
Hungary,neweasterneurope.eu,2024-10-01,0,0,0,0,0,0,0,0,0,0,0,0,0,0,0,0,0,0,0,0,0,0,0,0,0,0,0,0,0,0,0,0,0
Hungary,neweasterneurope.eu,2024-11-01,0,0,0,0,0,0,0,0,0,0,0,0,0,0,0,0,0,0,0,1,0,1,0,0,0,0,0,0,0,0,0,0,0
Hungary,neweasterneurope.eu,2024-12-01,0,1,0,0,0,0,0,0,0,0,0,0,0,0,0,0,0,0,0,1,0,2,0,0,0,0,0,0,0,0,0,0,0
Hungary,neweasterneurope.eu,2025-01-01,0,0,0,0,0,0,0,0,0,0,0,0,0,0,0,0,0,0,0,1,0,1,0,0,0,0,0,0,0,0,0,0,0
Hungary,neweasterneurope.eu,2025-02-01,0,0,0,0,0,0,0,0,0,0,0,0,0,0,0,0,0,0,0,1,0,1,0,0,0,0,0,0,0,0,0,0,0
Hungary,neweasterneurope.eu,2025-03-01,0,0,0,0,0,0,0,0,0,0,0,0,0,0,0,0,0,0,0,0,0,0,0,0,0,0,0,0,0,0,0,0,0
Hungary,neweasterneurope.eu,2025-04-01,0,0,0,0,0,0,0,0,0,0,0,0,0,0,0,0,0,0,0,0,0,0,0,0,0,0,0,0,0,0,0,0,0
Hungary,neweasterneurope.eu,2025-05-01,0,0,0,0,0,0,0,0,0,0,0,0,0,0,0,0,0,0,0,0,0,0,0,0,0,0,0,0,0,0,0,0,0
Hungary,neweasterneurope.eu,2025-06-01,0,0,0,0,0,0,0,0,0,0,0,0,0,0,0,0,0,0,0,0,0,0,0,0,0,0,0,0,0,0,0,0,0
Hungary,nytimes.com,2012-01-01,0,1,0,0,0,0,0,0,0,0,0,0,0,0,2,0,0,1,0,4,0,8,0,0,0,0,0,0,0,0,0,0,0
Hungary,nytimes.com,2012-02-01,0,0,0,0,0,0,0,0,0,0,0,0,0,0,0,0,0,0,0,6,0,6,0,0,0,0,0,0,0,0,0,0,0
Hungary,nytimes.com,2012-03-01,0,1,0,0,0,0,0,0,0,0,0,0,0,0,1,0,0,0,0,3,0,5,0,0,0,0,0,0,0,0,0,0,0
Hungary,nytimes.com,2012-04-01,0,0,0,0,0,0,0,0,0,0,0,0,0,0,0,0,0,0,0,4,0,4,0,0,0,0,0,0,0,0,0,0,0
Hungary,nytimes.com,2012-05-01,0,0,0,0,0,0,0,0,0,0,0,0,0,0,0,0,0,0,0,0,0,0,0,0,0,0,0,0,0,0,0,0,0
Hungary,nytimes.com,2012-06-01,0,0,0,0,0,0,0,0,0,0,0,0,0,1,0,0,1,0,0,1,0,2,0,0,0,0,0,0,0,0,0,0,0
Hungary,nytimes.com,2012-07-01,0,0,0,0,0,0,0,0,0,0,0,0,0,0,0,0,0,0,0,1,0,1,0,0,0,0,0,0,0,0,0,0,0
Hungary,nytimes.com,2012-08-01,0,0,0,0,0,0,0,0,0,0,0,0,0,0,0,0,0,0,0,0,0,0,0,0,0,0,0,0,0,0,0,0,0
Hungary,nytimes.com,2012-09-01,0,0,0,0,0,0,0,0,0,0,0,0,0,0,0,0,0,0,0,0,0,0,0,0,0,0,0,0,0,0,0,0,0
Hungary,nytimes.com,2012-10-01,0,0,0,0,0,0,0,0,0,0,0,0,0,0,0,0,0,0,0,0,0,0,0,0,0,0,0,0,0,0,0,0,0
Hungary,nytimes.com,2012-11-01,0,0,0,0,0,0,0,0,0,0,0,0,0,0,0,0,0,0,0,2,0,2,0,0,0,0,0,0,0,0,0,0,0
Hungary,nytimes.com,2012-12-01,0,0,0,0,0,0,0,0,0,0,0,0,0,0,0,0,0,0,0,0,0,0,0,0,0,0,0,0,0,0,0,0,0
Hungary,nytimes.com,2013-01-01,0,0,0,0,0,0,0,0,0,0,0,0,0,0,0,0,0,0,0,0,0,0,0,0,0,0,0,0,0,0,0,0,0
Hungary,nytimes.com,2013-02-01,0,0,0,0,0,0,0,0,0,1,0,0,0,0,0,0,0,0,0,1,0,2,0,0,0,0,0,0,0,0,0,0,0
Hungary,nytimes.com,2013-03-01,0,0,0,0,0,0,0,0,0,0,0,0,0,0,0,0,0,0,0,1,0,1,0,0,0,0,0,0,0,0,0,0,0
Hungary,nytimes.com,2013-04-01,0,0,0,0,0,0,0,0,0,0,0,0,0,0,0,0,0,0,0,0,0,0,0,0,0,0,0,0,0,0,0,0,0
Hungary,nytimes.com,2013-05-01,0,0,0,0,0,0,0,0,0,0,0,0,0,0,0,0,0,0,0,0,0,0,0,0,0,0,0,0,0,0,0,0,0
Hungary,nytimes.com,2013-06-01,0,0,0,1,0,0,0,0,0,0,0,0,0,0,0,0,0,0,0,0,0,1,0,0,0,0,0,0,0,0,0,0,0
Hungary,nytimes.com,2013-07-01,0,0,0,0,0,0,0,0,0,0,0,0,0,0,0,0,0,0,0,0,0,0,0,0,0,0,0,0,0,0,0,0,0
Hungary,nytimes.com,2013-08-01,0,0,0,0,0,0,0,0,0,0,0,0,0,0,0,0,0,0,0,1,0,1,0,0,0,0,0,0,0,0,0,0,0
Hungary,nytimes.com,2013-09-01,0,0,0,0,0,0,0,0,0,0,0,0,0,0,0,0,0,0,0,0,0,0,0,0,0,0,0,0,0,0,0,0,0
Hungary,nytimes.com,2013-10-01,0,0,0,0,0,0,0,0,0,0,0,0,0,0,0,0,0,0,0,1,0,1,0,0,0,0,0,0,0,0,0,0,0
Hungary,nytimes.com,2013-11-01,0,0,0,0,0,0,0,0,0,0,0,0,0,0,0,0,0,0,0,0,0,0,0,0,0,0,0,0,0,0,0,0,0
Hungary,nytimes.com,2013-12-01,0,0,0,0,0,0,0,0,0,0,0,1,0,0,0,0,0,0,0,2,0,3,0,0,0,0,0,0,0,0,0,0,0
Hungary,nytimes.com,2014-01-01,0,0,0,0,0,0,0,0,0,0,0,0,0,0,0,0,0,0,0,1,0,1,0,0,0,0,0,0,0,0,0,0,0
Hungary,nytimes.com,2014-02-01,0,0,0,0,0,0,0,0,0,0,0,0,0,0,0,0,0,0,0,1,0,1,0,0,0,0,0,0,0,0,0,0,0
Hungary,nytimes.com,2014-03-01,0,0,0,0,0,0,0,0,0,0,0,0,0,0,0,0,0,0,0,1,0,1,0,0,0,0,0,0,0,0,0,0,0
Hungary,nytimes.com,2014-04-01,0,0,0,0,0,1,0,0,0,0,0,0,0,0,0,0,0,0,0,2,0,3,0,0,0,0,0,0,0,0,0,0,0
Hungary,nytimes.com,2014-05-01,0,0,0,0,0,0,0,0,0,0,0,0,0,0,0,0,0,0,0,1,0,1,0,0,0,0,0,0,0,0,0,0,0
Hungary,nytimes.com,2014-06-01,0,0,0,0,0,0,0,0,0,0,0,0,0,0,0,0,0,0,0,1,0,1,0,0,0,0,0,0,0,0,0,0,0
Hungary,nytimes.com,2014-07-01,0,0,0,0,0,0,0,0,0,0,0,0,0,0,0,0,0,0,0,2,0,2,0,0,0,0,0,0,0,0,0,0,0
Hungary,nytimes.com,2014-08-01,0,0,0,0,0,0,0,0,0,0,0,0,0,0,0,0,0,0,0,0,0,0,0,0,0,0,0,0,0,0,0,0,0
Hungary,nytimes.com,2014-09-01,0,0,0,0,0,0,0,0,0,0,0,0,0,0,0,0,0,0,0,0,0,0,0,0,0,0,0,0,0,0,0,0,0
Hungary,nytimes.com,2014-10-01,0,0,0,0,0,1,0,0,0,0,0,0,0,0,1,0,0,0,0,2,0,5,0,0,0,0,0,1,0,0,0,0,0
Hungary,nytimes.com,2014-11-01,0,0,0,0,0,0,0,0,0,0,0,0,0,0,0,0,0,0,0,1,0,1,0,0,0,0,0,0,0,0,0,0,0
Hungary,nytimes.com,2014-12-01,0,0,0,0,0,0,0,0,0,0,0,0,0,0,1,0,0,0,0,0,0,1,0,0,0,0,0,0,0,0,0,0,0
Hungary,nytimes.com,2015-01-01,0,0,0,0,0,0,0,0,0,0,0,0,0,0,0,0,0,0,0,2,0,2,0,0,0,0,0,0,0,0,0,0,0
Hungary,nytimes.com,2015-02-01,0,0,0,0,0,0,0,0,0,0,0,0,0,0,0,0,0,0,0,1,0,1,0,0,0,0,0,0,0,0,0,0,0
Hungary,nytimes.com,2015-03-01,1,0,0,0,0,0,0,0,0,0,0,0,0,0,0,0,0,0,0,3,0,4,0,0,0,0,0,0,0,0,0,0,0
Hungary,nytimes.com,2015-04-01,0,0,0,0,0,0,0,0,0,0,0,0,0,0,0,0,0,0,0,3,0,3,0,0,0,0,0,0,0,0,0,0,0
Hungary,nytimes.com,2015-05-01,0,0,0,0,0,0,0,0,0,0,0,0,0,0,0,0,0,0,0,1,0,1,0,0,0,0,0,0,0,0,0,0,0
Hungary,nytimes.com,2015-06-01,0,0,0,0,0,0,0,0,0,0,0,0,0,0,0,0,0,0,0,3,0,3,0,0,0,0,0,0,0,0,0,0,0
Hungary,nytimes.com,2015-07-01,0,0,0,0,0,0,0,0,0,0,0,0,0,0,0,0,0,0,0,4,0,4,0,0,0,0,0,0,0,0,0,0,0
Hungary,nytimes.com,2015-08-01,0,1,0,0,0,0,0,0,0,0,0,0,0,0,0,0,0,0,0,6,0,7,0,0,0,0,0,0,0,0,0,0,0
Hungary,nytimes.com,2015-09-01,0,1,0,0,0,0,0,0,0,1,0,2,0,0,0,0,1,0,0,27,0,36,1,0,0,0,0,2,0,0,1,0,0
Hungary,nytimes.com,2015-10-01,0,0,0,0,0,0,0,0,0,1,0,0,0,0,1,1,0,0,0,10,0,13,0,0,0,0,0,0,0,0,0,0,0
Hungary,nytimes.com,2015-11-01,0,0,0,0,0,1,0,0,0,0,0,0,0,0,0,0,0,0,0,1,0,2,0,0,0,0,0,0,0,0,0,0,0
Hungary,nytimes.com,2015-12-01,0,0,1,0,0,0,0,0,0,0,0,0,0,0,0,0,0,0,0,2,0,3,0,0,0,0,0,0,0,0,0,0,0
Hungary,nytimes.com,2016-01-01,0,1,0,0,0,0,0,0,0,0,0,1,0,0,0,0,0,0,0,0,0,2,0,0,0,0,0,0,0,0,0,0,0
Hungary,nytimes.com,2016-02-01,0,0,0,0,0,0,0,0,0,0,0,0,0,0,0,0,0,0,0,2,0,2,0,0,0,0,0,0,0,0,0,0,0
Hungary,nytimes.com,2016-03-01,0,0,0,0,0,0,0,0,0,0,0,0,0,0,0,0,0,0,0,5,0,5,0,0,0,0,0,0,0,0,0,0,0
Hungary,nytimes.com,2016-04-01,0,0,0,0,0,0,0,0,0,0,0,0,0,0,0,0,0,0,0,4,0,5,0,0,0,0,0,1,0,0,0,0,0
Hungary,nytimes.com,2016-05-01,0,1,0,0,0,0,0,0,0,0,0,0,0,0,0,0,0,0,0,3,0,4,0,0,0,0,0,0,0,0,0,0,0
Hungary,nytimes.com,2016-06-01,0,0,0,0,0,0,0,0,0,0,0,0,0,0,0,1,0,0,0,1,0,2,0,0,0,0,0,0,0,0,0,0,0
Hungary,nytimes.com,2016-07-01,0,0,0,0,0,0,0,0,0,0,0,0,0,0,0,0,0,0,0,1,0,1,0,0,0,0,0,0,0,0,0,0,0
Hungary,nytimes.com,2016-08-01,0,0,0,0,0,0,0,0,0,0,0,0,0,0,0,0,0,0,0,1,0,1,0,0,0,0,0,0,0,0,0,0,0
Hungary,nytimes.com,2016-09-01,0,0,1,0,0,1,0,0,0,1,0,0,0,0,0,0,0,0,0,3,0,6,0,0,0,0,0,0,0,0,0,0,0
Hungary,nytimes.com,2016-10-01,0,0,0,0,0,3,0,0,0,0,0,0,0,0,0,0,0,0,0,4,0,7,0,0,0,0,0,0,0,0,0,0,0
Hungary,nytimes.com,2016-11-01,0,0,0,0,0,0,0,0,0,0,0,0,0,0,1,0,0,0,0,2,0,3,0,0,0,0,0,0,0,0,0,0,0
Hungary,nytimes.com,2016-12-01,0,0,0,0,0,0,0,0,0,0,0,0,0,0,0,0,0,0,0,2,0,2,0,0,0,0,0,0,0,0,0,0,0
Hungary,nytimes.com,2017-01-01,0,0,0,0,0,0,0,0,0,0,0,0,0,0,0,0,0,0,0,1,0,1,0,0,0,0,0,0,0,0,0,0,0
Hungary,nytimes.com,2017-02-01,0,0,0,0,0,0,0,0,0,0,0,0,0,0,0,0,0,0,0,0,0,0,0,0,0,0,0,0,0,0,0,0,0
Hungary,nytimes.com,2017-03-01,0,1,0,0,0,0,0,0,0,0,0,0,0,0,1,0,0,0,0,4,0,7,0,0,0,0,1,0,0,0,0,0,0
Hungary,nytimes.com,2017-04-01,0,1,0,0,0,0,0,0,0,0,0,0,0,0,2,0,0,0,0,4,0,8,1,0,0,0,0,0,0,0,0,0,0
Hungary,nytimes.com,2017-05-01,1,0,0,0,0,0,0,0,0,0,0,0,0,0,0,0,0,0,0,1,0,3,0,0,0,0,1,0,0,0,0,0,0
Hungary,nytimes.com,2017-06-01,0,0,0,0,0,0,0,0,0,0,0,0,0,0,1,0,0,0,0,1,0,2,0,0,0,0,0,0,0,0,0,0,0
Hungary,nytimes.com,2017-07-01,0,0,1,0,0,0,0,0,0,0,0,0,0,0,0,0,0,0,0,0,0,1,0,0,0,0,0,0,0,0,0,0,0
Hungary,nytimes.com,2017-08-01,0,0,1,0,0,0,0,0,0,0,0,0,0,0,0,0,0,0,0,2,0,3,0,0,0,0,0,0,0,0,0,0,0
Hungary,nytimes.com,2017-09-01,0,0,0,1,0,0,0,0,0,0,0,0,0,0,0,0,0,0,0,6,0,7,0,0,0,0,0,0,0,0,0,0,0
Hungary,nytimes.com,2017-10-01,0,0,0,0,0,0,0,0,0,0,0,0,0,0,0,0,0,0,0,4,0,4,0,0,0,0,0,0,0,0,0,0,0
Hungary,nytimes.com,2017-11-01,0,0,0,0,0,0,0,0,0,0,0,0,0,0,0,0,0,0,0,2,0,2,0,0,0,0,0,0,0,0,0,0,0
Hungary,nytimes.com,2017-12-01,0,0,0,0,0,0,0,0,0,0,0,0,0,0,2,0,0,0,0,1,0,3,0,0,0,0,0,0,0,0,0,0,0
Hungary,nytimes.com,2018-01-01,0,0,0,0,0,2,0,0,0,0,0,0,0,0,0,0,0,0,0,4,0,6,0,0,0,0,0,0,0,0,0,0,0
Hungary,nytimes.com,2018-02-01,0,0,0,0,0,1,0,0,0,0,0,0,0,0,0,0,0,0,0,1,0,2,0,0,0,0,0,0,0,0,0,0,0
Hungary,nytimes.com,2018-03-01,0,0,0,0,0,0,1,0,0,0,0,0,0,0,0,0,0,0,0,2,0,3,0,0,0,0,0,0,0,0,0,0,0
Hungary,nytimes.com,2018-04-01,0,1,0,0,0,3,0,0,0,0,0,0,0,0,0,0,0,0,0,2,0,6,0,0,0,0,0,0,0,0,0,0,0
Hungary,nytimes.com,2018-05-01,0,0,0,0,0,0,0,0,0,0,0,0,0,0,0,0,0,0,0,8,0,8,0,0,0,0,0,0,0,0,0,0,0
Hungary,nytimes.com,2018-06-01,0,0,0,0,0,0,0,0,0,0,0,0,0,0,1,0,0,0,0,7,0,8,0,0,0,0,0,0,0,0,0,0,0
Hungary,nytimes.com,2018-07-01,0,0,0,0,0,0,0,0,0,0,0,0,0,1,1,0,2,0,0,3,0,6,0,0,0,0,0,0,0,0,0,0,0
Hungary,nytimes.com,2018-08-01,0,0,0,0,0,0,0,0,0,1,0,0,0,0,0,0,0,0,0,2,0,3,0,0,0,0,0,0,0,0,0,0,0
Hungary,nytimes.com,2018-09-01,0,0,0,0,0,0,0,0,0,0,0,0,0,0,0,0,0,0,0,4,0,5,0,0,0,0,1,0,0,0,0,0,0
Hungary,nytimes.com,2018-10-01,0,0,1,0,0,0,0,0,0,0,0,0,0,0,0,0,0,0,0,4,0,5,0,0,0,0,0,0,0,0,0,0,0
Hungary,nytimes.com,2018-11-01,0,1,0,0,0,0,0,0,0,0,0,0,0,0,0,0,0,0,0,7,0,8,0,0,0,0,0,0,0,0,0,0,0
Hungary,nytimes.com,2018-12-01,0,2,0,0,0,0,0,0,0,0,0,1,0,0,2,0,0,0,0,6,0,11,0,0,0,0,0,0,0,0,0,0,0
Hungary,nytimes.com,2019-01-01,0,1,0,0,0,0,0,0,0,0,0,0,0,0,0,0,0,0,0,0,0,1,0,0,0,0,0,0,0,0,0,0,0
Hungary,nytimes.com,2019-02-01,0,0,0,0,0,0,0,0,0,0,0,0,0,0,0,0,0,0,0,3,0,3,0,0,0,0,0,0,0,0,0,0,0
Hungary,nytimes.com,2019-03-01,0,0,0,0,1,0,0,0,0,0,0,0,0,0,0,0,0,0,0,3,0,4,0,0,0,0,0,0,0,0,0,0,0
Hungary,nytimes.com,2019-04-01,0,0,0,0,0,0,0,0,0,1,0,0,0,0,0,0,0,0,0,2,0,3,0,0,0,0,0,0,0,0,0,0,0
Hungary,nytimes.com,2019-05-01,0,0,0,2,0,4,0,0,0,0,0,0,0,0,0,0,0,0,0,8,0,14,0,0,0,0,0,0,0,0,0,0,0
Hungary,nytimes.com,2019-06-01,0,0,0,1,0,0,0,0,0,0,0,0,0,0,0,0,0,0,0,2,0,3,0,0,0,0,0,0,0,0,0,0,0
Hungary,nytimes.com,2019-07-01,0,0,0,0,0,0,0,0,0,0,0,0,0,0,0,0,0,0,0,4,0,4,0,0,0,0,0,0,0,0,0,0,0
Hungary,nytimes.com,2019-08-01,0,0,0,0,0,0,0,0,0,0,0,0,0,0,0,0,0,0,0,3,0,3,0,0,0,0,0,0,0,0,0,0,0
Hungary,nytimes.com,2019-09-01,0,0,0,0,0,0,0,0,0,0,0,0,0,0,0,0,0,0,0,1,0,1,0,0,0,0,0,0,0,0,0,0,0
Hungary,nytimes.com,2019-10-01,0,0,1,0,0,1,0,0,0,0,0,0,0,1,0,0,0,0,0,3,0,5,0,0,0,0,0,0,0,0,0,0,0
Hungary,nytimes.com,2019-11-01,0,0,0,0,0,0,0,0,0,0,0,0,0,0,0,0,0,0,0,4,0,4,0,0,0,0,0,0,0,0,0,0,0
Hungary,nytimes.com,2019-12-01,0,0,0,0,0,0,0,0,0,0,0,0,0,0,0,0,0,0,0,1,0,1,0,0,0,0,0,0,0,0,0,0,0
Hungary,nytimes.com,2020-01-01,0,0,0,0,0,0,0,0,0,0,0,0,0,0,0,0,0,0,0,1,0,1,0,0,0,0,0,0,0,0,0,0,0
Hungary,nytimes.com,2020-02-01,0,0,0,0,0,0,0,0,0,0,0,0,0,0,0,0,0,0,0,1,0,1,0,0,0,0,0,0,0,0,0,0,0
Hungary,nytimes.com,2020-03-01,0,0,0,0,0,0,0,0,0,0,0,0,0,0,0,0,0,0,0,3,0,3,0,0,0,0,0,0,0,0,0,0,0
Hungary,nytimes.com,2020-04-01,0,0,2,0,0,0,0,0,0,0,0,0,0,0,0,0,0,0,0,1,0,3,0,0,0,0,0,0,0,0,0,0,0
Hungary,nytimes.com,2020-05-01,0,0,0,0,0,0,0,0,0,0,0,0,0,0,1,0,0,0,0,0,0,2,0,0,0,0,0,1,0,0,0,0,0
Hungary,nytimes.com,2020-06-01,0,0,1,0,0,0,0,0,0,0,0,0,0,0,0,0,0,0,0,1,0,2,0,0,0,0,0,0,0,0,0,0,0
Hungary,nytimes.com,2020-07-01,0,1,0,0,0,0,0,0,0,0,0,0,0,0,0,0,0,0,0,3,0,5,0,0,0,0,0,1,0,0,0,0,0
Hungary,nytimes.com,2020-08-01,0,0,0,0,0,0,0,0,0,0,0,0,0,0,0,0,0,0,0,0,0,0,0,0,0,0,0,0,0,0,0,0,0
Hungary,nytimes.com,2020-09-01,0,1,0,0,0,0,0,0,0,0,0,0,0,0,0,0,0,0,0,2,0,3,0,0,0,0,0,0,0,0,0,0,0
Hungary,nytimes.com,2020-10-01,0,0,0,0,0,0,0,0,0,0,0,0,0,0,1,0,0,0,0,0,0,1,0,0,0,0,0,0,0,0,0,0,0
Hungary,nytimes.com,2020-11-01,0,0,0,0,0,0,0,0,0,0,0,0,0,0,0,0,0,0,0,5,0,5,0,0,0,0,0,0,0,0,0,0,0
Hungary,nytimes.com,2020-12-01,0,0,0,1,0,0,0,0,0,1,0,0,0,0,1,0,0,0,0,2,0,5,0,0,0,0,0,0,0,0,0,0,0
Hungary,nytimes.com,2021-01-01,0,0,0,0,0,0,0,0,0,0,0,0,0,0,0,0,0,0,0,1,0,1,0,0,0,0,0,0,0,0,0,0,0
Hungary,nytimes.com,2021-02-01,0,0,0,0,0,0,0,0,0,0,0,0,0,0,0,0,0,0,0,5,0,5,0,0,0,0,0,0,0,0,0,0,0
Hungary,nytimes.com,2021-03-01,0,0,1,0,1,0,0,0,1,0,0,0,0,0,0,0,0,0,0,6,0,10,0,0,0,0,0,0,0,1,0,0,0
Hungary,nytimes.com,2021-04-01,0,0,0,0,0,0,0,0,0,0,0,0,0,0,0,0,0,0,0,4,0,4,0,0,0,0,0,0,0,0,0,0,0
Hungary,nytimes.com,2021-05-01,0,0,0,1,0,0,0,0,0,0,0,0,0,0,0,0,0,0,0,1,0,2,0,0,0,0,0,0,0,0,0,0,0
Hungary,nytimes.com,2021-06-01,0,0,0,0,0,0,0,0,0,0,0,0,0,0,0,0,0,0,0,4,0,6,0,0,0,0,0,2,0,0,0,0,0
Hungary,nytimes.com,2021-07-01,0,1,0,0,0,0,0,0,0,0,0,0,0,0,0,0,0,0,0,1,0,3,0,0,0,0,0,1,0,0,0,0,0
Hungary,nytimes.com,2021-08-01,0,0,0,0,0,0,0,0,0,0,0,0,0,0,0,0,0,0,0,2,0,2,0,0,0,0,0,0,0,0,0,0,0
Hungary,nytimes.com,2021-09-01,0,0,0,0,0,0,0,0,0,0,0,0,0,0,0,0,0,0,0,7,0,7,0,0,0,0,0,0,0,0,0,0,0
Hungary,nytimes.com,2021-10-01,0,0,0,0,0,0,0,0,0,0,0,0,0,0,0,0,0,0,0,3,0,3,0,0,0,0,0,0,0,0,0,0,0
Hungary,nytimes.com,2021-11-01,0,0,0,0,0,0,0,0,0,0,0,0,0,0,0,0,0,0,0,2,0,2,0,0,0,0,0,0,0,0,0,0,0
Hungary,nytimes.com,2021-12-01,0,0,0,0,0,0,0,0,0,0,0,0,0,0,0,0,0,0,0,0,0,0,0,0,0,0,0,0,0,0,0,0,0
Hungary,nytimes.com,2022-01-01,0,0,0,0,0,1,0,0,0,0,0,0,0,0,1,0,0,0,0,2,0,4,0,0,0,0,0,0,0,0,0,0,0
Hungary,nytimes.com,2022-02-01,0,0,1,0,0,1,0,0,0,0,0,0,0,0,0,0,0,0,0,1,0,3,0,0,0,0,0,0,0,0,0,0,0
Hungary,nytimes.com,2022-03-01,0,0,0,0,0,0,1,0,0,0,0,0,0,0,0,2,0,0,0,4,0,7,0,0,0,0,0,0,0,0,0,0,0
Hungary,nytimes.com,2022-04-01,0,0,0,0,0,4,0,0,0,0,0,0,0,0,0,0,0,0,0,1,0,5,0,0,0,0,0,0,0,0,0,0,0
Hungary,nytimes.com,2022-05-01,0,0,0,0,0,0,0,0,0,0,0,0,0,0,0,0,0,0,0,12,0,13,0,1,0,0,0,0,0,0,0,0,0
Hungary,nytimes.com,2022-06-01,0,0,0,0,0,0,0,0,0,0,0,0,0,0,0,0,0,0,0,2,0,2,0,0,0,0,0,0,0,0,0,0,0
Hungary,nytimes.com,2022-07-01,0,0,0,0,0,0,0,0,0,0,0,0,0,0,0,0,0,0,0,1,0,1,0,0,0,0,0,0,0,0,0,0,0
Hungary,nytimes.com,2022-08-01,0,0,0,0,0,0,0,0,0,1,0,0,0,0,0,0,1,0,0,5,0,7,0,0,0,0,0,0,0,0,0,0,0
Hungary,nytimes.com,2022-09-01,0,0,0,0,0,0,0,0,0,0,0,0,0,0,0,0,0,1,0,5,0,6,0,0,0,0,0,0,0,0,0,0,0
Hungary,nytimes.com,2022-10-01,0,0,0,0,0,0,0,0,0,0,0,0,0,0,0,0,0,0,0,0,0,0,0,0,0,0,0,0,0,0,0,0,0
Hungary,nytimes.com,2022-11-01,0,0,0,0,0,0,0,0,0,0,0,0,0,0,0,0,0,0,0,0,0,0,0,0,0,0,0,0,0,0,0,0,0
Hungary,nytimes.com,2022-12-01,0,0,0,0,0,0,0,0,0,0,0,1,0,0,0,0,0,0,0,2,0,3,0,0,0,0,0,0,0,0,0,0,0
Hungary,nytimes.com,2023-01-01,0,0,0,0,0,1,0,0,0,0,0,0,0,0,0,0,0,0,0,1,0,2,0,0,0,0,0,0,0,0,0,0,0
Hungary,nytimes.com,2023-02-01,0,0,0,0,0,0,0,0,0,0,0,0,0,0,0,0,0,0,0,1,0,1,0,0,0,0,0,0,0,0,0,0,0
Hungary,nytimes.com,2023-03-01,0,1,0,0,0,0,0,0,0,0,0,0,0,0,0,0,0,0,0,7,0,8,0,0,0,0,0,0,0,0,0,0,0
Hungary,nytimes.com,2023-04-01,0,0,0,0,0,0,0,0,0,1,0,0,0,0,0,0,0,0,0,8,0,10,0,1,0,0,0,0,0,0,0,0,0
Hungary,nytimes.com,2023-05-01,0,0,0,0,0,0,0,0,0,0,0,0,0,0,0,0,0,0,0,3,0,3,0,0,0,0,0,0,0,0,0,0,0
Hungary,nytimes.com,2023-06-01,0,0,0,0,0,0,0,0,0,0,0,0,0,0,0,0,0,0,0,1,0,1,0,0,0,0,0,0,0,0,0,0,0
Hungary,nytimes.com,2023-07-01,0,0,0,0,0,0,0,0,0,1,0,0,0,0,0,0,0,0,0,1,0,2,0,0,0,0,0,0,0,0,0,0,0
Hungary,nytimes.com,2023-08-01,0,0,0,0,0,0,0,0,0,0,0,0,0,0,0,0,0,0,0,0,0,0,0,0,0,0,0,0,0,0,0,0,0
Hungary,nytimes.com,2023-09-01,0,0,0,0,0,0,0,0,0,0,0,0,0,0,0,0,0,0,0,0,0,0,0,0,0,0,0,0,0,0,0,0,0
Hungary,nytimes.com,2023-10-01,0,0,0,0,0,0,0,0,0,0,0,0,0,0,0,0,0,0,0,0,0,0,0,0,0,0,0,0,0,0,0,0,0
Hungary,nytimes.com,2023-11-01,0,0,0,0,0,0,0,0,0,0,0,0,0,0,0,0,0,0,0,0,0,0,0,0,0,0,0,0,0,0,0,0,0
Hungary,nytimes.com,2023-12-01,0,0,0,0,0,0,0,0,0,0,0,0,0,0,0,0,0,0,0,0,0,0,0,0,0,0,0,0,0,0,0,0,0
Hungary,nytimes.com,2024-01-01,0,0,0,0,0,0,0,0,0,0,0,0,0,0,0,0,0,0,0,0,0,0,0,0,0,0,0,0,0,0,0,0,0
Hungary,nytimes.com,2024-02-01,0,0,0,0,0,0,0,0,0,0,0,0,0,0,0,0,0,0,0,0,0,0,0,0,0,0,0,0,0,0,0,0,0
Hungary,nytimes.com,2024-03-01,0,0,0,0,0,0,0,0,0,0,0,0,0,0,0,0,0,0,0,0,0,0,0,0,0,0,0,0,0,0,0,0,0
Hungary,nytimes.com,2024-04-01,0,0,0,0,0,0,0,0,0,0,0,0,0,0,0,0,0,0,0,0,0,0,0,0,0,0,0,0,0,0,0,0,0
Hungary,nytimes.com,2024-05-01,0,0,0,0,0,0,0,0,0,0,0,0,0,0,0,0,0,0,0,0,0,0,0,0,0,0,0,0,0,0,0,0,0
Hungary,nytimes.com,2024-06-01,0,0,0,0,0,0,0,0,0,0,0,0,0,0,0,0,0,0,0,0,0,0,0,0,0,0,0,0,0,0,0,0,0
Hungary,nytimes.com,2024-07-01,0,0,0,0,0,0,0,0,0,0,0,0,0,0,0,0,0,0,0,0,0,0,0,0,0,0,0,0,0,0,0,0,0
Hungary,nytimes.com,2024-08-01,0,0,0,0,0,0,0,0,0,0,0,0,0,0,0,0,0,0,0,0,0,0,0,0,0,0,0,0,0,0,0,0,0
Hungary,nytimes.com,2024-09-01,0,0,0,0,0,0,0,0,0,0,0,0,0,0,0,0,0,0,0,0,0,0,0,0,0,0,0,0,0,0,0,0,0
Hungary,nytimes.com,2024-10-01,0,0,0,0,0,0,0,0,0,0,0,0,0,0,0,0,0,0,0,0,0,0,0,0,0,0,0,0,0,0,0,0,0
Hungary,nytimes.com,2024-11-01,0,0,0,0,0,0,0,0,0,0,0,0,0,0,0,0,0,0,0,0,0,0,0,0,0,0,0,0,0,0,0,0,0
Hungary,nytimes.com,2024-12-01,0,0,0,0,0,0,0,0,0,0,0,0,0,0,0,0,0,0,0,0,0,0,0,0,0,0,0,0,0,0,0,0,0
Hungary,nytimes.com,2025-01-01,0,0,0,0,0,0,0,0,0,0,0,0,0,0,0,0,0,0,0,0,0,0,0,0,0,0,0,0,0,0,0,0,0
Hungary,nytimes.com,2025-02-01,0,0,0,0,0,0,0,0,0,0,0,0,0,0,0,0,0,0,0,0,0,0,0,0,0,0,0,0,0,0,0,0,0
Hungary,nytimes.com,2025-03-01,0,0,0,0,0,0,0,0,0,0,0,0,0,0,0,0,0,0,0,0,0,0,0,0,0,0,0,0,0,0,0,0,0
Hungary,nytimes.com,2025-04-01,0,0,0,0,0,0,0,0,0,0,0,0,0,0,0,0,0,0,0,0,0,0,0,0,0,0,0,0,0,0,0,0,0
Hungary,nytimes.com,2025-05-01,0,0,0,0,0,0,0,0,0,0,0,0,0,0,0,0,0,0,0,0,0,0,0,0,0,0,0,0,0,0,0,0,0
Hungary,nytimes.com,2025-06-01,0,0,0,0,0,0,0,0,0,0,0,0,0,0,0,0,0,0,0,0,0,0,0,0,0,0,0,0,0,0,0,0,0
Hungary,reuters.com,2012-01-01,0,1,1,0,0,0,0,0,0,0,0,0,0,1,0,0,0,0,0,15,0,18,1,0,0,0,0,0,0,0,0,0,0
Hungary,reuters.com,2012-02-01,0,0,1,0,0,0,0,0,0,1,0,0,0,1,1,0,0,0,0,29,0,32,0,0,0,0,0,0,0,0,0,0,0
Hungary,reuters.com,2012-03-01,0,0,1,0,0,0,0,0,0,2,1,0,0,1,1,0,1,0,0,62,0,69,0,0,0,0,0,1,0,0,0,0,0
Hungary,reuters.com,2012-04-01,0,0,2,0,0,0,0,0,0,5,0,0,1,0,2,0,3,0,0,67,0,84,0,0,0,0,0,4,0,0,0,0,0
Hungary,reuters.com,2012-05-01,0,1,0,3,0,1,0,0,0,2,0,0,0,0,2,0,0,0,0,54,0,67,0,0,0,0,0,4,0,0,0,0,0
Hungary,reuters.com,2012-06-01,0,0,3,0,0,0,0,0,0,2,0,0,0,1,10,0,0,0,0,48,0,67,0,3,0,0,0,1,0,0,0,0,0
Hungary,reuters.com,2012-07-01,1,0,1,0,0,1,0,0,0,1,0,0,0,0,3,0,0,0,0,83,0,91,0,0,0,0,0,1,0,0,0,0,0
Hungary,reuters.com,2012-08-01,0,0,1,0,0,1,0,0,0,1,0,0,0,0,1,0,0,0,0,174,0,179,0,0,0,0,0,1,0,0,0,0,0
Hungary,reuters.com,2012-09-01,1,2,0,0,0,0,0,0,1,0,0,0,0,0,0,0,0,0,0,49,0,55,0,0,0,0,1,1,0,0,0,0,0
Hungary,reuters.com,2012-10-01,0,1,0,0,0,4,0,0,0,4,0,0,0,0,7,0,0,1,0,78,0,97,0,0,0,0,1,1,0,0,0,0,0
Hungary,reuters.com,2012-11-01,3,0,2,3,0,1,0,1,0,1,0,0,0,5,6,0,4,0,1,42,0,66,0,1,0,0,1,0,0,0,0,0,0
Hungary,reuters.com,2012-12-01,0,4,0,0,0,0,0,0,0,1,0,0,0,0,2,0,0,0,0,35,0,42,0,0,0,0,0,0,0,0,0,0,0
Hungary,reuters.com,2013-01-01,0,0,2,0,0,0,2,0,1,0,0,0,0,0,3,0,0,0,0,26,0,37,1,0,0,0,0,2,0,0,0,0,0
Hungary,reuters.com,2013-02-01,0,0,1,2,0,0,0,0,0,0,1,0,0,2,0,0,3,0,0,45,0,54,0,1,0,0,1,0,0,0,0,0,0
Hungary,reuters.com,2013-03-01,0,1,1,0,1,1,0,0,0,3,0,0,0,0,3,2,0,0,0,44,0,57,0,1,0,0,0,0,0,0,0,0,0
Hungary,reuters.com,2013-04-01,0,1,0,0,0,1,0,0,0,1,0,1,0,2,5,0,2,0,0,32,0,43,0,0,0,0,0,0,0,0,0,0,0
Hungary,reuters.com,2013-05-01,0,0,1,0,0,2,0,0,0,0,0,0,0,0,2,0,0,0,0,52,0,58,0,0,0,0,0,1,0,0,0,0,0
Hungary,reuters.com,2013-06-01,0,0,1,13,0,0,0,1,0,2,0,0,0,1,4,0,0,0,0,37,0,60,0,0,1,0,2,0,0,0,0,0,0
Hungary,reuters.com,2013-07-01,0,0,4,3,0,0,0,0,0,1,1,0,0,3,4,0,0,0,0,96,0,113,0,2,0,0,1,1,0,0,0,0,0
Hungary,reuters.com,2013-08-01,1,0,0,1,0,0,0,0,0,2,0,0,0,1,1,0,1,0,0,62,0,70,0,0,0,0,1,0,0,0,0,0,0
Hungary,reuters.com,2013-09-01,0,0,2,2,1,0,0,0,0,3,0,0,0,2,0,0,0,0,0,50,0,59,0,0,0,0,1,0,0,0,0,0,0
Hungary,reuters.com,2013-10-01,0,0,6,0,0,1,0,0,0,0,0,0,0,5,0,0,0,0,0,56,0,65,0,0,0,0,0,2,0,0,0,0,0
Hungary,reuters.com,2013-11-01,0,1,12,0,0,2,0,0,0,0,0,0,0,1,5,0,0,0,0,57,0,79,0,1,0,0,1,0,0,0,0,0,0
Hungary,reuters.com,2013-12-01,0,0,4,0,0,0,0,0,0,0,0,0,0,1,1,0,0,0,0,70,0,76,0,0,0,0,1,0,0,0,0,0,0
Hungary,reuters.com,2014-01-01,0,0,1,1,0,2,0,0,0,6,0,2,0,1,0,0,0,3,0,59,0,78,0,2,0,0,1,0,0,0,1,0,0
Hungary,reuters.com,2014-02-01,0,0,0,0,0,3,0,0,0,0,0,0,0,0,1,0,1,1,0,68,0,76,0,1,0,0,0,1,0,0,0,0,0
Hungary,reuters.com,2014-03-01,0,0,3,0,0,2,0,0,0,1,0,0,0,1,2,0,0,2,0,37,0,47,0,0,0,0,0,0,0,0,0,0,0
Hungary,reuters.com,2014-04-01,0,1,1,1,0,7,0,0,0,6,0,0,0,0,5,0,1,0,0,43,0,66,0,0,0,0,0,0,0,0,0,0,1
Hungary,reuters.com,2014-05-01,0,0,4,0,0,4,0,0,0,0,0,0,0,1,1,0,4,0,0,51,0,66,0,0,0,0,0,1,0,0,1,0,0
Hungary,reuters.com,2014-06-01,0,1,4,0,0,0,0,0,0,1,0,0,0,1,5,1,0,0,1,53,0,66,0,0,0,0,0,0,0,0,0,0,0
Hungary,reuters.com,2014-07-01,0,0,2,4,0,0,0,0,0,0,0,0,0,0,11,0,0,0,0,87,0,109,0,0,0,0,3,2,0,0,0,0,0
Hungary,reuters.com,2014-08-01,0,0,0,0,0,0,0,0,1,0,0,0,0,0,2,0,0,0,0,65,0,71,0,1,0,0,1,1,0,0,0,0,0
Hungary,reuters.com,2014-09-01,0,0,8,0,0,0,0,1,0,0,0,0,0,2,4,0,0,0,0,74,0,90,0,1,0,0,0,2,0,0,0,0,0
Hungary,reuters.com,2014-10-01,0,0,2,0,0,1,0,0,0,0,0,0,0,0,6,0,1,0,0,48,0,61,0,1,0,0,0,2,0,0,0,0,0
Hungary,reuters.com,2014-11-01,0,2,1,0,0,0,0,0,0,0,0,0,0,1,4,0,0,0,0,81,0,91,0,0,0,0,0,3,0,0,0,0,0
Hungary,reuters.com,2014-12-01,0,1,0,0,0,0,0,0,1,5,0,0,0,1,4,0,2,0,0,70,0,85,0,1,0,0,1,0,0,0,0,0,0
Hungary,reuters.com,2015-01-01,0,2,1,0,0,0,0,0,1,1,0,0,0,0,2,0,0,0,0,98,0,107,0,2,0,0,0,0,0,0,0,0,0
Hungary,reuters.com,2015-02-01,0,1,0,1,0,1,0,0,0,2,0,0,0,0,10,2,0,0,0,86,0,106,0,1,0,0,0,2,0,0,0,0,0
Hungary,reuters.com,2015-03-01,0,1,3,0,0,0,0,0,0,2,0,0,0,2,7,0,1,0,0,60,0,81,1,2,0,0,2,2,0,0,0,0,0
Hungary,reuters.com,2015-04-01,0,0,2,1,0,2,0,0,0,4,0,0,0,1,9,0,0,0,0,52,0,74,0,1,0,0,1,2,0,0,0,0,0
Hungary,reuters.com,2015-05-01,0,1,0,0,0,0,0,0,0,1,0,1,0,0,9,0,0,0,0,49,0,63,0,1,0,0,0,1,0,0,0,0,0
Hungary,reuters.com,2015-06-01,1,1,1,1,0,0,0,0,0,3,0,0,0,0,11,0,0,0,0,54,0,77,0,3,0,0,0,1,0,0,1,0,0
Hungary,reuters.com,2015-07-01,0,1,2,0,0,0,0,0,0,0,0,0,0,1,4,0,0,0,0,73,0,81,0,0,0,0,1,0,0,0,0,0,0
Hungary,reuters.com,2015-08-01,2,2,1,5,0,1,0,0,3,0,0,1,1,0,4,1,0,0,0,78,0,106,4,0,0,0,0,0,1,0,0,2,0
Hungary,reuters.com,2015-09-01,12,7,4,3,3,2,0,1,4,9,0,12,0,0,14,16,3,3,3,309,0,416,1,0,1,0,3,2,0,1,0,0,3
Hungary,reuters.com,2015-10-01,0,0,6,2,0,0,0,1,1,2,0,0,0,1,1,4,0,1,0,107,0,127,0,0,0,0,1,1,0,0,0,0,0
Hungary,reuters.com,2015-11-01,1,0,4,0,0,1,0,0,1,1,0,0,0,1,9,0,0,0,0,72,0,94,1,0,2,0,2,1,0,0,0,0,1
Hungary,reuters.com,2015-12-01,1,1,2,2,0,0,0,0,0,2,0,0,0,1,6,0,0,1,1,55,0,76,0,2,0,0,0,1,0,0,2,0,0
Hungary,reuters.com,2016-01-01,2,0,4,0,0,0,0,0,2,0,0,0,0,1,4,1,1,0,0,50,0,64,0,0,0,0,0,0,0,0,0,0,0
Hungary,reuters.com,2016-02-01,0,2,0,0,0,0,0,0,1,4,0,1,0,0,3,1,0,1,0,64,0,77,0,0,0,0,0,0,0,0,0,0,0
Hungary,reuters.com,2016-03-01,0,1,1,0,0,5,0,0,0,0,0,1,0,0,10,1,0,0,0,51,0,73,0,0,1,0,1,2,0,0,0,0,0
Hungary,reuters.com,2016-04-01,0,1,0,0,0,0,0,0,0,1,0,0,0,0,3,0,0,0,0,51,0,60,1,1,0,0,0,2,0,0,0,0,0
Hungary,reuters.com,2016-05-01,0,0,1,0,0,1,0,0,0,0,0,0,0,2,5,0,2,0,0,81,0,93,0,0,1,0,1,2,0,0,0,0,0
Hungary,reuters.com,2016-06-01,0,0,2,0,0,2,0,0,0,2,0,0,1,0,5,2,1,0,0,74,0,90,0,0,0,0,1,0,0,0,0,0,0
Hungary,reuters.com,2016-07-01,1,2,1,0,0,2,0,0,1,1,0,1,1,0,2,1,0,0,0,94,0,111,1,0,0,0,1,1,0,1,0,0,0
Hungary,reuters.com,2016-08-01,0,0,2,0,0,0,0,0,0,0,1,0,0,2,1,0,0,0,0,86,0,96,1,2,0,0,0,3,0,0,0,0,0
Hungary,reuters.com,2016-09-01,1,0,4,2,0,4,0,0,0,2,0,1,0,0,2,0,1,1,0,71,0,91,2,0,1,0,0,0,0,0,0,0,0
Hungary,reuters.com,2016-10-01,2,1,2,0,5,7,2,0,0,1,0,0,1,0,5,0,0,1,1,57,0,86,0,0,0,0,1,0,0,0,0,0,0
Hungary,reuters.com,2016-11-01,0,3,2,11,0,1,0,0,0,2,0,0,0,0,7,0,1,0,0,55,0,84,0,0,1,0,1,1,0,0,0,0,0
Hungary,reuters.com,2016-12-01,0,0,0,1,0,1,0,0,1,0,0,0,0,0,2,0,0,0,0,50,0,59,1,0,0,0,0,3,0,0,0,0,0
Hungary,reuters.com,2017-01-01,1,1,1,6,0,1,0,0,0,0,0,0,0,0,0,1,0,0,0,32,0,46,0,1,0,0,2,0,0,0,0,0,0
Hungary,reuters.com,2017-02-01,0,0,1,3,0,1,0,0,1,0,1,0,0,1,0,0,0,0,0,59,0,70,0,2,0,0,2,0,0,0,0,0,0
Hungary,reuters.com,2017-03-01,0,2,2,1,0,2,0,2,0,1,0,0,0,0,5,0,0,0,0,73,0,93,1,1,0,0,0,3,0,0,0,0,0
Hungary,reuters.com,2017-04-01,1,4,1,0,0,1,0,0,1,1,1,0,0,1,3,0,0,1,0,44,0,59,0,1,0,0,0,0,0,0,0,0,0
Hungary,reuters.com,2017-05-01,1,1,3,0,0,2,0,0,1,0,0,0,0,1,2,0,0,0,0,64,0,76,0,1,0,0,1,0,0,0,0,0,0
Hungary,reuters.com,2017-06-01,0,0,3,0,0,1,0,0,0,1,1,1,0,0,5,0,0,0,0,52,0,67,0,1,0,0,2,0,0,0,0,0,0
Hungary,reuters.com,2017-07-01,0,0,3,1,0,2,0,0,0,0,0,0,0,0,2,0,0,0,0,115,0,124,0,0,0,0,0,1,0,0,0,0,0
Hungary,reuters.com,2017-08-01,0,0,1,0,0,0,0,0,0,0,0,0,0,0,0,0,0,0,0,28,0,29,0,0,0,0,0,0,0,0,0,0,0
Hungary,reuters.com,2017-09-01,0,0,0,0,0,0,0,0,1,2,0,0,0,0,0,0,0,2,0,31,0,37,0,0,0,0,0,1,0,0,0,0,0
Hungary,reuters.com,2017-10-01,0,0,2,0,0,2,0,0,0,0,0,0,0,2,2,0,0,0,0,31,0,38,1,0,0,0,0,0,0,0,0,0,0
Hungary,reuters.com,2017-11-01,0,0,0,0,0,2,0,0,0,0,0,0,0,0,0,0,0,0,0,54,0,58,1,0,0,0,1,0,0,0,0,0,0
Hungary,reuters.com,2017-12-01,0,1,4,4,0,0,0,0,1,0,0,0,0,1,4,0,0,0,0,43,0,59,0,1,0,0,1,0,0,0,0,0,0
Hungary,reuters.com,2018-01-01,0,2,2,0,1,3,0,1,3,3,0,0,0,1,1,0,1,0,0,39,0,60,0,0,0,0,3,1,0,0,0,0,0
Hungary,reuters.com,2018-02-01,0,0,3,0,0,1,0,0,1,1,2,0,0,2,1,0,0,0,0,53,0,63,0,1,0,0,0,0,0,0,0,0,0
Hungary,reuters.com,2018-03-01,1,1,5,1,0,8,0,1,1,1,0,0,0,2,3,0,0,0,0,36,0,60,0,0,0,0,2,0,0,0,0,0,0
Hungary,reuters.com,2018-04-01,0,4,0,1,3,24,2,0,1,3,0,0,0,0,1,0,6,0,0,44,0,91,1,0,0,0,0,1,0,0,0,0,0
Hungary,reuters.com,2018-05-01,0,2,1,1,0,4,0,0,0,0,0,0,0,1,6,0,0,1,1,40,0,58,0,0,0,0,1,1,0,0,0,0,0
Hungary,reuters.com,2018-06-01,0,0,2,1,0,2,0,0,2,4,0,0,0,0,5,0,0,0,0,42,0,61,1,2,0,0,0,0,0,0,0,0,0
Hungary,reuters.com,2018-07-01,0,0,0,1,0,1,0,0,1,3,0,1,0,0,1,0,1,0,0,41,0,51,0,0,0,0,0,1,0,0,0,0,0
Hungary,reuters.com,2018-08-01,0,0,0,1,0,0,0,0,1,1,0,0,1,0,0,0,1,0,0,44,0,50,0,0,0,0,0,1,0,0,0,0,0
Hungary,reuters.com,2018-09-01,1,0,3,2,0,2,0,0,1,1,0,0,0,4,4,0,0,0,0,39,0,54,0,0,0,0,0,0,0,0,0,0,0
Hungary,reuters.com,2018-10-01,0,0,6,1,1,1,0,0,2,0,0,0,0,3,4,0,2,1,0,33,0,52,0,0,1,0,0,0,1,0,0,0,0
Hungary,reuters.com,2018-11-01,0,3,2,1,0,1,0,0,1,0,0,0,0,1,2,0,0,0,0,39,0,49,0,0,0,0,0,0,0,0,0,0,0
Hungary,reuters.com,2018-12-01,0,8,0,0,1,0,0,0,0,0,0,0,0,0,5,0,0,0,0,18,0,34,0,1,1,0,1,0,0,0,0,0,0
Hungary,reuters.com,2019-01-01,0,9,2,0,0,1,0,0,0,0,0,0,0,0,1,0,0,0,0,24,0,38,0,0,0,0,0,1,0,0,0,0,0
Hungary,reuters.com,2019-02-01,1,2,2,0,0,0,0,0,0,0,0,0,0,1,3,0,0,0,0,34,1,43,0,1,0,0,0,0,0,0,0,0,0
Hungary,reuters.com,2019-03-01,2,3,1,0,0,0,0,0,1,7,0,0,0,0,5,0,0,1,0,61,0,82,0,1,0,0,0,0,0,0,0,0,0
Hungary,reuters.com,2019-04-01,0,1,0,1,0,0,0,0,0,0,0,0,0,0,1,0,0,0,0,38,0,41,0,0,0,0,0,0,0,0,0,0,0
Hungary,reuters.com,2019-05-01,1,0,2,14,0,6,0,0,0,7,0,0,0,0,6,0,0,2,0,56,0,98,1,0,0,0,3,0,0,0,0,0,0
Hungary,reuters.com,2019-06-01,0,0,1,20,0,1,0,1,0,1,0,0,0,0,2,0,0,0,0,50,0,84,3,3,0,0,2,0,0,0,0,0,0
Hungary,reuters.com,2019-07-01,0,0,1,0,1,1,0,0,1,0,0,0,0,1,3,0,0,0,0,38,0,47,0,0,0,0,2,0,0,0,0,0,0
Hungary,reuters.com,2019-08-01,0,0,0,1,0,0,0,1,2,1,0,0,0,1,0,1,2,0,0,49,0,58,0,0,0,0,1,0,0,0,0,0,0
Hungary,reuters.com,2019-09-01,0,0,4,2,0,4,0,0,1,0,0,0,1,0,0,0,0,1,0,32,0,47,0,2,0,0,0,0,0,0,0,0,0
Hungary,reuters.com,2019-10-01,0,0,2,1,0,4,0,1,1,3,0,0,0,1,2,0,1,0,0,36,0,56,0,3,0,0,2,0,0,0,0,0,0
Hungary,reuters.com,2019-11-01,0,0,1,0,0,0,0,0,1,0,0,0,0,0,4,0,2,0,0,37,0,50,1,2,0,0,2,0,0,0,0,0,0
Hungary,reuters.com,2019-12-01,0,1,2,0,0,0,0,1,0,0,0,0,0,2,8,0,0,0,0,60,0,75,0,2,0,0,0,1,0,0,0,0,0
Hungary,reuters.com,2020-01-01,0,0,1,7,0,0,0,0,0,1,0,1,0,1,1,0,0,0,0,34,0,45,0,0,0,0,0,0,0,0,0,0,0
Hungary,reuters.com,2020-02-01,0,2,0,0,0,0,0,1,0,4,0,0,0,1,3,0,0,0,0,34,0,45,0,0,0,0,0,0,0,0,0,0,0
Hungary,reuters.com,2020-03-01,0,0,1,16,0,0,0,0,6,3,0,0,0,0,16,1,0,0,0,119,0,170,1,1,0,0,3,3,0,0,0,0,0
Hungary,reuters.com,2020-04-01,0,0,1,13,0,0,0,0,9,0,0,0,0,0,6,0,0,0,0,119,0,160,0,3,0,0,0,9,0,0,0,0,0
Hungary,reuters.com,2020-05-01,0,0,4,5,0,0,0,0,5,3,0,0,0,2,16,1,3,0,0,72,0,114,0,3,0,0,0,2,0,0,0,0,0
Hungary,reuters.com,2020-06-01,0,2,1,2,0,0,1,0,0,0,1,0,0,1,11,0,1,0,0,71,0,95,0,2,0,0,0,3,0,0,0,0,0
Hungary,reuters.com,2020-07-01,0,3,0,1,1,2,0,0,1,1,0,0,0,0,3,0,3,1,0,53,0,70,0,0,0,0,0,1,0,0,0,0,0
Hungary,reuters.com,2020-08-01,0,0,1,3,0,1,0,0,5,1,0,0,0,0,0,0,1,1,0,18,0,31,0,0,0,0,0,0,0,0,0,0,0
Hungary,reuters.com,2020-09-01,0,1,2,8,1,0,0,0,3,2,2,0,0,2,1,0,1,2,0,73,0,97,0,1,0,0,0,0,0,0,0,0,0
Hungary,reuters.com,2020-10-01,0,2,0,4,0,0,0,1,0,3,0,0,0,0,5,0,0,0,0,37,0,54,0,0,0,0,2,0,0,0,0,0,0
Hungary,reuters.com,2020-11-01,0,1,1,10,0,1,0,0,6,12,0,0,0,0,12,0,0,0,0,86,0,135,0,1,0,0,0,5,0,0,0,0,0
Hungary,reuters.com,2020-12-01,1,0,2,3,0,1,0,0,3,7,1,0,0,2,9,0,0,0,0,65,0,92,0,0,0,0,0,0,0,0,0,0,0
Hungary,reuters.com,2021-01-01,0,1,0,3,1,0,0,1,6,1,0,0,0,0,0,0,1,0,0,39,0,62,1,7,0,0,0,1,0,0,0,0,0
Hungary,reuters.com,2021-02-01,0,0,6,6,2,2,0,0,5,1,0,0,0,5,6,0,0,1,0,48,0,79,0,1,0,0,0,1,0,0,0,0,0
Hungary,reuters.com,2021-03-01,0,0,5,13,0,0,0,1,9,4,0,0,0,3,3,0,1,0,0,80,0,119,0,1,0,0,0,2,0,0,0,0,0
Hungary,reuters.com,2021-04-01,0,1,1,1,0,0,0,0,0,3,0,0,0,0,4,0,1,0,0,57,0,72,0,3,0,0,0,1,0,0,0,0,0
Hungary,reuters.com,2021-05-01,0,0,0,2,0,2,0,0,0,1,0,0,0,0,2,0,0,1,0,44,0,55,0,2,0,0,0,1,0,0,0,0,0
Hungary,reuters.com,2021-06-01,0,4,4,1,0,2,0,1,0,0,1,1,0,3,20,0,0,2,0,56,0,96,0,2,0,0,1,1,0,0,0,0,0
Hungary,reuters.com,2021-07-01,0,3,1,1,0,0,0,1,0,0,0,0,0,0,8,0,0,0,0,53,0,70,0,0,0,0,0,3,0,0,0,0,0
Hungary,reuters.com,2021-08-01,0,0,1,2,0,0,0,0,0,1,0,0,0,0,2,1,0,0,0,18,0,28,0,1,0,0,0,1,0,0,0,0,1
Hungary,reuters.com,2021-09-01,0,0,0,1,0,5,0,0,0,1,0,0,0,0,1,0,1,1,0,33,0,43,0,0,0,0,0,0,0,0,0,0,0
Hungary,reuters.com,2021-10-01,0,0,1,2,0,7,0,1,0,2,1,0,0,0,1,0,0,0,0,27,0,46,0,1,0,0,0,3,0,0,0,0,0
Hungary,reuters.com,2021-11-01,0,0,4,5,0,1,0,0,3,2,1,0,0,0,4,0,0,0,0,41,0,66,0,0,0,0,0,5,0,0,0,0,0
Hungary,reuters.com,2021-12-01,0,0,2,3,0,2,0,0,2,2,0,0,0,2,3,0,1,0,0,41,0,56,0,0,0,0,0,0,0,0,0,0,0
Hungary,reuters.com,2022-01-01,0,1,0,5,0,0,0,0,0,0,0,1,0,0,3,0,0,0,0,24,0,34,0,0,0,0,0,0,0,0,0,0,0
Hungary,reuters.com,2022-02-01,0,1,2,0,0,2,0,1,0,1,0,0,1,2,1,1,0,0,0,45,0,56,0,0,1,0,1,0,0,0,0,0,0
Hungary,reuters.com,2022-03-01,0,1,0,1,0,7,0,0,0,2,0,1,0,0,1,3,0,0,0,61,0,78,0,0,0,0,0,1,0,0,0,0,0
Hungary,reuters.com,2022-04-01,0,0,2,3,0,4,0,0,0,2,0,0,0,1,1,0,0,1,0,20,0,33,0,0,0,0,0,0,0,0,0,0,0
Hungary,reuters.com,2022-05-01,0,0,1,1,0,0,0,0,1,12,0,0,0,1,7,0,1,0,0,40,0,63,0,0,0,0,0,0,0,0,0,0,0
Hungary,reuters.com,2022-06-01,0,1,0,0,0,0,0,0,0,1,0,0,0,0,2,0,0,1,0,19,0,25,0,1,0,0,0,0,0,0,0,0,0
Hungary,reuters.com,2022-07-01,0,2,2,3,0,0,0,0,0,3,0,0,0,0,3,0,0,0,0,19,0,34,0,1,0,0,0,1,0,0,0,0,0
Hungary,reuters.com,2022-08-01,0,2,0,0,0,0,0,0,2,0,0,0,0,1,4,0,1,0,0,28,0,40,0,0,1,0,2,1,0,0,0,0,0
Hungary,reuters.com,2022-09-01,0,1,2,0,0,0,0,0,0,0,0,0,0,2,6,0,0,1,0,35,0,47,0,1,0,0,0,1,0,0,0,0,0
Hungary,reuters.com,2022-10-01,1,3,0,1,0,0,0,0,0,5,0,1,0,0,2,0,0,0,0,20,0,37,0,1,0,0,0,3,0,0,0,0,0
Hungary,reuters.com,2022-11-01,0,4,2,1,0,0,0,0,0,1,0,1,0,0,2,0,1,0,0,50,0,67,0,2,0,0,1,2,0,0,0,0,0
Hungary,reuters.com,2022-12-01,0,1,0,1,0,1,0,0,0,1,0,0,0,0,1,0,0,0,0,23,0,32,0,3,0,0,0,1,0,0,0,0,0
Hungary,reuters.com,2023-01-01,0,0,1,1,0,0,0,0,0,1,0,0,1,0,1,0,0,1,0,24,0,32,0,1,0,0,0,0,0,0,0,1,0
Hungary,reuters.com,2023-02-01,0,0,0,2,0,0,0,0,0,3,0,0,0,0,1,0,0,1,0,28,0,36,0,0,0,0,1,0,0,0,0,0,0
Hungary,reuters.com,2023-03-01,0,0,0,0,0,1,0,0,0,3,0,0,0,0,4,0,0,0,0,29,0,39,0,1,0,0,0,1,0,0,0,0,0
Hungary,reuters.com,2023-04-01,0,1,1,0,0,0,0,0,0,2,0,0,0,1,6,0,0,1,0,28,0,50,0,7,0,0,0,3,0,0,0,0,0
Hungary,reuters.com,2023-05-01,0,2,0,0,0,0,0,0,0,2,0,1,1,0,2,0,0,1,0,18,0,29,0,0,0,0,1,1,0,0,0,0,0
Hungary,reuters.com,2023-06-01,1,1,0,0,0,1,0,0,0,1,0,1,0,0,0,1,0,0,0,22,0,30,0,0,0,0,0,2,0,0,0,0,0
Hungary,reuters.com,2023-07-01,0,1,0,1,0,0,0,0,0,2,0,0,0,0,0,0,0,0,0,20,0,26,0,0,0,0,1,1,0,0,0,0,0
Hungary,reuters.com,2023-08-01,0,0,0,0,0,0,0,0,0,0,0,1,0,0,1,0,0,0,0,1,0,3,0,0,0,0,0,0,0,0,0,0,0
Hungary,reuters.com,2023-09-01,0,0,0,2,0,0,0,0,0,1,0,0,0,0,1,0,1,0,0,6,0,13,0,1,0,0,0,1,0,0,0,0,0
Hungary,reuters.com,2023-10-01,0,0,0,0,0,1,0,0,0,2,0,0,0,0,1,1,0,0,0,11,0,16,0,0,0,0,0,0,0,0,0,0,0
Hungary,reuters.com,2023-11-01,1,0,0,0,0,0,0,0,0,1,0,0,0,0,0,0,0,0,0,10,0,12,0,0,0,0,0,0,0,0,0,0,0
Hungary,reuters.com,2023-12-01,0,0,0,0,0,0,0,0,0,0,0,0,0,0,0,0,0,0,0,0,0,0,0,0,0,0,0,0,0,0,0,0,0
Hungary,reuters.com,2024-01-01,0,0,0,0,0,0,0,0,0,0,0,0,0,0,0,0,0,0,0,0,0,0,0,0,0,0,0,0,0,0,0,0,0
Hungary,reuters.com,2024-02-01,0,0,0,0,0,0,0,0,0,0,0,0,0,0,0,0,0,0,0,0,0,0,0,0,0,0,0,0,0,0,0,0,0
Hungary,reuters.com,2024-03-01,0,0,0,0,0,0,0,0,0,0,0,0,0,0,0,0,0,0,0,0,0,0,0,0,0,0,0,0,0,0,0,0,0
Hungary,reuters.com,2024-04-01,0,0,0,0,0,0,0,0,0,0,0,0,0,0,0,0,0,0,0,0,0,0,0,0,0,0,0,0,0,0,0,0,0
Hungary,reuters.com,2024-05-01,0,0,0,0,0,0,0,0,0,0,0,0,0,0,0,0,0,0,0,0,0,0,0,0,0,0,0,0,0,0,0,0,0
Hungary,reuters.com,2024-06-01,0,0,0,0,0,0,0,0,0,0,0,0,0,0,0,0,0,0,0,0,0,0,0,0,0,0,0,0,0,0,0,0,0
Hungary,reuters.com,2024-07-01,0,0,0,0,0,0,0,0,0,0,0,0,0,0,0,0,0,0,0,0,0,0,0,0,0,0,0,0,0,0,0,0,0
Hungary,reuters.com,2024-08-01,0,0,0,0,0,0,0,0,0,0,0,0,0,0,0,0,0,0,0,0,0,0,0,0,0,0,0,0,0,0,0,0,0
Hungary,reuters.com,2024-09-01,0,0,0,0,0,0,0,0,0,0,0,0,0,0,0,0,0,0,0,0,0,0,0,0,0,0,0,0,0,0,0,0,0
Hungary,reuters.com,2024-10-01,0,0,0,0,0,0,0,0,0,0,0,0,0,0,0,0,0,0,0,0,0,0,0,0,0,0,0,0,0,0,0,0,0
Hungary,reuters.com,2024-11-01,0,0,0,0,0,0,0,0,0,0,0,0,0,0,0,0,0,0,0,0,0,0,0,0,0,0,0,0,0,0,0,0,0
Hungary,reuters.com,2024-12-01,0,0,0,0,0,0,0,0,0,0,0,0,0,0,0,0,0,0,0,0,0,0,0,0,0,0,0,0,0,0,0,0,0
Hungary,reuters.com,2025-01-01,0,0,0,0,0,0,0,0,0,0,0,0,0,0,0,0,0,0,0,0,0,0,0,0,0,0,0,0,0,0,0,0,0
Hungary,reuters.com,2025-02-01,0,0,0,0,0,0,0,0,0,0,0,0,0,0,0,0,0,0,0,0,0,0,0,0,0,0,0,0,0,0,0,0,0
Hungary,reuters.com,2025-03-01,0,0,0,0,0,0,0,0,0,0,0,0,0,0,0,0,0,0,0,0,0,0,0,0,0,0,0,0,0,0,0,0,0
Hungary,reuters.com,2025-04-01,0,0,0,0,0,0,0,0,0,0,0,0,0,0,0,0,0,0,0,0,0,0,0,0,0,0,0,0,0,0,0,0,0
Hungary,reuters.com,2025-05-01,0,0,0,0,0,0,0,0,0,0,0,0,0,0,0,0,0,0,0,0,0,0,0,0,0,0,0,0,0,0,0,0,0
Hungary,reuters.com,2025-06-01,0,0,0,0,0,0,0,0,0,0,0,0,0,0,0,0,0,0,0,0,0,0,0,0,0,0,0,0,0,0,0,0,0
Hungary,scmp.com,2012-01-01,0,0,0,0,0,0,0,0,0,0,0,0,0,0,0,0,0,0,0,0,0,0,0,0,0,0,0,0,0,0,0,0,0
Hungary,scmp.com,2012-02-01,0,0,0,0,0,0,0,0,0,0,0,0,0,0,0,0,0,0,0,1,0,1,0,0,0,0,0,0,0,0,0,0,0
Hungary,scmp.com,2012-03-01,0,0,0,0,0,0,0,0,0,0,0,0,0,0,0,0,0,0,0,1,0,1,0,0,0,0,0,0,0,0,0,0,0
Hungary,scmp.com,2012-04-01,0,0,0,0,0,0,0,0,0,0,0,0,0,0,0,0,0,0,0,0,0,0,0,0,0,0,0,0,0,0,0,0,0
Hungary,scmp.com,2012-05-01,0,0,0,0,0,0,0,0,0,0,0,0,0,0,0,0,0,0,0,1,0,1,0,0,0,0,0,0,0,0,0,0,0
Hungary,scmp.com,2012-06-01,0,0,0,0,0,0,0,0,0,0,0,0,0,0,0,0,0,0,0,0,0,0,0,0,0,0,0,0,0,0,0,0,0
Hungary,scmp.com,2012-07-01,0,0,0,0,0,0,0,0,0,0,0,0,0,0,0,0,0,0,0,2,0,2,0,0,0,0,0,0,0,0,0,0,0
Hungary,scmp.com,2012-08-01,0,0,0,0,0,0,0,0,0,0,0,0,0,0,0,0,0,0,0,1,0,1,0,0,0,0,0,0,0,0,0,0,0
Hungary,scmp.com,2012-09-01,0,0,0,0,0,0,0,0,0,0,0,0,0,0,0,0,0,0,0,0,0,0,0,0,0,0,0,0,0,0,0,0,0
Hungary,scmp.com,2012-10-01,0,0,0,0,0,0,0,0,0,1,0,0,0,0,0,0,0,0,0,3,0,4,0,0,0,0,0,0,0,0,0,0,0
Hungary,scmp.com,2012-11-01,0,0,0,0,0,0,0,0,0,0,0,0,0,0,0,0,0,0,0,0,0,0,0,0,0,0,0,0,0,0,0,0,0
Hungary,scmp.com,2012-12-01,0,0,0,0,0,0,0,0,0,0,0,0,0,0,0,0,0,0,0,0,0,0,0,0,0,0,0,0,0,0,0,0,0
Hungary,scmp.com,2013-01-01,0,0,0,0,0,0,0,0,0,0,0,0,0,0,0,0,0,0,0,0,0,0,0,0,0,0,0,0,0,0,0,0,0
Hungary,scmp.com,2013-02-01,0,0,0,0,0,0,0,0,0,0,0,0,0,0,0,0,0,0,0,0,0,0,0,0,0,0,0,0,0,0,0,0,0
Hungary,scmp.com,2013-03-01,0,0,0,0,0,0,0,0,0,0,0,0,0,0,0,0,0,0,0,0,0,0,0,0,0,0,0,0,0,0,0,0,0
Hungary,scmp.com,2013-04-01,0,0,0,0,0,0,0,0,0,0,0,0,0,0,0,0,0,0,0,2,0,2,0,0,0,0,0,0,0,0,0,0,0
Hungary,scmp.com,2013-05-01,0,0,0,0,0,0,0,0,0,0,0,0,0,0,0,0,0,0,0,2,0,2,0,0,0,0,0,0,0,0,0,0,0
Hungary,scmp.com,2013-06-01,0,0,0,1,0,0,0,0,0,0,0,0,0,0,0,0,0,0,0,1,0,2,0,0,0,0,0,0,0,0,0,0,0
Hungary,scmp.com,2013-07-01,0,0,0,0,0,0,0,0,0,0,0,0,0,0,0,0,0,0,0,1,0,2,0,0,0,0,1,0,0,0,0,0,0
Hungary,scmp.com,2013-08-01,0,0,0,0,0,0,0,0,0,0,0,0,0,0,0,0,0,0,0,0,0,0,0,0,0,0,0,0,0,0,0,0,0
Hungary,scmp.com,2013-09-01,0,0,0,0,0,0,0,0,0,0,0,0,0,0,0,0,0,0,0,0,0,0,0,0,0,0,0,0,0,0,0,0,0
Hungary,scmp.com,2013-10-01,0,0,0,0,0,0,0,0,0,0,0,0,0,0,0,0,0,0,0,1,0,1,0,0,0,0,0,0,0,0,0,0,0
Hungary,scmp.com,2013-11-01,0,0,0,0,0,0,0,0,0,0,0,0,0,0,0,0,0,0,0,1,0,1,0,0,0,0,0,0,0,0,0,0,0
Hungary,scmp.com,2013-12-01,0,0,0,0,0,0,0,0,0,0,0,0,0,0,0,0,0,0,0,0,0,0,0,0,0,0,0,0,0,0,0,0,0
Hungary,scmp.com,2014-01-01,0,0,0,0,0,0,0,0,0,0,0,0,0,0,0,0,0,0,0,1,0,1,0,0,0,0,0,0,0,0,0,0,0
Hungary,scmp.com,2014-02-01,0,0,0,0,0,0,0,0,0,0,0,0,0,0,0,0,0,0,0,1,0,1,0,0,0,0,0,0,0,0,0,0,0
Hungary,scmp.com,2014-03-01,0,0,1,0,0,0,0,0,0,0,0,0,0,0,0,0,0,0,0,1,0,2,0,0,0,0,0,0,0,0,0,0,0
Hungary,scmp.com,2014-04-01,0,1,0,0,0,1,0,0,0,0,0,0,0,0,0,0,0,0,0,0,0,2,0,0,0,0,0,0,0,0,0,0,0
Hungary,scmp.com,2014-05-01,0,0,0,0,0,0,0,0,0,0,0,0,0,0,0,0,0,0,0,0,0,0,0,0,0,0,0,0,0,0,0,0,0
Hungary,scmp.com,2014-06-01,0,0,0,0,0,0,0,0,0,0,0,0,0,0,0,0,0,0,0,1,0,1,0,0,0,0,0,0,0,0,0,0,0
Hungary,scmp.com,2014-07-01,0,0,0,0,0,0,0,0,0,0,0,0,0,0,0,0,0,0,0,0,0,0,0,0,0,0,0,0,0,0,0,0,0
Hungary,scmp.com,2014-08-01,0,0,0,0,0,0,0,0,0,0,0,0,0,0,0,0,0,0,0,1,0,1,0,0,0,0,0,0,0,0,0,0,0
Hungary,scmp.com,2014-09-01,0,0,0,0,0,0,0,0,0,0,0,0,0,0,0,0,0,0,0,1,0,1,0,0,0,0,0,0,0,0,0,0,0
Hungary,scmp.com,2014-10-01,0,0,0,0,0,0,0,0,0,0,0,0,0,0,0,0,0,0,0,0,0,0,0,0,0,0,0,0,0,0,0,0,0
Hungary,scmp.com,2014-11-01,0,1,0,0,0,0,0,0,0,0,0,0,0,0,1,0,0,0,0,0,0,2,0,0,0,0,0,0,0,0,0,0,0
Hungary,scmp.com,2014-12-01,0,0,0,0,0,0,0,0,0,0,0,0,0,0,0,0,0,0,0,2,0,2,0,0,0,0,0,0,0,0,0,0,0
Hungary,scmp.com,2015-01-01,0,0,0,0,0,0,0,0,0,0,0,0,0,0,0,0,0,0,0,1,0,1,0,0,0,0,0,0,0,0,0,0,0
Hungary,scmp.com,2015-02-01,0,0,0,0,0,0,0,0,0,0,0,0,0,0,0,0,0,0,0,2,0,2,0,0,0,0,0,0,0,0,0,0,0
Hungary,scmp.com,2015-03-01,0,0,0,0,0,0,0,0,0,0,0,0,0,0,0,0,0,0,0,2,0,2,0,0,0,0,0,0,0,0,0,0,0
Hungary,scmp.com,2015-04-01,0,0,0,0,0,0,0,0,0,0,0,0,0,0,0,0,0,0,0,0,0,0,0,0,0,0,0,0,0,0,0,0,0
Hungary,scmp.com,2015-05-01,0,0,0,0,0,0,0,0,0,0,0,0,0,0,0,0,0,0,0,0,0,0,0,0,0,0,0,0,0,0,0,0,0
Hungary,scmp.com,2015-06-01,0,0,0,0,0,0,0,0,0,0,0,0,0,0,0,0,0,0,0,2,0,2,0,0,0,0,0,0,0,0,0,0,0
Hungary,scmp.com,2015-07-01,0,0,0,0,0,0,0,0,0,0,0,0,0,0,0,0,0,0,0,0,0,0,0,0,0,0,0,0,0,0,0,0,0
Hungary,scmp.com,2015-08-01,0,0,1,0,0,0,0,0,0,0,0,0,0,0,1,0,0,0,0,1,0,3,0,0,0,0,0,0,0,0,0,0,0
Hungary,scmp.com,2015-09-01,0,0,0,1,0,0,0,0,0,0,0,1,0,0,0,0,0,0,0,14,0,16,0,0,0,0,0,0,0,0,0,0,0
Hungary,scmp.com,2015-10-01,0,0,0,0,0,0,0,0,0,0,0,0,0,0,0,0,0,0,0,1,0,1,0,0,0,0,0,0,0,0,0,0,0
Hungary,scmp.com,2015-11-01,0,0,0,0,0,0,0,0,0,0,0,0,0,0,0,0,0,0,0,0,0,0,0,0,0,0,0,0,0,0,0,0,0
Hungary,scmp.com,2015-12-01,0,1,0,0,0,0,0,0,0,0,0,0,0,0,0,0,0,0,0,2,0,3,0,0,0,0,0,0,0,0,0,0,0
Hungary,scmp.com,2016-01-01,0,0,0,0,0,0,0,0,0,0,0,0,0,0,0,0,0,0,0,0,0,0,0,0,0,0,0,0,0,0,0,0,0
Hungary,scmp.com,2016-02-01,0,0,0,0,0,0,0,0,0,0,0,0,0,0,0,0,0,0,0,1,0,1,0,0,0,0,0,0,0,0,0,0,0
Hungary,scmp.com,2016-03-01,0,0,0,0,0,0,0,0,0,0,0,0,0,0,0,0,0,0,0,1,0,1,0,0,0,0,0,0,0,0,0,0,0
Hungary,scmp.com,2016-04-01,0,0,0,0,0,0,0,0,0,0,0,0,0,0,0,0,0,0,0,0,0,0,0,0,0,0,0,0,0,0,0,0,0
Hungary,scmp.com,2016-05-01,0,0,0,0,0,0,0,0,0,0,0,0,0,0,0,0,0,0,0,1,0,1,0,0,0,0,0,0,0,0,0,0,0
Hungary,scmp.com,2016-06-01,0,0,0,0,0,0,0,0,0,0,0,0,0,0,0,0,0,0,0,0,0,0,0,0,0,0,0,0,0,0,0,0,0
Hungary,scmp.com,2016-07-01,0,0,0,0,0,0,0,0,0,0,0,0,0,0,0,0,0,0,0,3,0,3,0,0,0,0,0,0,0,0,0,0,0
Hungary,scmp.com,2016-08-01,0,0,0,0,0,0,0,0,0,0,0,0,0,0,0,0,0,0,0,3,0,3,0,0,0,0,0,0,0,0,0,0,0
Hungary,scmp.com,2016-09-01,0,0,0,0,0,0,0,0,0,0,0,0,0,0,0,0,0,0,0,1,0,1,0,0,0,0,0,0,0,0,0,0,0
Hungary,scmp.com,2016-10-01,0,0,0,0,0,1,0,0,0,0,0,0,0,0,0,0,0,0,0,2,0,3,0,0,0,0,0,0,0,0,0,0,0
Hungary,scmp.com,2016-11-01,0,0,1,0,0,0,0,0,0,0,0,0,0,0,0,0,0,0,0,0,0,1,0,0,0,0,0,0,0,0,0,0,0
Hungary,scmp.com,2016-12-01,1,0,0,0,0,0,0,0,0,0,0,0,0,0,0,0,0,0,0,0,0,1,0,0,0,0,0,0,0,0,0,0,0
Hungary,scmp.com,2017-01-01,0,0,0,1,0,0,0,0,0,0,0,0,0,0,0,0,0,0,0,1,0,2,0,0,0,0,0,0,0,0,0,0,0
Hungary,scmp.com,2017-02-01,0,0,0,0,0,0,0,0,0,0,0,0,0,0,0,0,0,0,0,2,0,3,0,0,0,0,1,0,0,0,0,0,0
Hungary,scmp.com,2017-03-01,0,0,0,0,0,0,0,0,0,0,0,0,0,0,0,0,0,0,0,0,0,0,0,0,0,0,0,0,0,0,0,0,0
Hungary,scmp.com,2017-04-01,0,0,1,0,0,0,0,0,0,0,0,0,0,0,0,0,0,0,0,0,0,1,0,0,0,0,0,0,0,0,0,0,0
Hungary,scmp.com,2017-05-01,0,0,0,0,0,0,0,0,0,0,0,0,0,0,0,0,0,0,0,1,0,1,0,0,0,0,0,0,0,0,0,0,0
Hungary,scmp.com,2017-06-01,0,0,0,0,0,0,0,0,0,0,0,0,0,0,0,0,0,0,0,1,0,1,0,0,0,0,0,0,0,0,0,0,0
Hungary,scmp.com,2017-07-01,0,0,0,0,0,0,0,0,0,0,0,0,0,0,0,0,0,0,0,1,0,1,0,0,0,0,0,0,0,0,0,0,0
Hungary,scmp.com,2017-08-01,0,0,0,1,0,0,0,0,0,0,0,0,0,0,0,0,0,0,0,0,0,1,0,0,0,0,0,0,0,0,0,0,0
Hungary,scmp.com,2017-09-01,0,0,0,0,0,0,0,0,0,0,0,0,0,0,0,0,0,0,0,2,0,2,0,0,0,0,0,0,0,0,0,0,0
Hungary,scmp.com,2017-10-01,0,0,0,0,0,0,0,0,0,0,0,0,0,0,0,0,0,0,0,0,0,0,0,0,0,0,0,0,0,0,0,0,0
Hungary,scmp.com,2017-11-01,0,0,0,0,0,0,0,0,0,0,0,0,0,0,0,0,0,0,0,1,0,1,0,0,0,0,0,0,0,0,0,0,0
Hungary,scmp.com,2017-12-01,0,0,0,0,1,0,0,0,0,0,0,0,0,0,0,0,0,0,0,0,0,1,0,0,0,0,0,0,0,0,0,0,0
Hungary,scmp.com,2018-01-01,0,0,0,0,0,0,0,0,0,0,0,0,0,0,0,0,0,0,0,1,0,1,0,0,0,0,0,0,0,0,0,0,0
Hungary,scmp.com,2018-02-01,0,0,0,0,0,0,0,0,0,0,0,0,0,0,0,0,0,0,0,0,0,0,0,0,0,0,0,0,0,0,0,0,0
Hungary,scmp.com,2018-03-01,1,0,0,0,0,1,0,0,0,0,0,0,0,0,0,0,0,0,0,2,0,4,0,0,0,0,0,0,0,0,0,0,0
Hungary,scmp.com,2018-04-01,0,1,0,0,0,2,1,0,0,0,0,0,0,0,0,0,0,0,0,2,0,6,0,0,0,0,0,0,0,0,0,0,0
Hungary,scmp.com,2018-05-01,0,0,0,0,0,0,0,0,0,0,0,0,0,0,0,0,0,0,0,0,0,0,0,0,0,0,0,0,0,0,0,0,0
Hungary,scmp.com,2018-06-01,0,0,0,0,0,0,0,0,0,0,0,0,0,0,0,0,0,0,0,1,0,2,1,0,0,0,0,0,0,0,0,0,0
Hungary,scmp.com,2018-07-01,0,0,0,0,0,0,0,0,0,0,0,0,0,0,0,0,0,0,0,1,0,1,0,0,0,0,0,0,0,0,0,0,0
Hungary,scmp.com,2018-08-01,0,0,0,1,0,0,0,0,0,0,0,0,0,0,0,0,0,0,0,0,0,1,0,0,0,0,0,0,0,0,0,0,0
Hungary,scmp.com,2018-09-01,0,0,0,0,0,0,0,0,0,0,0,0,0,0,0,0,0,0,0,0,0,0,0,0,0,0,0,0,0,0,0,0,0
Hungary,scmp.com,2018-10-01,0,0,0,0,0,0,0,0,0,0,0,0,0,0,0,0,0,0,0,0,0,0,0,0,0,0,0,0,0,0,0,0,0
Hungary,scmp.com,2018-11-01,0,0,0,0,0,0,0,0,0,1,0,0,0,0,0,0,0,0,0,0,0,2,0,0,0,0,1,0,0,0,0,0,0
Hungary,scmp.com,2018-12-01,0,1,0,0,0,0,0,0,0,0,0,0,0,0,0,0,0,0,0,0,0,1,0,0,0,0,0,0,0,0,0,0,0
Hungary,scmp.com,2019-01-01,0,1,0,0,0,0,0,0,0,0,0,0,0,0,0,0,0,0,0,1,0,2,0,0,0,0,0,0,0,0,0,0,0
Hungary,scmp.com,2019-02-01,0,0,0,0,0,0,0,0,0,0,0,0,0,0,0,0,0,0,0,0,0,0,0,0,0,0,0,0,0,0,0,0,0
Hungary,scmp.com,2019-03-01,0,0,0,0,0,0,0,0,0,0,0,0,0,0,0,0,0,0,0,0,0,0,0,0,0,0,0,0,0,0,0,0,0
Hungary,scmp.com,2019-04-01,0,0,0,0,0,0,0,0,0,0,0,0,0,0,0,0,0,0,0,1,0,1,0,0,0,0,0,0,0,0,0,0,0
Hungary,scmp.com,2019-05-01,0,0,0,2,0,0,0,0,0,0,0,0,0,0,0,0,0,0,0,1,0,3,0,0,0,0,0,0,0,0,0,0,0
Hungary,scmp.com,2019-06-01,0,0,0,2,0,0,0,0,0,0,0,0,0,0,0,0,0,0,0,1,0,4,0,0,0,0,1,0,0,0,0,0,0
Hungary,scmp.com,2019-07-01,0,0,0,0,0,0,0,0,0,0,0,0,0,0,0,0,0,0,0,1,0,1,0,0,0,0,0,0,0,0,0,0,0
Hungary,scmp.com,2019-08-01,0,0,0,0,0,0,0,1,0,0,0,0,0,0,0,0,0,0,0,0,0,1,0,0,0,0,0,0,0,0,0,0,0
Hungary,scmp.com,2019-09-01,0,0,0,0,0,0,0,0,0,1,0,0,0,0,0,0,0,0,0,0,0,1,0,0,0,0,0,0,0,0,0,0,0
Hungary,scmp.com,2019-10-01,0,0,0,0,0,0,0,0,0,0,0,0,0,0,0,0,0,0,0,1,0,1,0,0,0,0,0,0,0,0,0,0,0
Hungary,scmp.com,2019-11-01,0,0,0,0,0,0,0,0,0,0,0,0,0,0,0,0,0,0,0,1,0,1,0,0,0,0,0,0,0,0,0,0,0
Hungary,scmp.com,2019-12-01,0,0,0,0,0,0,0,0,0,0,0,0,0,0,0,0,0,0,0,0,0,0,0,0,0,0,0,0,0,0,0,0,0
Hungary,scmp.com,2020-01-01,0,0,1,0,0,0,0,0,0,0,1,0,0,0,0,0,0,0,0,0,0,2,0,0,0,0,0,0,0,0,0,0,0
Hungary,scmp.com,2020-02-01,0,0,0,0,0,0,0,0,0,0,0,0,0,0,0,0,0,0,0,1,0,1,0,0,0,0,0,0,0,0,0,0,0
Hungary,scmp.com,2020-03-01,0,0,0,0,0,0,0,0,0,0,0,0,0,0,0,0,0,0,0,0,0,0,0,0,0,0,0,0,0,0,0,0,0
Hungary,scmp.com,2020-04-01,0,0,0,0,0,0,0,0,0,0,0,0,0,0,0,0,0,0,0,0,0,0,0,0,0,0,0,0,0,0,0,0,0
Hungary,scmp.com,2020-05-01,0,0,0,0,0,0,0,0,0,0,0,0,0,0,0,0,0,0,0,1,0,1,0,0,0,0,0,0,0,0,0,0,0
Hungary,scmp.com,2020-06-01,0,0,0,0,0,0,0,0,0,0,0,0,0,0,0,0,0,0,0,0,0,0,0,0,0,0,0,0,0,0,0,0,0
Hungary,scmp.com,2020-07-01,0,0,0,0,0,0,0,0,0,0,0,0,0,0,0,0,0,0,0,0,0,1,0,0,0,0,0,1,0,0,0,0,0
Hungary,scmp.com,2020-08-01,0,0,0,0,0,0,0,0,0,0,0,0,0,0,0,0,0,0,0,1,0,1,0,0,0,0,0,0,0,0,0,0,0
Hungary,scmp.com,2020-09-01,0,0,0,1,0,0,0,0,0,0,0,0,0,0,0,0,0,0,0,0,0,1,0,0,0,0,0,0,0,0,0,0,0
Hungary,scmp.com,2020-10-01,0,0,0,0,0,0,0,0,0,0,0,0,0,0,0,0,0,0,0,1,0,1,0,0,0,0,0,0,0,0,0,0,0
Hungary,scmp.com,2020-11-01,0,0,0,1,0,0,0,0,0,0,0,0,0,0,0,0,0,0,0,0,0,1,0,0,0,0,0,0,0,0,0,0,0
Hungary,scmp.com,2020-12-01,0,0,0,0,0,0,0,0,0,0,0,0,0,0,0,0,0,0,0,2,0,2,0,0,0,0,0,0,0,0,0,0,0
Hungary,scmp.com,2021-01-01,0,0,0,0,0,0,0,0,0,0,0,0,0,0,0,0,0,0,0,3,0,3,0,0,0,0,0,0,0,0,0,0,0
Hungary,scmp.com,2021-02-01,0,0,0,0,0,0,0,0,0,0,0,0,0,0,0,0,0,0,0,3,0,3,0,0,0,0,0,0,0,0,0,0,0
Hungary,scmp.com,2021-03-01,0,0,0,0,0,0,0,0,0,0,0,0,0,0,0,0,0,0,0,0,0,0,0,0,0,0,0,0,0,0,0,0,0
Hungary,scmp.com,2021-04-01,0,0,0,0,0,0,0,0,0,0,0,0,0,0,0,0,0,0,0,2,0,2,0,0,0,0,0,0,0,0,0,0,0
Hungary,scmp.com,2021-05-01,0,0,0,0,0,0,0,0,0,0,0,0,0,0,0,0,0,0,0,4,0,4,0,0,0,0,0,0,0,0,0,0,0
Hungary,scmp.com,2021-06-01,0,1,0,0,0,1,0,0,0,0,0,0,0,0,3,0,0,0,0,8,0,14,0,0,0,0,0,1,0,0,0,0,0
Hungary,scmp.com,2021-07-01,0,2,0,0,0,0,0,0,0,0,0,0,0,0,0,0,0,0,0,0,0,2,0,0,0,0,0,0,0,0,0,0,0
Hungary,scmp.com,2021-08-01,0,0,0,0,0,0,0,0,0,0,0,0,0,0,0,0,0,0,0,2,0,2,0,0,0,0,0,0,0,0,0,0,0
Hungary,scmp.com,2021-09-01,0,0,0,0,0,0,0,0,0,0,0,0,0,0,0,0,0,0,0,1,0,1,0,0,0,0,0,0,0,0,0,0,0
Hungary,scmp.com,2021-10-01,0,0,0,0,0,0,0,0,0,0,0,0,0,0,0,0,0,0,0,0,0,0,0,0,0,0,0,0,0,0,0,0,0
Hungary,scmp.com,2021-11-01,0,0,0,0,0,0,0,0,0,0,0,0,0,0,0,0,0,0,0,1,0,1,0,0,0,0,0,0,0,0,0,0,0
Hungary,scmp.com,2021-12-01,0,0,0,0,0,0,0,0,0,0,0,0,0,0,0,0,0,0,0,0,0,0,0,0,0,0,0,0,0,0,0,0,0
Hungary,scmp.com,2022-01-01,0,0,0,0,0,0,0,0,0,0,0,0,0,0,0,0,0,0,0,0,0,0,0,0,0,0,0,0,0,0,0,0,0
Hungary,scmp.com,2022-02-01,0,0,0,0,0,0,0,0,0,0,0,0,0,0,0,0,0,0,0,1,0,1,0,0,0,0,0,0,0,0,0,0,0
Hungary,scmp.com,2022-03-01,0,0,0,0,0,1,0,0,0,0,0,0,0,0,0,0,0,0,0,1,0,2,0,0,0,0,0,0,0,0,0,0,0
Hungary,scmp.com,2022-04-01,0,0,0,0,0,2,0,0,0,0,0,0,0,0,0,0,0,0,0,0,0,2,0,0,0,0,0,0,0,0,0,0,0
Hungary,scmp.com,2022-05-01,0,0,0,0,0,0,0,0,0,0,0,0,0,0,1,0,0,0,0,1,0,2,0,0,0,0,0,0,0,0,0,0,0
Hungary,scmp.com,2022-06-01,0,0,0,0,0,0,0,0,0,0,0,0,0,0,0,0,0,0,0,1,0,1,0,0,0,0,0,0,0,0,0,0,0
Hungary,scmp.com,2022-07-01,0,0,0,0,0,0,0,0,0,0,0,0,0,0,0,0,0,0,0,0,0,0,0,0,0,0,0,0,0,0,0,0,0
Hungary,scmp.com,2022-08-01,0,0,0,0,0,0,0,0,0,0,0,0,0,0,0,0,0,0,0,2,0,2,0,0,0,0,0,0,0,0,0,0,0
Hungary,scmp.com,2022-09-01,0,0,0,0,0,0,0,0,0,0,0,0,0,0,0,0,0,0,0,0,0,0,0,0,0,0,0,0,0,0,0,0,0
Hungary,scmp.com,2022-10-01,0,0,0,0,0,0,0,0,0,0,0,0,0,0,0,0,0,0,0,2,0,2,0,0,0,0,0,0,0,0,0,0,0
Hungary,scmp.com,2022-11-01,0,0,0,0,0,0,0,0,0,0,0,0,0,0,0,0,0,0,0,0,0,0,0,0,0,0,0,0,0,0,0,0,0
Hungary,scmp.com,2022-12-01,0,0,0,0,0,0,0,0,0,0,0,0,0,0,0,0,0,0,0,0,0,0,0,0,0,0,0,0,0,0,0,0,0
Hungary,scmp.com,2023-01-01,0,0,0,0,0,0,0,0,0,0,0,0,0,0,0,0,0,0,0,1,0,1,0,0,0,0,0,0,0,0,0,0,0
Hungary,scmp.com,2023-02-01,0,0,0,0,0,0,0,0,0,1,0,0,0,0,0,0,0,0,0,1,0,2,0,0,0,0,0,0,0,0,0,0,0
Hungary,scmp.com,2023-03-01,0,0,0,0,0,0,0,0,0,0,0,0,0,0,0,0,0,0,0,2,0,2,0,0,0,0,0,0,0,0,0,0,0
Hungary,scmp.com,2023-04-01,0,0,0,0,0,0,0,0,0,0,0,0,0,0,0,0,0,0,0,1,0,1,0,0,0,0,0,0,0,0,0,0,0
Hungary,scmp.com,2023-05-01,0,0,0,0,0,0,0,0,0,0,0,0,0,0,0,1,0,0,0,3,0,4,0,0,0,0,0,0,0,0,0,0,0
Hungary,scmp.com,2023-06-01,0,0,0,0,0,0,0,0,0,0,0,0,0,0,0,0,0,0,0,2,0,2,0,0,0,0,0,0,0,0,0,0,0
Hungary,scmp.com,2023-07-01,0,0,0,0,0,0,0,0,0,0,0,0,0,0,0,0,0,0,0,1,0,1,0,0,0,0,0,0,0,0,0,0,0
Hungary,scmp.com,2023-08-01,0,0,0,0,0,0,0,0,0,0,0,0,0,0,0,0,0,0,0,1,0,1,0,0,0,0,0,0,0,0,0,0,0
Hungary,scmp.com,2023-09-01,0,0,0,0,0,0,0,0,0,0,0,0,0,0,0,0,0,0,0,0,0,1,0,0,0,0,1,0,0,0,0,0,0
Hungary,scmp.com,2023-10-01,0,0,0,0,0,0,0,0,0,1,0,0,0,0,0,0,0,0,0,1,0,2,0,0,0,0,0,0,0,0,0,0,0
Hungary,scmp.com,2023-11-01,0,0,0,0,0,0,0,0,0,1,0,0,0,0,0,0,0,0,0,3,0,4,0,0,0,0,0,0,0,0,0,0,0
Hungary,scmp.com,2023-12-01,0,0,0,0,0,0,0,0,0,0,0,0,0,0,0,0,0,0,0,3,0,3,0,0,0,0,0,0,0,0,0,0,0
Hungary,scmp.com,2024-01-01,0,0,0,0,0,0,0,0,0,0,0,0,0,0,0,0,0,0,0,4,0,4,0,0,0,0,0,0,0,0,0,0,0
Hungary,scmp.com,2024-02-01,0,0,0,0,0,0,0,0,0,1,0,0,0,0,0,0,0,1,0,6,0,8,0,0,0,0,0,0,0,0,0,0,0
Hungary,scmp.com,2024-03-01,0,0,0,0,0,0,0,0,0,0,0,0,0,0,0,0,0,0,0,1,0,1,0,0,0,0,0,0,0,0,0,0,0
Hungary,scmp.com,2024-04-01,0,0,0,0,0,0,0,0,0,0,0,0,0,0,0,0,0,0,0,5,0,5,0,0,0,0,0,0,0,0,0,0,0
Hungary,scmp.com,2024-05-01,0,0,0,0,0,0,0,0,0,0,0,0,0,0,1,0,0,0,0,13,0,14,0,0,0,0,0,0,0,0,0,0,0
Hungary,scmp.com,2024-06-01,0,0,0,0,0,1,0,0,0,1,0,0,0,0,0,0,0,0,0,4,0,7,0,0,0,0,0,1,0,0,0,0,0
Hungary,scmp.com,2024-07-01,0,0,0,0,0,0,0,0,0,1,0,0,0,0,0,0,0,0,0,9,0,10,0,0,0,0,0,0,0,0,0,0,0
Hungary,scmp.com,2024-08-01,0,0,0,0,0,0,0,0,0,0,0,0,0,0,0,0,0,0,0,0,0,0,0,0,0,0,0,0,0,0,0,0,0
Hungary,scmp.com,2024-09-01,0,0,1,1,0,0,0,0,0,0,0,0,0,1,0,0,0,0,1,2,0,5,0,0,0,0,0,0,0,0,0,0,0
Hungary,scmp.com,2024-10-01,0,0,0,0,0,0,0,0,0,0,0,0,0,0,0,0,0,0,0,1,0,1,0,0,0,0,0,0,0,0,0,0,0
Hungary,scmp.com,2024-11-01,0,0,0,0,0,0,0,0,0,0,0,0,0,0,0,0,0,0,0,2,0,2,0,0,0,0,0,0,0,0,0,0,0
Hungary,scmp.com,2024-12-01,0,0,0,0,0,0,1,0,0,0,0,0,0,0,0,0,0,0,0,2,0,3,0,0,0,0,0,0,0,0,0,0,0
Hungary,scmp.com,2025-01-01,0,0,0,0,0,0,0,0,0,0,0,0,0,0,0,0,0,0,0,2,0,2,0,0,0,0,0,0,0,0,0,0,0
Hungary,scmp.com,2025-02-01,0,0,0,0,0,0,0,0,0,0,0,0,0,0,0,0,0,0,0,0,0,0,0,0,0,0,0,0,0,0,0,0,0
Hungary,scmp.com,2025-03-01,0,0,0,0,0,0,1,0,0,1,0,0,0,0,0,0,0,0,0,10,0,13,1,0,0,0,0,0,0,0,0,0,0
Hungary,scmp.com,2025-04-01,0,0,0,0,0,0,0,0,0,0,0,0,0,0,0,0,0,0,0,0,0,0,0,0,0,0,0,0,0,0,0,0,0
Hungary,scmp.com,2025-05-01,0,0,0,0,0,0,0,0,0,0,0,0,0,0,0,0,0,0,0,0,0,0,0,0,0,0,0,0,0,0,0,0,0
Hungary,scmp.com,2025-06-01,0,0,0,0,0,0,0,0,0,0,0,0,0,0,0,0,0,0,0,0,0,0,0,0,0,0,0,0,0,0,0,0,0
Hungary,theguardian.com,2012-01-01,0,0,0,0,0,0,0,0,0,0,0,0,0,0,0,0,0,0,0,1,0,1,0,0,0,0,0,0,0,0,0,0,0
Hungary,theguardian.com,2012-02-01,0,0,0,0,0,0,0,0,0,0,0,0,0,0,0,0,0,0,0,0,0,0,0,0,0,0,0,0,0,0,0,0,0
Hungary,theguardian.com,2012-03-01,0,0,0,0,0,0,0,0,0,0,0,0,0,0,0,0,0,0,0,0,0,0,0,0,0,0,0,0,0,0,0,0,0
Hungary,theguardian.com,2012-04-01,0,0,0,0,0,0,0,0,0,0,0,0,0,0,0,0,0,0,0,0,0,0,0,0,0,0,0,0,0,0,0,0,0
Hungary,theguardian.com,2012-05-01,0,0,0,0,0,0,0,0,0,0,0,0,0,0,0,0,0,0,0,0,0,0,0,0,0,0,0,0,0,0,0,0,0
Hungary,theguardian.com,2012-06-01,0,0,0,0,0,0,0,0,0,0,0,0,0,0,0,0,0,0,0,0,0,0,0,0,0,0,0,0,0,0,0,0,0
Hungary,theguardian.com,2012-07-01,0,0,0,0,0,0,0,0,0,0,0,0,0,0,0,0,0,0,0,0,0,0,0,0,0,0,0,0,0,0,0,0,0
Hungary,theguardian.com,2012-08-01,0,0,0,0,0,0,0,0,0,0,0,0,0,0,0,0,0,0,0,1,0,1,0,0,0,0,0,0,0,0,0,0,0
Hungary,theguardian.com,2012-09-01,0,0,0,0,0,0,0,0,0,0,0,0,0,0,0,0,0,0,0,0,0,0,0,0,0,0,0,0,0,0,0,0,0
Hungary,theguardian.com,2012-10-01,0,0,0,0,0,0,0,0,0,0,0,0,0,0,0,0,0,0,0,0,0,0,0,0,0,0,0,0,0,0,0,0,0
Hungary,theguardian.com,2012-11-01,0,0,0,0,0,0,0,0,0,0,0,0,0,0,0,0,0,0,0,0,0,0,0,0,0,0,0,0,0,0,0,0,0
Hungary,theguardian.com,2012-12-01,0,0,0,0,0,0,0,0,0,0,0,0,0,0,0,0,0,0,0,0,0,0,0,0,0,0,0,0,0,0,0,0,0
Hungary,theguardian.com,2013-01-01,0,0,0,0,0,0,0,0,0,0,0,0,0,0,0,0,0,0,0,0,0,0,0,0,0,0,0,0,0,0,0,0,0
Hungary,theguardian.com,2013-02-01,0,0,0,0,0,0,0,0,0,0,0,0,0,0,0,0,0,0,0,0,0,0,0,0,0,0,0,0,0,0,0,0,0
Hungary,theguardian.com,2013-03-01,0,0,0,0,0,0,0,0,0,0,0,0,0,0,0,0,0,0,0,0,0,0,0,0,0,0,0,0,0,0,0,0,0
Hungary,theguardian.com,2013-04-01,0,0,0,0,0,0,0,0,0,0,0,0,0,0,0,0,0,0,0,0,0,0,0,0,0,0,0,0,0,0,0,0,0
Hungary,theguardian.com,2013-05-01,0,0,0,0,0,0,0,0,0,0,0,0,0,0,0,0,0,0,0,0,0,0,0,0,0,0,0,0,0,0,0,0,0
Hungary,theguardian.com,2013-06-01,0,0,0,0,0,0,0,0,0,0,0,0,0,0,0,0,0,0,0,0,0,0,0,0,0,0,0,0,0,0,0,0,0
Hungary,theguardian.com,2013-07-01,0,0,0,0,0,0,0,0,0,0,0,0,0,0,0,0,0,0,0,0,0,0,0,0,0,0,0,0,0,0,0,0,0
Hungary,theguardian.com,2013-08-01,0,0,0,0,0,0,0,0,0,0,0,0,0,0,0,0,0,0,0,0,0,0,0,0,0,0,0,0,0,0,0,0,0
Hungary,theguardian.com,2013-09-01,0,0,0,0,0,0,0,0,0,0,0,0,0,0,0,0,0,0,0,0,0,0,0,0,0,0,0,0,0,0,0,0,0
Hungary,theguardian.com,2013-10-01,0,0,0,0,0,0,0,0,0,0,0,0,0,0,0,0,0,0,0,0,0,0,0,0,0,0,0,0,0,0,0,0,0
Hungary,theguardian.com,2013-11-01,0,0,0,0,0,0,0,0,0,0,0,0,0,0,0,0,0,0,0,0,0,0,0,0,0,0,0,0,0,0,0,0,0
Hungary,theguardian.com,2013-12-01,0,0,0,0,0,0,0,0,0,0,0,0,0,0,0,0,0,0,0,0,0,0,0,0,0,0,0,0,0,0,0,0,0
Hungary,theguardian.com,2014-01-01,0,0,0,0,0,0,0,0,0,0,0,0,0,0,0,0,0,0,0,0,0,2,2,0,0,0,0,0,0,0,0,0,0
Hungary,theguardian.com,2014-02-01,0,0,0,0,0,0,0,0,0,0,0,0,0,0,0,0,0,0,0,0,0,0,0,0,0,0,0,0,0,0,0,0,0
Hungary,theguardian.com,2014-03-01,0,0,0,0,0,0,0,0,0,0,0,0,0,0,0,0,0,0,0,0,0,0,0,0,0,0,0,0,0,0,0,0,0
Hungary,theguardian.com,2014-04-01,0,0,0,0,0,0,0,0,0,0,0,0,0,0,0,0,0,0,0,0,0,0,0,0,0,0,0,0,0,0,0,0,0
Hungary,theguardian.com,2014-05-01,0,0,0,0,0,0,0,0,0,0,0,0,0,0,0,0,0,0,0,0,0,0,0,0,0,0,0,0,0,0,0,0,0
Hungary,theguardian.com,2014-06-01,0,0,0,0,0,0,0,0,0,0,0,0,0,0,0,0,0,0,0,0,0,0,0,0,0,0,0,0,0,0,0,0,0
Hungary,theguardian.com,2014-07-01,0,0,0,0,0,0,0,0,0,0,0,0,0,0,0,0,0,0,0,0,0,0,0,0,0,0,0,0,0,0,0,0,0
Hungary,theguardian.com,2014-08-01,0,0,0,0,0,0,0,0,0,0,0,0,0,0,0,0,0,0,0,0,0,0,0,0,0,0,0,0,0,0,0,0,0
Hungary,theguardian.com,2014-09-01,0,0,0,0,0,0,0,0,0,0,0,0,0,0,0,0,0,0,0,0,0,0,0,0,0,0,0,0,0,0,0,0,0
Hungary,theguardian.com,2014-10-01,0,0,0,0,0,0,0,0,0,0,0,0,0,0,0,0,0,0,0,0,0,0,0,0,0,0,0,0,0,0,0,0,0
Hungary,theguardian.com,2014-11-01,0,0,0,0,0,0,0,0,0,0,0,0,0,0,0,0,0,0,0,1,0,1,0,0,0,0,0,0,0,0,0,0,0
Hungary,theguardian.com,2014-12-01,0,0,0,0,0,0,0,0,0,0,0,0,0,0,0,0,0,0,0,1,0,1,0,0,0,0,0,0,0,0,0,0,0
Hungary,theguardian.com,2015-01-01,0,0,0,0,0,0,0,0,0,0,0,0,0,0,0,0,0,0,0,0,0,0,0,0,0,0,0,0,0,0,0,0,0
Hungary,theguardian.com,2015-02-01,0,0,0,0,0,0,0,0,0,0,0,0,0,0,0,0,0,0,0,0,0,0,0,0,0,0,0,0,0,0,0,0,0
Hungary,theguardian.com,2015-03-01,0,0,0,0,0,0,0,0,0,0,0,0,0,0,0,0,0,0,0,0,0,0,0,0,0,0,0,0,0,0,0,0,0
Hungary,theguardian.com,2015-04-01,0,0,0,0,0,0,0,0,0,0,0,0,0,0,0,0,0,0,0,1,0,1,0,0,0,0,0,0,0,0,0,0,0
Hungary,theguardian.com,2015-05-01,0,0,0,0,0,0,0,0,0,0,0,0,0,0,0,0,0,0,0,0,0,0,0,0,0,0,0,0,0,0,0,0,0
Hungary,theguardian.com,2015-06-01,0,0,0,0,0,0,0,0,0,0,0,0,0,0,0,0,0,0,0,0,0,0,0,0,0,0,0,0,0,0,0,0,0
Hungary,theguardian.com,2015-07-01,0,0,0,0,0,0,0,0,0,0,0,0,0,0,0,0,0,0,0,0,0,0,0,0,0,0,0,0,0,0,0,0,0
Hungary,theguardian.com,2015-08-01,0,0,0,0,0,0,0,0,0,0,0,0,0,0,0,0,0,0,0,1,0,1,0,0,0,0,0,0,0,0,0,0,0
Hungary,theguardian.com,2015-09-01,0,0,0,0,0,0,0,0,0,0,0,0,0,0,0,0,0,0,0,6,0,7,0,0,0,0,0,1,0,0,0,0,0
Hungary,theguardian.com,2015-10-01,0,0,0,0,0,0,0,0,0,0,0,0,0,0,0,0,0,0,0,4,0,4,0,0,0,0,0,0,0,0,0,0,0
Hungary,theguardian.com,2015-11-01,0,0,0,0,0,0,0,0,0,0,0,0,0,0,0,0,0,0,0,1,0,1,0,0,0,0,0,0,0,0,0,0,0
Hungary,theguardian.com,2015-12-01,0,1,0,0,0,0,0,0,0,0,0,0,0,0,0,0,0,0,0,0,0,1,0,0,0,0,0,0,0,0,0,0,0
Hungary,theguardian.com,2016-01-01,0,0,0,0,0,0,0,0,0,0,0,0,0,0,0,0,0,0,0,0,0,1,0,0,0,0,0,1,0,0,0,0,0
Hungary,theguardian.com,2016-02-01,0,0,0,0,0,0,0,0,0,0,0,0,0,0,0,0,0,0,0,0,0,0,0,0,0,0,0,0,0,0,0,0,0
Hungary,theguardian.com,2016-03-01,0,0,0,0,0,0,0,0,0,0,0,0,0,0,0,0,0,0,0,0,0,0,0,0,0,0,0,0,0,0,0,0,0
Hungary,theguardian.com,2016-04-01,0,0,0,0,0,0,0,0,0,0,0,0,0,0,0,0,0,0,0,1,0,1,0,0,0,0,0,0,0,0,0,0,0
Hungary,theguardian.com,2016-05-01,0,0,0,0,0,1,0,0,0,0,0,0,0,0,0,0,0,0,0,1,0,3,1,0,0,0,0,0,0,0,0,0,0
Hungary,theguardian.com,2016-06-01,0,0,0,0,0,0,0,0,0,0,0,0,0,0,0,0,0,0,0,1,0,1,0,0,0,0,0,0,0,0,0,0,0
Hungary,theguardian.com,2016-07-01,0,0,0,0,0,0,0,0,0,0,0,0,0,0,0,0,0,0,0,0,0,1,0,1,0,0,0,0,0,0,0,0,0
Hungary,theguardian.com,2016-08-01,0,0,0,0,0,0,0,0,0,0,0,0,0,0,0,0,0,0,0,1,0,1,0,0,0,0,0,0,0,0,0,0,0
Hungary,theguardian.com,2016-09-01,0,0,0,0,0,0,0,0,0,0,0,0,0,0,0,0,0,0,0,7,0,7,0,0,0,0,0,0,0,0,0,0,0
Hungary,theguardian.com,2016-10-01,0,0,0,0,1,0,0,0,0,0,0,0,0,0,1,0,0,0,0,3,0,5,0,0,0,0,0,0,0,0,0,0,0
Hungary,theguardian.com,2016-11-01,0,0,0,0,0,0,0,0,0,0,0,0,0,0,0,0,0,0,0,2,0,2,0,0,0,0,0,0,0,0,0,0,0
Hungary,theguardian.com,2016-12-01,0,0,0,0,0,0,0,0,0,0,0,0,0,0,0,0,0,0,0,2,0,2,0,0,0,0,0,0,0,0,0,0,0
Hungary,theguardian.com,2017-01-01,0,0,1,0,0,0,0,0,0,1,0,0,0,1,1,0,0,0,0,2,0,6,0,0,0,0,1,0,0,0,0,0,0
Hungary,theguardian.com,2017-02-01,0,0,0,0,0,0,0,0,0,0,0,0,0,0,0,0,0,0,0,3,0,3,0,0,0,0,0,0,0,0,0,0,0
Hungary,theguardian.com,2017-03-01,1,0,0,0,1,0,0,0,0,0,0,0,0,0,0,0,0,0,0,6,0,8,0,0,0,0,0,0,0,0,0,0,0
Hungary,theguardian.com,2017-04-01,0,1,1,0,0,0,0,0,0,0,0,0,0,0,0,0,0,0,0,6,0,8,0,0,0,0,0,0,0,0,0,0,0
Hungary,theguardian.com,2017-05-01,0,0,0,0,0,0,0,0,0,0,0,0,0,0,0,0,0,0,0,1,0,1,0,0,0,0,0,0,0,0,0,0,0
Hungary,theguardian.com,2017-06-01,0,0,0,0,0,0,0,0,0,0,0,0,0,0,0,0,0,0,0,5,0,6,0,0,0,0,1,0,0,0,0,0,0
Hungary,theguardian.com,2017-07-01,0,0,0,0,0,0,0,0,0,0,0,0,0,0,0,0,0,0,0,7,0,7,0,0,0,0,0,0,0,0,0,0,0
Hungary,theguardian.com,2017-08-01,0,0,0,0,0,0,0,0,0,0,0,0,0,0,0,0,0,0,0,1,0,1,0,0,0,0,0,0,0,0,0,0,0
Hungary,theguardian.com,2017-09-01,0,0,1,0,0,0,0,0,0,0,0,0,0,0,0,0,0,0,0,3,0,4,0,0,0,0,0,0,0,0,0,0,0
Hungary,theguardian.com,2017-10-01,0,0,0,0,0,1,0,0,0,0,0,0,0,0,0,0,0,0,1,2,0,4,0,0,0,0,0,0,0,0,0,0,0
Hungary,theguardian.com,2017-11-01,0,0,0,0,1,0,0,0,0,0,0,0,0,0,0,0,0,0,0,2,0,3,0,0,0,0,0,0,0,0,0,0,0
Hungary,theguardian.com,2017-12-01,0,0,0,0,0,0,0,0,0,0,0,0,0,0,1,0,0,0,0,6,0,7,0,0,0,0,0,0,0,0,0,0,0
Hungary,theguardian.com,2018-01-01,0,0,0,0,0,0,0,0,0,0,0,0,0,0,0,0,0,0,0,7,0,7,0,0,0,0,0,0,0,0,0,0,0
Hungary,theguardian.com,2018-02-01,0,0,0,0,0,1,0,0,0,0,0,0,0,0,0,0,0,0,0,6,0,7,0,0,0,0,0,0,0,0,0,0,0
Hungary,theguardian.com,2018-03-01,0,0,0,0,0,2,0,0,0,0,0,0,0,0,0,0,0,0,0,4,0,6,0,0,0,0,0,0,0,0,0,0,0
Hungary,theguardian.com,2018-04-01,0,1,1,0,1,6,0,0,0,0,0,0,0,0,0,0,0,0,0,8,0,18,0,0,1,0,1,0,0,0,0,0,0
Hungary,theguardian.com,2018-05-01,0,0,1,0,0,0,0,0,0,1,0,0,0,0,1,0,0,0,0,6,0,9,0,0,0,0,0,0,0,0,0,0,0
Hungary,theguardian.com,2018-06-01,0,0,0,0,0,1,0,0,0,0,0,0,0,0,3,0,0,0,1,6,0,13,1,1,0,0,0,0,0,0,0,0,0
Hungary,theguardian.com,2018-07-01,0,0,1,1,0,0,0,0,0,0,0,0,0,0,0,0,0,0,0,2,0,4,0,0,0,0,0,0,0,0,0,0,0
Hungary,theguardian.com,2018-08-01,0,0,0,1,0,0,0,0,0,0,0,0,0,0,1,0,0,0,0,1,0,3,0,0,0,0,0,0,0,0,0,0,0
Hungary,theguardian.com,2018-09-01,0,0,1,0,0,0,0,0,0,0,0,0,0,0,1,0,0,1,0,10,0,13,0,0,0,0,0,0,0,0,0,0,0
Hungary,theguardian.com,2018-10-01,0,0,1,0,0,0,0,1,0,0,0,0,0,0,0,0,0,0,0,6,0,8,0,0,0,0,0,0,0,0,0,0,0
Hungary,theguardian.com,2018-11-01,0,0,0,0,0,0,0,0,0,0,0,0,0,0,0,0,1,0,0,9,0,10,0,0,0,0,0,0,0,0,0,0,0
Hungary,theguardian.com,2018-12-01,0,2,0,0,0,0,0,0,0,0,0,0,0,0,1,0,0,0,0,4,0,7,0,0,0,0,0,0,0,0,0,0,0
Hungary,theguardian.com,2019-01-01,0,2,1,0,0,0,0,0,0,0,0,0,0,0,1,0,0,0,0,6,0,10,0,0,0,0,0,0,0,0,0,0,0
Hungary,theguardian.com,2019-02-01,0,0,0,0,0,0,0,0,0,0,0,0,0,0,0,0,0,1,0,8,0,10,0,0,0,0,0,1,0,0,0,0,0
Hungary,theguardian.com,2019-03-01,0,0,1,0,0,0,1,0,0,0,0,0,0,0,0,0,0,0,0,11,0,13,0,0,0,0,0,0,0,0,0,0,0
Hungary,theguardian.com,2019-04-01,0,0,0,0,0,0,0,1,0,1,0,0,0,0,0,0,2,0,0,3,0,7,0,0,0,0,0,0,0,0,0,0,0
Hungary,theguardian.com,2019-05-01,0,0,0,2,0,5,0,0,0,1,0,0,0,0,0,0,0,0,0,11,0,19,0,0,0,0,0,0,0,0,0,0,0
Hungary,theguardian.com,2019-06-01,0,0,0,0,0,0,1,0,0,0,0,0,0,0,1,0,0,0,0,6,0,8,0,0,0,0,0,0,0,0,0,0,0
Hungary,theguardian.com,2019-07-01,0,0,0,0,0,0,0,0,0,0,0,0,0,0,0,0,0,0,0,7,0,7,0,0,0,0,0,0,0,0,0,0,0
Hungary,theguardian.com,2019-08-01,0,0,0,0,0,0,0,1,0,0,0,0,0,0,0,0,0,0,0,5,0,6,0,0,0,0,0,0,0,0,0,0,0
Hungary,theguardian.com,2019-09-01,0,0,1,0,0,0,1,0,0,0,0,0,0,1,0,0,0,0,0,7,0,9,0,0,0,0,0,0,0,0,0,0,0
Hungary,theguardian.com,2019-10-01,0,0,0,0,0,4,0,0,0,0,0,0,0,0,0,0,0,0,0,1,0,5,0,0,0,0,0,0,0,0,0,0,0
Hungary,theguardian.com,2019-11-01,0,0,0,0,0,2,0,0,0,0,0,0,0,0,0,0,0,0,0,9,0,11,0,0,0,0,0,0,0,0,0,0,0
Hungary,theguardian.com,2019-12-01,0,0,0,0,0,0,0,0,0,1,0,0,0,0,0,0,0,0,0,5,0,6,0,0,0,0,0,0,0,0,0,0,0
Hungary,theguardian.com,2020-01-01,0,0,0,0,0,0,0,0,0,0,0,0,0,0,0,0,0,0,0,5,0,5,0,0,0,0,0,0,0,0,0,0,0
Hungary,theguardian.com,2020-02-01,0,0,0,0,0,1,0,0,0,0,0,0,0,0,1,0,0,0,0,3,0,5,0,0,0,0,0,0,0,0,0,0,0
Hungary,theguardian.com,2020-03-01,0,0,1,2,0,0,0,0,0,0,0,0,0,0,2,0,0,0,0,9,0,15,1,0,0,0,0,0,0,0,0,0,0
Hungary,theguardian.com,2020-04-01,0,0,1,2,0,0,0,0,0,0,0,0,0,0,2,0,0,0,0,4,0,10,0,0,0,0,1,0,0,0,0,0,0
Hungary,theguardian.com,2020-05-01,0,0,0,1,0,0,0,0,0,0,0,0,0,0,4,0,0,0,0,6,0,11,0,0,0,0,0,0,0,0,0,0,0
Hungary,theguardian.com,2020-06-01,0,0,0,0,0,0,0,0,0,0,0,0,0,0,0,0,0,0,0,1,0,1,0,0,0,0,0,0,0,0,0,0,0
Hungary,theguardian.com,2020-07-01,0,0,0,0,1,0,0,0,0,0,0,0,0,0,0,0,1,0,0,1,0,3,0,0,0,0,0,0,0,0,0,0,0
Hungary,theguardian.com,2020-08-01,0,0,0,0,0,0,0,0,0,0,0,0,0,0,0,0,0,0,0,4,0,4,0,0,0,0,0,0,0,0,0,0,0
Hungary,theguardian.com,2020-09-01,0,0,0,1,0,0,0,0,0,1,0,0,0,0,1,0,0,0,0,3,0,6,0,0,0,0,0,0,0,0,0,0,0
Hungary,theguardian.com,2020-10-01,0,0,1,0,0,0,0,0,0,0,0,0,0,0,0,0,0,0,0,7,0,8,0,0,0,0,0,0,0,0,0,0,0
Hungary,theguardian.com,2020-11-01,0,0,0,1,0,0,0,0,0,0,0,0,0,0,3,0,0,0,0,3,0,7,0,0,0,0,0,0,0,0,0,0,0
Hungary,theguardian.com,2020-12-01,0,0,2,0,0,0,0,0,0,0,0,0,0,2,0,0,0,0,0,7,0,9,0,0,0,0,0,0,0,0,0,0,0
Hungary,theguardian.com,2021-01-01,1,0,0,0,0,0,0,1,0,0,0,0,0,0,0,0,0,0,0,3,0,5,0,0,0,0,0,0,0,0,0,0,0
Hungary,theguardian.com,2021-02-01,0,1,1,0,0,0,0,0,0,0,0,0,0,0,0,0,0,0,0,3,0,5,0,0,0,0,0,0,0,0,0,0,0
Hungary,theguardian.com,2021-03-01,0,0,0,0,0,0,0,0,0,0,0,0,0,0,1,0,0,0,0,6,0,7,0,0,0,0,0,0,0,0,0,0,0
Hungary,theguardian.com,2021-04-01,0,0,0,0,0,0,0,0,0,0,0,0,0,0,0,0,0,0,0,0,0,0,0,0,0,0,0,0,0,0,0,0,0
Hungary,theguardian.com,2021-05-01,0,0,0,0,0,0,0,0,0,1,0,0,0,0,0,0,0,0,0,3,0,4,0,0,0,0,0,0,0,0,0,0,0
Hungary,theguardian.com,2021-06-01,0,0,2,0,0,0,0,1,0,0,0,0,0,2,1,0,0,2,0,9,0,15,0,0,0,0,0,0,0,0,0,0,0
Hungary,theguardian.com,2021-07-01,0,2,1,0,0,0,0,0,0,1,0,0,0,0,3,0,0,0,0,7,0,14,0,0,0,0,0,0,0,0,0,0,0
Hungary,theguardian.com,2021-08-01,0,0,0,0,0,0,0,0,0,0,0,0,0,0,0,0,0,0,0,2,0,2,0,0,0,0,0,0,0,0,0,0,0
Hungary,theguardian.com,2021-09-01,0,0,0,0,0,0,0,0,0,0,0,0,0,0,0,0,0,0,0,5,0,5,0,0,0,0,0,0,0,0,0,0,0
Hungary,theguardian.com,2021-10-01,0,0,0,0,0,1,0,0,0,0,0,0,0,0,0,0,0,0,0,4,0,6,0,0,0,0,0,1,0,0,0,0,0
Hungary,theguardian.com,2021-11-01,0,0,0,0,0,0,0,0,0,0,0,0,0,0,1,0,0,0,0,4,0,5,0,0,0,0,0,0,0,0,0,0,0
Hungary,theguardian.com,2021-12-01,0,0,0,0,0,0,0,0,0,0,0,0,0,0,1,0,0,0,0,1,0,2,0,0,0,0,0,0,0,0,0,0,0
Hungary,theguardian.com,2022-01-01,0,0,1,0,0,2,0,1,0,0,0,0,0,0,0,0,0,0,0,2,0,6,0,0,0,0,0,0,0,0,0,0,0
Hungary,theguardian.com,2022-02-01,0,0,1,0,0,0,0,2,0,0,0,1,0,1,0,0,0,0,0,5,0,10,0,0,1,0,1,0,0,0,0,0,0
Hungary,theguardian.com,2022-03-01,0,0,0,1,0,2,0,1,0,0,0,1,0,0,0,0,0,0,0,16,0,21,0,0,0,0,0,0,0,0,0,0,0
Hungary,theguardian.com,2022-04-01,0,0,1,0,0,5,0,0,0,0,0,0,0,1,0,0,1,0,0,4,0,11,0,0,0,0,0,0,0,0,0,0,0
Hungary,theguardian.com,2022-05-01,0,0,0,0,0,0,0,0,0,0,0,0,0,0,2,0,0,1,0,6,0,9,0,0,0,0,0,0,0,0,0,0,0
Hungary,theguardian.com,2022-06-01,0,0,0,0,0,0,0,0,0,0,0,0,0,0,1,0,0,0,0,1,0,2,0,0,0,0,0,0,0,0,0,0,0
Hungary,theguardian.com,2022-07-01,0,1,0,2,0,0,0,0,0,0,0,0,0,0,1,0,0,0,0,8,0,15,0,0,1,0,3,0,0,0,0,0,0
Hungary,theguardian.com,2022-08-01,0,0,0,0,0,0,0,1,0,0,0,0,0,0,0,0,1,0,0,7,0,9,0,0,0,0,0,0,0,0,0,0,0
Hungary,theguardian.com,2022-09-01,0,0,1,0,0,1,0,0,0,0,0,0,0,1,0,0,0,0,0,6,0,8,0,0,0,0,0,0,0,0,0,0,0
Hungary,theguardian.com,2022-10-01,0,0,0,0,0,0,0,0,0,0,0,0,0,0,0,0,0,0,0,1,0,1,0,0,0,0,0,0,0,0,0,0,0
Hungary,theguardian.com,2022-11-01,0,0,1,0,0,0,0,0,0,0,0,0,0,1,0,0,0,0,0,6,0,7,0,0,0,0,0,0,0,0,0,0,0
Hungary,theguardian.com,2022-12-01,0,0,0,0,0,0,0,0,0,0,0,0,0,0,0,0,0,0,0,2,0,2,0,0,0,0,0,0,0,0,0,0,0
Hungary,theguardian.com,2023-01-01,0,0,0,0,0,0,1,0,0,0,0,0,0,0,0,0,0,0,0,3,0,4,0,0,0,0,0,0,0,0,0,0,0
Hungary,theguardian.com,2023-02-01,0,1,0,0,0,0,0,0,0,0,0,0,0,0,2,0,0,0,0,4,0,7,0,0,0,0,0,0,0,0,0,0,0
Hungary,theguardian.com,2023-03-01,0,0,0,0,0,0,0,0,0,0,0,0,0,0,1,0,0,0,0,3,0,4,0,0,0,0,0,0,0,0,0,0,0
Hungary,theguardian.com,2023-04-01,0,0,0,0,0,0,0,0,0,0,0,0,0,0,0,0,0,1,0,3,0,4,0,0,0,0,0,0,0,0,0,0,0
Hungary,theguardian.com,2023-05-01,0,0,1,0,0,0,0,0,1,0,0,0,0,1,1,0,0,0,0,2,0,5,0,0,0,0,0,0,0,0,0,0,0
Hungary,theguardian.com,2023-06-01,0,0,0,0,0,0,0,0,0,0,0,0,0,0,0,0,0,0,0,4,0,4,0,0,0,0,0,0,0,0,0,0,0
Hungary,theguardian.com,2023-07-01,0,0,0,0,1,0,0,0,0,0,0,0,0,0,0,0,0,0,0,2,0,3,0,0,0,0,0,0,0,0,0,0,0
Hungary,theguardian.com,2023-08-01,0,0,0,0,0,0,0,0,0,0,0,0,0,0,0,0,1,0,0,2,0,3,0,0,0,0,0,0,0,0,0,0,0
Hungary,theguardian.com,2023-09-01,0,0,0,0,0,0,0,0,0,0,0,0,0,0,0,0,0,0,0,2,0,2,0,0,0,0,0,0,0,0,0,0,0
Hungary,theguardian.com,2023-10-01,0,0,0,0,0,1,0,0,0,1,0,0,0,0,1,0,0,0,0,5,0,8,0,0,0,0,0,0,0,0,0,0,0
Hungary,theguardian.com,2023-11-01,0,0,0,0,0,1,0,0,0,0,0,0,0,0,4,0,1,0,0,4,0,10,0,0,0,0,0,0,0,0,0,0,0
Hungary,theguardian.com,2023-12-01,0,0,0,0,0,0,0,2,0,0,0,0,0,0,2,0,0,0,0,17,0,21,0,0,0,0,0,0,0,0,0,0,0
Hungary,theguardian.com,2024-01-01,0,0,2,0,0,0,0,0,0,0,0,0,0,0,0,0,0,0,0,10,0,12,0,0,0,0,0,0,0,0,0,0,0
Hungary,theguardian.com,2024-02-01,0,1,0,0,0,0,1,0,0,2,0,1,0,0,2,0,1,0,0,10,0,19,0,0,0,1,1,0,0,0,0,0,0
Hungary,theguardian.com,2024-03-01,0,0,1,0,0,0,0,0,0,0,1,0,0,0,1,0,0,0,0,4,0,6,0,0,0,0,0,0,0,0,0,0,0
Hungary,theguardian.com,2024-04-01,0,1,0,0,0,2,0,0,0,0,0,0,0,0,0,0,0,0,0,4,0,7,0,0,0,0,0,0,0,0,0,0,0
Hungary,theguardian.com,2024-05-01,0,1,1,1,0,1,0,0,0,1,0,0,0,0,0,0,0,0,0,8,0,13,0,0,0,0,0,0,0,0,0,0,0
Hungary,theguardian.com,2024-06-01,2,1,1,0,0,0,0,1,0,1,1,0,0,0,0,0,0,0,0,2,0,9,0,0,0,0,0,0,0,0,0,0,0
Hungary,theguardian.com,2024-07-01,0,0,0,0,0,0,0,0,0,3,0,0,0,0,0,0,0,0,0,5,0,8,0,0,0,0,0,0,0,0,0,0,0
Hungary,theguardian.com,2024-08-01,0,0,0,0,1,0,0,0,0,0,0,1,0,0,0,0,0,0,0,1,0,3,0,0,0,0,0,0,0,0,0,0,0
Hungary,theguardian.com,2024-09-01,0,1,0,6,0,3,0,0,0,0,0,0,0,0,0,0,0,0,0,6,0,16,0,0,0,0,0,0,0,0,0,0,0
Hungary,theguardian.com,2024-10-01,0,0,2,0,0,1,0,0,0,1,0,0,0,0,0,0,0,0,0,5,0,9,0,0,0,0,0,0,0,0,0,0,0
Hungary,theguardian.com,2024-11-01,0,0,0,0,0,2,0,0,0,1,0,0,0,0,1,0,0,0,0,6,0,11,0,0,0,0,0,0,0,0,0,1,0
Hungary,theguardian.com,2024-12-01,0,0,0,0,0,0,0,0,0,0,0,0,0,0,0,0,0,0,0,1,0,1,0,0,0,0,0,0,0,0,0,0,0
Hungary,theguardian.com,2025-01-01,0,0,0,0,0,0,0,0,0,0,0,0,0,0,0,0,0,0,0,0,0,0,0,0,0,0,0,0,0,0,0,0,0
Hungary,theguardian.com,2025-02-01,0,0,0,0,0,0,0,0,0,0,0,0,0,0,0,0,0,0,0,2,0,3,0,0,0,0,0,0,0,0,0,1,0
Hungary,theguardian.com,2025-03-01,0,0,0,0,0,0,0,0,0,0,0,0,0,0,0,0,0,0,0,0,0,0,0,0,0,0,0,0,0,0,0,0,0
Hungary,theguardian.com,2025-04-01,0,0,0,0,0,0,0,0,0,0,0,0,0,0,0,0,0,0,0,0,0,0,0,0,0,0,0,0,0,0,0,0,0
Hungary,theguardian.com,2025-05-01,0,0,0,0,0,0,0,0,0,0,0,0,0,0,0,0,0,0,0,0,0,0,0,0,0,0,0,0,0,0,0,0,0
Hungary,theguardian.com,2025-06-01,0,0,0,0,0,0,0,0,0,0,0,0,0,0,0,0,0,0,0,0,0,0,0,0,0,0,0,0,0,0,0,0,0
Hungary,themoscowtimes.com,2012-01-01,0,0,0,0,0,0,0,0,0,0,0,0,0,0,0,0,0,0,0,4,0,4,0,0,0,0,0,0,0,0,0,0,0
Hungary,themoscowtimes.com,2012-02-01,0,0,0,0,0,0,0,0,0,0,0,0,0,0,0,0,0,0,0,3,0,3,0,0,0,0,0,0,0,0,0,0,0
Hungary,themoscowtimes.com,2012-03-01,0,0,0,0,0,0,0,0,0,0,0,0,0,0,0,0,0,0,0,2,0,2,0,0,0,0,0,0,0,0,0,0,0
Hungary,themoscowtimes.com,2012-04-01,0,0,0,0,0,0,0,0,0,0,0,0,0,0,0,0,0,0,0,1,0,1,0,0,0,0,0,0,0,0,0,0,0
Hungary,themoscowtimes.com,2012-05-01,0,0,0,0,0,0,0,0,0,0,0,0,0,0,0,0,0,0,0,2,0,2,0,0,0,0,0,0,0,0,0,0,0
Hungary,themoscowtimes.com,2012-06-01,0,0,0,0,0,0,0,0,0,0,0,0,0,0,0,0,0,0,0,1,0,1,0,0,0,0,0,0,0,0,0,0,0
Hungary,themoscowtimes.com,2012-07-01,0,0,0,0,0,0,0,0,0,0,0,0,0,0,0,0,0,0,0,2,0,2,0,0,0,0,0,0,0,0,0,0,0
Hungary,themoscowtimes.com,2012-08-01,0,0,0,0,0,0,0,0,0,0,0,0,0,0,0,0,0,0,0,1,0,1,0,0,0,0,0,0,0,0,0,0,0
Hungary,themoscowtimes.com,2012-09-01,0,0,0,0,0,0,0,0,0,0,0,0,0,0,0,0,0,0,0,2,0,3,0,0,0,0,1,0,0,0,0,0,0
Hungary,themoscowtimes.com,2012-10-01,0,0,0,0,0,0,0,0,0,0,0,0,0,0,0,0,0,0,0,1,0,1,0,0,0,0,0,0,0,0,0,0,0
Hungary,themoscowtimes.com,2012-11-01,0,0,0,0,0,0,0,0,0,0,0,0,0,0,0,0,0,0,0,1,0,1,0,0,0,0,0,0,0,0,0,0,0
Hungary,themoscowtimes.com,2012-12-01,0,0,0,0,0,0,0,0,0,0,0,0,0,0,0,0,0,0,0,1,0,1,0,0,0,0,0,0,0,0,0,0,0
Hungary,themoscowtimes.com,2013-01-01,0,0,0,0,0,0,0,0,0,0,0,0,0,0,0,0,0,0,0,2,0,3,0,0,0,0,0,1,0,0,0,0,0
Hungary,themoscowtimes.com,2013-02-01,0,0,0,0,0,0,0,0,0,0,0,0,0,0,0,0,0,0,0,2,0,2,0,0,0,0,0,0,0,0,0,0,0
Hungary,themoscowtimes.com,2013-03-01,0,0,0,0,0,0,0,0,0,0,0,0,0,0,0,0,0,0,0,1,0,1,0,0,0,0,0,0,0,0,0,0,0
Hungary,themoscowtimes.com,2013-04-01,0,0,0,0,0,0,0,0,0,0,0,0,0,0,0,0,0,0,0,1,0,1,0,0,0,0,0,0,0,0,0,0,0
Hungary,themoscowtimes.com,2013-05-01,0,0,0,0,0,0,0,0,0,0,0,0,0,0,0,0,0,0,0,4,0,4,0,0,0,0,0,0,0,0,0,0,0
Hungary,themoscowtimes.com,2013-06-01,0,0,0,0,0,0,0,0,0,0,0,0,0,0,0,0,0,0,0,0,0,0,0,0,0,0,0,0,0,0,0,0,0
Hungary,themoscowtimes.com,2013-07-01,0,0,0,0,0,0,0,0,0,0,0,0,0,0,0,0,0,0,0,1,0,1,0,0,0,0,0,0,0,0,0,0,0
Hungary,themoscowtimes.com,2013-08-01,0,0,0,0,0,0,0,0,0,0,0,0,0,0,0,0,0,0,0,3,0,3,0,0,0,0,0,0,0,0,0,0,0
Hungary,themoscowtimes.com,2013-09-01,0,0,0,0,0,0,0,0,0,0,0,0,0,0,0,0,0,0,0,1,0,1,0,0,0,0,0,0,0,0,0,0,0
Hungary,themoscowtimes.com,2013-10-01,0,0,0,0,0,0,0,0,0,0,0,0,0,0,0,0,0,0,0,1,0,1,0,0,0,0,0,0,0,0,0,0,0
Hungary,themoscowtimes.com,2013-11-01,0,0,0,0,0,0,0,0,0,0,0,0,0,0,0,0,0,0,0,0,0,1,0,1,0,0,0,0,0,0,0,0,0
Hungary,themoscowtimes.com,2013-12-01,0,0,0,0,0,0,0,0,0,0,0,0,0,0,0,0,0,0,0,0,0,0,0,0,0,0,0,0,0,0,0,0,0
Hungary,themoscowtimes.com,2014-01-01,0,0,0,0,0,0,0,0,0,0,0,0,0,0,0,0,0,0,0,4,0,5,0,1,0,0,0,0,0,0,0,0,0
Hungary,themoscowtimes.com,2014-02-01,0,0,0,0,0,0,0,0,0,0,0,0,0,0,0,0,0,0,0,0,0,0,0,0,0,0,0,0,0,0,0,0,0
Hungary,themoscowtimes.com,2014-03-01,0,0,0,0,0,0,0,0,0,0,0,0,0,0,0,0,0,0,0,3,0,3,0,0,0,0,0,0,0,0,0,0,0
Hungary,themoscowtimes.com,2014-04-01,0,0,0,0,0,0,0,0,0,2,0,0,0,0,0,0,0,0,0,1,0,3,0,0,0,0,0,0,0,0,0,0,0
Hungary,themoscowtimes.com,2014-05-01,0,0,0,0,0,0,0,0,0,0,0,0,0,0,0,0,0,0,0,1,0,1,0,0,0,0,0,0,0,0,0,0,0
Hungary,themoscowtimes.com,2014-06-01,0,0,0,0,0,0,0,0,0,0,0,0,0,0,0,0,0,0,0,6,0,6,0,0,0,0,0,0,0,0,0,0,0
Hungary,themoscowtimes.com,2014-07-01,0,0,0,0,0,0,0,0,0,0,0,0,0,0,0,0,0,0,0,0,0,0,0,0,0,0,0,0,0,0,0,0,0
Hungary,themoscowtimes.com,2014-08-01,0,0,0,0,0,0,0,0,0,0,0,0,0,0,0,0,0,0,0,7,0,7,0,0,0,0,0,0,0,0,0,0,0
Hungary,themoscowtimes.com,2014-09-01,0,0,0,0,0,0,0,0,0,0,0,0,0,0,0,0,0,0,0,8,0,8,0,0,0,0,0,0,0,0,0,0,0
Hungary,themoscowtimes.com,2014-10-01,0,0,0,0,0,0,0,0,0,0,0,0,0,0,0,0,0,0,0,4,0,5,0,1,0,0,0,0,0,0,0,0,0
Hungary,themoscowtimes.com,2014-11-01,0,0,0,0,0,0,0,0,0,0,0,0,0,0,0,0,0,0,0,9,0,9,0,0,0,0,0,0,0,0,0,0,0
Hungary,themoscowtimes.com,2014-12-01,0,0,0,0,0,0,0,0,0,0,0,0,0,0,0,0,0,1,0,4,0,8,0,2,0,0,0,1,0,0,0,0,0
Hungary,themoscowtimes.com,2015-01-01,0,0,0,0,0,0,0,0,0,0,0,0,0,0,0,0,0,0,0,3,0,3,0,0,0,0,0,0,0,0,0,0,0
Hungary,themoscowtimes.com,2015-02-01,0,1,0,0,0,0,0,0,0,2,0,0,0,0,0,0,0,0,0,5,0,8,0,0,0,0,0,0,0,0,0,0,0
Hungary,themoscowtimes.com,2015-03-01,0,0,0,0,0,0,0,0,0,0,0,0,0,0,0,0,0,0,0,6,0,8,0,1,0,0,0,1,0,0,0,0,0
Hungary,themoscowtimes.com,2015-04-01,0,0,0,0,0,0,0,0,0,2,0,0,0,0,0,0,0,0,0,2,0,6,0,1,0,0,0,1,0,0,0,0,0
Hungary,themoscowtimes.com,2015-05-01,0,0,0,1,0,0,0,0,0,0,0,0,0,0,0,0,0,0,0,2,0,4,0,0,0,0,0,1,0,0,0,0,0
Hungary,themoscowtimes.com,2015-06-01,0,0,0,0,0,0,0,0,0,0,0,0,0,0,0,0,0,0,0,3,0,3,0,0,0,0,0,0,0,0,0,0,0
Hungary,themoscowtimes.com,2015-07-01,0,0,0,0,0,0,0,0,0,0,0,1,0,0,0,0,0,0,0,4,0,5,0,0,0,0,0,0,0,0,0,0,0
Hungary,themoscowtimes.com,2015-08-01,0,0,0,0,0,0,0,0,0,0,0,0,0,0,0,0,0,0,0,0,0,0,0,0,0,0,0,0,0,0,0,0,0
Hungary,themoscowtimes.com,2015-09-01,0,0,0,1,0,0,0,0,0,1,0,0,0,0,0,0,0,0,0,1,0,3,0,0,0,0,0,0,0,0,0,0,0
Hungary,themoscowtimes.com,2015-10-01,0,0,0,0,1,0,0,0,0,0,0,0,0,0,0,0,0,0,0,1,0,2,0,0,0,0,0,0,0,0,0,0,0
Hungary,themoscowtimes.com,2015-11-01,0,0,0,0,0,0,0,0,0,0,0,0,0,0,0,0,0,0,0,1,0,1,0,0,0,0,0,0,0,0,0,0,0
Hungary,themoscowtimes.com,2015-12-01,0,0,0,0,0,0,0,0,0,0,0,0,0,0,0,0,0,0,0,0,0,0,0,0,0,0,0,0,0,0,0,0,0
Hungary,themoscowtimes.com,2016-01-01,0,0,0,0,0,0,0,0,0,0,0,0,0,0,0,0,0,0,0,2,0,2,0,0,0,0,0,0,0,0,0,0,0
Hungary,themoscowtimes.com,2016-02-01,0,0,0,0,0,0,0,0,0,0,0,0,0,0,0,0,0,0,0,1,0,2,0,0,0,0,0,1,0,0,0,0,0
Hungary,themoscowtimes.com,2016-03-01,0,0,0,0,0,0,0,0,0,0,0,0,0,0,0,0,0,0,0,0,0,0,0,0,0,0,0,0,0,0,0,0,0
Hungary,themoscowtimes.com,2016-04-01,0,0,0,0,0,0,0,0,0,0,0,0,0,0,0,0,0,0,0,1,0,1,0,0,0,0,0,0,0,0,0,0,0
Hungary,themoscowtimes.com,2016-05-01,0,0,0,0,0,0,0,0,0,0,0,0,0,0,0,0,0,0,0,0,0,0,0,0,0,0,0,0,0,0,0,0,0
Hungary,themoscowtimes.com,2016-06-01,0,0,0,0,0,1,0,0,0,0,0,0,0,0,0,0,0,0,0,0,0,1,0,0,0,0,0,0,0,0,0,0,0
Hungary,themoscowtimes.com,2016-07-01,0,0,0,0,0,0,0,0,0,0,0,0,0,0,0,0,0,0,0,0,0,0,0,0,0,0,0,0,0,0,0,0,0
Hungary,themoscowtimes.com,2016-08-01,0,0,0,0,0,0,0,0,0,0,0,0,0,0,0,0,0,0,0,0,0,0,0,0,0,0,0,0,0,0,0,0,0
Hungary,themoscowtimes.com,2016-09-01,0,0,0,0,0,0,0,0,0,0,0,0,0,0,0,0,0,0,0,1,0,1,0,0,0,0,0,0,0,0,0,0,0
Hungary,themoscowtimes.com,2016-10-01,0,0,0,0,0,0,0,0,0,0,0,0,0,0,0,0,0,0,0,3,0,3,0,0,0,0,0,0,0,0,0,0,0
Hungary,themoscowtimes.com,2016-11-01,0,0,0,0,0,0,0,0,0,0,0,0,0,0,0,0,0,0,0,0,0,0,0,0,0,0,0,0,0,0,0,0,0
Hungary,themoscowtimes.com,2016-12-01,0,0,0,0,0,0,0,0,0,0,0,0,0,0,0,0,0,0,0,0,0,1,0,0,0,0,0,1,0,0,0,0,0
Hungary,themoscowtimes.com,2017-01-01,0,0,0,0,0,0,0,0,0,0,0,0,0,0,0,0,0,0,0,0,0,0,0,0,0,0,0,0,0,0,0,0,0
Hungary,themoscowtimes.com,2017-02-01,0,0,0,0,0,0,0,0,0,0,0,0,0,0,0,0,0,0,0,0,0,0,0,0,0,0,0,0,0,0,0,0,0
Hungary,themoscowtimes.com,2017-03-01,0,0,0,0,0,0,0,0,0,0,0,0,0,0,0,0,0,0,0,0,0,0,0,0,0,0,0,0,0,0,0,0,0
Hungary,themoscowtimes.com,2017-04-01,0,0,0,0,0,0,0,0,0,0,0,0,0,0,0,0,0,0,0,0,0,0,0,0,0,0,0,0,0,0,0,0,0
Hungary,themoscowtimes.com,2017-05-01,0,0,0,0,0,0,0,0,0,0,0,0,0,0,0,0,0,0,0,0,0,0,0,0,0,0,0,0,0,0,0,0,0
Hungary,themoscowtimes.com,2017-06-01,0,0,0,0,0,0,0,0,0,0,0,0,0,0,0,0,0,0,0,0,0,0,0,0,0,0,0,0,0,0,0,0,0
Hungary,themoscowtimes.com,2017-07-01,0,0,0,0,0,0,0,0,0,0,0,1,0,0,0,0,0,0,0,1,0,2,0,0,0,0,0,0,0,0,0,0,0
Hungary,themoscowtimes.com,2017-08-01,0,0,0,0,0,0,0,0,0,0,0,0,0,0,0,0,0,0,0,1,0,1,0,0,0,0,0,0,0,0,0,0,0
Hungary,themoscowtimes.com,2017-09-01,0,0,0,0,0,0,0,0,0,0,0,0,0,0,0,0,0,0,0,0,0,0,0,0,0,0,0,0,0,0,0,0,0
Hungary,themoscowtimes.com,2017-10-01,0,0,0,0,0,0,0,0,0,0,0,0,0,0,0,0,0,0,0,0,0,0,0,0,0,0,0,0,0,0,0,0,0
Hungary,themoscowtimes.com,2017-11-01,0,0,0,0,0,0,0,0,0,0,0,0,0,0,0,0,0,0,0,0,0,0,0,0,0,0,0,0,0,0,0,0,0
Hungary,themoscowtimes.com,2017-12-01,0,0,0,0,0,0,0,0,0,0,0,0,0,0,0,0,0,0,0,1,0,1,0,0,0,0,0,0,0,0,0,0,0
Hungary,themoscowtimes.com,2018-01-01,0,0,0,0,0,0,0,0,0,0,0,0,0,0,0,0,0,0,0,0,0,0,0,0,0,0,0,0,0,0,0,0,0
Hungary,themoscowtimes.com,2018-02-01,0,0,1,0,0,0,0,0,0,0,0,0,0,0,0,0,0,0,0,0,0,1,0,0,0,0,0,0,0,0,0,0,0
Hungary,themoscowtimes.com,2018-03-01,0,0,0,0,0,0,0,0,0,0,0,0,0,0,0,0,0,0,0,0,0,0,0,0,0,0,0,0,0,0,0,0,0
Hungary,themoscowtimes.com,2018-04-01,0,0,0,0,0,0,0,0,0,0,0,0,0,0,0,0,0,0,0,0,0,0,0,0,0,0,0,0,0,0,0,0,0
Hungary,themoscowtimes.com,2018-05-01,0,0,0,0,0,0,0,0,0,0,0,0,0,0,0,0,0,0,0,0,0,0,0,0,0,0,0,0,0,0,0,0,0
Hungary,themoscowtimes.com,2018-06-01,0,0,0,0,0,0,0,0,0,0,0,0,0,0,0,0,0,0,0,1,0,1,0,0,0,0,0,0,0,0,0,0,0
Hungary,themoscowtimes.com,2018-07-01,0,0,0,0,0,0,0,0,0,0,0,0,0,0,0,0,0,0,0,0,0,0,0,0,0,0,0,0,0,0,0,0,0
Hungary,themoscowtimes.com,2018-08-01,0,0,0,0,0,0,0,0,0,0,0,0,0,0,0,0,0,0,0,0,0,0,0,0,0,0,0,0,0,0,0,0,0
Hungary,themoscowtimes.com,2018-09-01,0,0,0,0,0,0,0,0,0,0,0,0,0,0,0,0,0,0,0,1,0,1,0,0,0,0,0,0,0,0,0,0,0
Hungary,themoscowtimes.com,2018-10-01,0,0,0,0,0,0,0,0,0,0,0,0,0,0,0,0,0,0,0,0,0,0,0,0,0,0,0,0,0,0,0,0,0
Hungary,themoscowtimes.com,2018-11-01,0,0,0,0,0,0,0,0,0,0,0,0,0,0,0,0,0,0,0,1,0,1,0,0,0,0,0,0,0,0,0,0,0
Hungary,themoscowtimes.com,2018-12-01,0,0,0,0,0,0,0,0,0,0,0,0,0,0,0,0,0,0,0,0,0,0,0,0,0,0,0,0,0,0,0,0,0
Hungary,themoscowtimes.com,2019-01-01,0,0,0,0,0,0,0,0,0,0,0,0,0,0,0,0,0,0,0,0,0,0,0,0,0,0,0,0,0,0,0,0,0
Hungary,themoscowtimes.com,2019-02-01,0,0,0,0,0,0,0,0,0,0,0,0,0,0,0,0,0,0,0,0,0,0,0,0,0,0,0,0,0,0,0,0,0
Hungary,themoscowtimes.com,2019-03-01,0,0,0,0,0,0,0,0,0,1,0,0,0,0,0,0,0,0,0,0,0,1,0,0,0,0,0,0,0,0,0,0,0
Hungary,themoscowtimes.com,2019-04-01,0,0,0,0,0,0,0,0,0,0,0,0,0,0,1,0,0,0,0,1,0,2,0,0,0,0,0,0,0,0,0,0,0
Hungary,themoscowtimes.com,2019-05-01,0,0,0,0,0,0,0,0,0,0,0,0,0,0,0,0,0,0,0,4,0,4,0,0,0,0,0,0,0,0,0,0,0
Hungary,themoscowtimes.com,2019-06-01,0,0,0,0,0,0,0,0,0,0,0,0,0,0,0,0,0,0,0,0,0,0,0,0,0,0,0,0,0,0,0,0,0
Hungary,themoscowtimes.com,2019-07-01,0,0,0,0,0,0,0,0,0,0,0,0,0,0,0,0,0,0,0,2,0,2,0,0,0,0,0,0,0,0,0,0,0
Hungary,themoscowtimes.com,2019-08-01,0,0,0,0,0,0,0,0,0,0,0,0,0,0,0,0,0,0,0,0,0,0,0,0,0,0,0,0,0,0,0,0,0
Hungary,themoscowtimes.com,2019-09-01,0,0,0,0,0,0,0,0,0,0,0,0,0,0,0,0,0,0,0,1,0,1,0,0,0,0,0,0,0,0,0,0,0
Hungary,themoscowtimes.com,2019-10-01,0,0,0,0,0,0,0,0,0,0,0,0,0,0,0,0,0,0,0,1,0,1,0,0,0,0,0,0,0,0,0,0,0
Hungary,themoscowtimes.com,2019-11-01,0,0,0,0,0,0,0,0,0,0,0,0,0,0,0,0,0,0,0,2,0,2,0,0,0,0,0,0,0,0,0,0,0
Hungary,themoscowtimes.com,2019-12-01,0,0,0,0,0,0,0,0,0,0,0,0,0,0,0,0,0,0,0,0,0,0,0,0,0,0,0,0,0,0,0,0,0
Hungary,themoscowtimes.com,2020-01-01,0,0,0,0,0,0,0,0,0,0,0,0,0,0,0,0,0,0,0,3,0,3,0,0,0,0,0,0,0,0,0,0,0
Hungary,themoscowtimes.com,2020-02-01,0,0,0,0,0,0,0,0,0,0,0,0,0,0,0,0,0,0,0,1,0,1,0,0,0,0,0,0,0,0,0,0,0
Hungary,themoscowtimes.com,2020-03-01,0,0,0,0,0,0,0,0,0,0,0,0,0,0,0,0,0,0,0,0,0,0,0,0,0,0,0,0,0,0,0,0,0
Hungary,themoscowtimes.com,2020-04-01,0,0,0,0,0,0,0,0,0,0,0,0,0,0,0,0,0,0,0,1,0,1,0,0,0,0,0,0,0,0,0,0,0
Hungary,themoscowtimes.com,2020-05-01,0,0,0,0,0,0,0,0,0,0,0,0,0,0,0,0,0,0,0,0,0,0,0,0,0,0,0,0,0,0,0,0,0
Hungary,themoscowtimes.com,2020-06-01,0,0,0,0,0,0,0,0,0,0,0,0,0,0,0,0,0,0,0,0,0,0,0,0,0,0,0,0,0,0,0,0,0
Hungary,themoscowtimes.com,2020-07-01,0,0,0,0,0,0,0,0,0,0,0,0,0,0,0,0,0,0,0,1,0,1,0,0,0,0,0,0,0,0,0,0,0
Hungary,themoscowtimes.com,2020-08-01,0,0,0,0,0,0,0,0,0,0,0,0,0,0,0,0,0,0,0,0,0,0,0,0,0,0,0,0,0,0,0,0,0
Hungary,themoscowtimes.com,2020-09-01,0,0,0,0,0,0,0,0,0,0,0,0,0,0,0,0,0,0,0,0,0,0,0,0,0,0,0,0,0,0,0,0,0
Hungary,themoscowtimes.com,2020-10-01,0,0,0,0,0,0,0,0,0,0,0,0,0,0,0,0,0,0,0,0,0,0,0,0,0,0,0,0,0,0,0,0,0
Hungary,themoscowtimes.com,2020-11-01,0,0,0,0,0,0,0,0,0,0,0,0,0,0,0,0,0,0,0,0,0,0,0,0,0,0,0,0,0,0,0,0,0
Hungary,themoscowtimes.com,2020-12-01,0,0,0,0,0,0,0,0,0,0,0,0,0,0,0,0,0,0,0,4,0,4,0,0,0,0,0,0,0,0,0,0,0
Hungary,themoscowtimes.com,2021-01-01,0,0,0,0,0,0,0,0,0,0,0,0,0,0,0,0,0,0,0,1,0,1,0,0,0,0,0,0,0,0,0,0,0
Hungary,themoscowtimes.com,2021-02-01,0,0,0,0,0,0,0,0,0,0,0,0,0,0,0,0,0,0,0,2,0,2,0,0,0,0,0,0,0,0,0,0,0
Hungary,themoscowtimes.com,2021-03-01,0,0,0,0,0,0,0,0,0,0,0,0,0,0,0,0,1,0,0,4,0,5,0,0,0,0,0,0,0,0,0,0,0
Hungary,themoscowtimes.com,2021-04-01,0,0,0,0,0,0,0,0,0,0,0,0,0,0,0,0,0,0,0,1,0,1,0,0,0,0,0,0,0,0,0,0,0
Hungary,themoscowtimes.com,2021-05-01,0,0,0,0,0,0,0,0,0,0,0,0,0,0,0,0,0,0,0,0,0,0,0,0,0,0,0,0,0,0,0,0,0
Hungary,themoscowtimes.com,2021-06-01,0,0,0,0,0,0,0,0,0,0,0,0,0,0,0,0,0,0,0,2,0,2,0,0,0,0,0,0,0,0,0,0,0
Hungary,themoscowtimes.com,2021-07-01,0,0,0,0,0,0,0,0,0,0,0,0,0,0,0,0,0,0,0,1,0,1,0,0,0,0,0,0,0,0,0,0,0
Hungary,themoscowtimes.com,2021-08-01,0,0,0,0,0,0,0,0,0,0,0,0,0,0,0,0,0,0,0,0,0,0,0,0,0,0,0,0,0,0,0,0,0
Hungary,themoscowtimes.com,2021-09-01,0,0,0,0,0,0,0,0,0,0,0,0,0,0,0,0,0,0,0,0,0,1,0,1,0,0,0,0,0,0,0,0,0
Hungary,themoscowtimes.com,2021-10-01,0,0,0,0,0,0,0,0,0,0,0,0,0,0,0,0,0,0,0,0,0,0,0,0,0,0,0,0,0,0,0,0,0
Hungary,themoscowtimes.com,2021-11-01,0,0,0,0,0,0,0,0,0,0,0,0,0,0,0,0,0,0,0,0,0,0,0,0,0,0,0,0,0,0,0,0,0
Hungary,themoscowtimes.com,2021-12-01,0,0,0,0,0,0,0,0,0,0,0,0,0,0,0,0,0,0,0,0,0,0,0,0,0,0,0,0,0,0,0,0,0
Hungary,themoscowtimes.com,2022-01-01,0,0,0,0,0,0,0,0,0,0,0,0,0,0,0,0,0,0,0,0,0,0,0,0,0,0,0,0,0,0,0,0,0
Hungary,themoscowtimes.com,2022-02-01,0,0,0,0,0,0,0,0,0,0,0,1,0,0,0,0,0,0,0,1,0,2,0,0,0,0,0,0,0,0,0,0,0
Hungary,themoscowtimes.com,2022-03-01,0,0,0,0,0,0,0,0,0,0,0,0,0,0,1,0,0,0,0,0,0,1,0,0,0,0,0,0,0,0,0,0,0
Hungary,themoscowtimes.com,2022-04-01,0,0,0,0,0,0,0,0,0,0,0,0,0,0,0,0,0,0,0,1,0,1,0,0,0,0,0,0,0,0,0,0,0
Hungary,themoscowtimes.com,2022-05-01,0,0,0,0,0,0,0,0,0,0,0,0,0,0,0,0,0,0,0,1,0,1,0,0,0,0,0,0,0,0,0,0,0
Hungary,themoscowtimes.com,2022-06-01,0,0,0,0,0,0,0,0,0,0,0,0,0,0,0,0,1,0,0,0,0,1,0,0,0,0,0,0,0,0,0,0,0
Hungary,themoscowtimes.com,2022-07-01,0,0,0,0,0,0,0,0,0,0,0,0,0,0,0,0,0,0,0,2,0,3,0,1,0,0,0,0,0,0,0,0,0
Hungary,themoscowtimes.com,2022-08-01,0,0,0,0,0,0,0,0,0,0,0,0,0,0,0,0,0,0,0,1,0,1,0,0,0,0,0,0,0,0,0,0,0
Hungary,themoscowtimes.com,2022-09-01,0,0,0,0,0,0,0,0,0,0,0,0,0,0,0,0,0,0,0,0,0,0,0,0,0,0,0,0,0,0,0,0,0
Hungary,themoscowtimes.com,2022-10-01,0,0,0,0,0,0,0,0,0,0,0,0,0,0,0,0,0,0,0,1,0,1,0,0,0,0,0,0,0,0,0,0,0
Hungary,themoscowtimes.com,2022-11-01,0,0,0,0,0,0,0,0,0,0,0,0,0,0,0,0,0,0,0,0,0,0,0,0,0,0,0,0,0,0,0,0,0
Hungary,themoscowtimes.com,2022-12-01,0,0,0,0,0,0,0,0,0,0,0,0,0,0,0,0,0,0,0,1,0,1,0,0,0,0,0,0,0,0,0,0,0
Hungary,themoscowtimes.com,2023-01-01,0,0,0,0,0,0,0,0,0,0,0,0,0,0,0,0,0,0,0,0,0,0,0,0,0,0,0,0,0,0,0,0,0
Hungary,themoscowtimes.com,2023-02-01,0,0,0,0,0,0,0,0,0,0,0,0,0,0,0,0,0,0,0,0,0,0,0,0,0,0,0,0,0,0,0,0,0
Hungary,themoscowtimes.com,2023-03-01,0,0,0,0,0,0,0,0,0,0,0,1,0,0,0,0,0,0,0,0,0,1,0,0,0,0,0,0,0,0,0,0,0
Hungary,themoscowtimes.com,2023-04-01,0,0,0,0,0,0,0,0,0,0,0,0,0,0,0,0,0,0,0,0,0,0,0,0,0,0,0,0,0,0,0,0,0
Hungary,themoscowtimes.com,2023-05-01,0,0,0,0,0,0,0,0,0,0,0,0,0,0,0,0,0,0,0,1,0,1,0,0,0,0,0,0,0,0,0,0,0
Hungary,themoscowtimes.com,2023-06-01,0,0,0,0,1,0,0,0,0,0,0,0,0,0,0,0,0,0,0,1,0,2,0,0,0,0,0,0,0,0,0,0,0
Hungary,themoscowtimes.com,2023-07-01,0,0,0,0,0,0,0,0,0,0,0,0,0,0,0,0,0,0,0,0,0,0,0,0,0,0,0,0,0,0,0,0,0
Hungary,themoscowtimes.com,2023-08-01,0,0,0,0,0,0,0,0,0,0,0,0,0,0,0,0,0,0,0,0,0,0,0,0,0,0,0,0,0,0,0,0,0
Hungary,themoscowtimes.com,2023-09-01,0,0,0,0,0,0,0,0,0,0,0,0,0,0,0,0,0,0,0,0,0,0,0,0,0,0,0,0,0,0,0,0,0
Hungary,themoscowtimes.com,2023-10-01,0,0,0,0,0,0,0,0,0,1,0,0,0,0,0,0,0,0,0,1,0,2,0,0,0,0,0,0,0,0,0,0,0
Hungary,themoscowtimes.com,2023-11-01,0,0,0,0,0,0,0,0,0,0,0,0,0,0,0,0,0,0,0,0,0,0,0,0,0,0,0,0,0,0,0,0,0
Hungary,themoscowtimes.com,2023-12-01,0,1,0,0,0,0,0,0,0,1,0,0,0,0,0,0,0,0,0,0,0,2,0,0,0,0,0,0,0,0,0,0,0
Hungary,themoscowtimes.com,2024-01-01,0,0,0,0,0,0,0,0,0,0,0,0,0,0,0,0,0,0,0,0,0,0,0,0,0,0,0,0,0,0,0,0,0
Hungary,themoscowtimes.com,2024-02-01,0,0,0,0,0,0,0,0,0,0,0,0,0,0,0,0,0,1,0,0,0,1,0,0,0,0,0,0,0,0,0,0,0
Hungary,themoscowtimes.com,2024-03-01,0,0,0,0,0,0,0,0,0,0,0,0,0,0,0,0,0,0,0,0,0,0,0,0,0,0,0,0,0,0,0,0,0
Hungary,themoscowtimes.com,2024-04-01,0,0,0,0,0,0,0,0,0,0,0,0,0,0,0,0,0,0,0,2,0,2,0,0,0,0,0,0,0,0,0,0,0
Hungary,themoscowtimes.com,2024-05-01,0,0,0,0,0,0,0,0,0,0,0,0,0,0,0,0,0,0,0,0,0,0,0,0,0,0,0,0,0,0,0,0,0
Hungary,themoscowtimes.com,2024-06-01,0,0,0,0,0,0,0,0,0,0,0,0,0,0,0,0,0,0,0,0,0,0,0,0,0,0,0,0,0,0,0,0,0
Hungary,themoscowtimes.com,2024-07-01,0,0,0,0,1,0,0,0,0,1,0,0,0,0,1,0,0,0,0,4,0,7,0,0,0,0,0,0,0,0,0,0,0
Hungary,themoscowtimes.com,2024-08-01,0,0,0,0,0,0,0,0,0,0,0,1,0,0,0,0,0,0,0,0,0,1,0,0,0,0,0,0,0,0,0,0,0
Hungary,themoscowtimes.com,2024-09-01,0,0,0,0,0,0,0,0,1,1,0,0,0,0,0,0,0,0,0,1,0,3,0,0,0,0,0,0,0,0,0,0,0
Hungary,themoscowtimes.com,2024-10-01,0,0,0,0,0,0,0,0,0,0,0,0,0,0,0,0,0,0,0,0,0,0,0,0,0,0,0,0,0,0,0,0,0
Hungary,themoscowtimes.com,2024-11-01,0,0,0,0,0,0,0,0,0,0,0,0,0,0,0,0,0,0,0,2,0,2,0,0,0,0,0,0,0,0,0,0,0
Hungary,themoscowtimes.com,2024-12-01,0,0,0,0,0,0,0,0,0,0,0,0,0,0,0,0,0,0,0,0,0,0,0,0,0,0,0,0,0,0,0,0,0
Hungary,themoscowtimes.com,2025-01-01,0,0,0,0,0,0,0,0,0,0,0,0,0,0,0,0,0,0,0,1,0,1,0,0,0,0,0,0,0,0,0,0,0
Hungary,themoscowtimes.com,2025-02-01,0,0,0,0,0,0,0,0,0,0,0,0,0,0,1,0,0,0,0,1,0,2,0,0,0,0,0,0,0,0,0,0,0
Hungary,themoscowtimes.com,2025-03-01,0,0,0,0,0,0,0,0,1,0,0,1,0,0,1,0,0,0,0,0,0,3,0,0,0,0,0,0,0,0,0,0,0
Hungary,themoscowtimes.com,2025-04-01,0,0,0,0,0,0,0,0,0,0,0,0,0,0,0,0,0,0,0,0,0,0,0,0,0,0,0,0,0,0,0,0,0
Hungary,themoscowtimes.com,2025-05-01,0,0,0,0,0,0,0,0,0,0,0,0,0,0,0,0,0,0,0,0,0,0,0,0,0,0,0,0,0,0,0,0,0
Hungary,themoscowtimes.com,2025-06-01,0,0,0,0,0,0,0,0,0,0,0,0,0,0,0,0,0,0,0,0,0,0,0,0,0,0,0,0,0,0,0,0,0
Hungary,washingtonpost.com,2012-01-01,0,1,0,0,0,0,0,0,0,0,0,0,0,0,0,0,0,0,0,0,0,1,0,0,0,0,0,0,0,0,0,0,0
Hungary,washingtonpost.com,2012-02-01,0,0,0,0,0,0,0,0,0,0,0,0,0,0,0,0,0,0,0,0,0,0,0,0,0,0,0,0,0,0,0,0,0
Hungary,washingtonpost.com,2012-03-01,0,0,0,0,0,0,0,0,0,0,0,0,0,0,0,0,0,0,0,0,0,0,0,0,0,0,0,0,0,0,0,0,0
Hungary,washingtonpost.com,2012-04-01,0,0,0,0,0,0,0,0,0,0,0,0,0,0,0,0,0,0,0,0,0,0,0,0,0,0,0,0,0,0,0,0,0
Hungary,washingtonpost.com,2012-05-01,0,0,0,0,0,0,0,0,0,0,0,0,0,0,0,0,0,0,0,0,0,0,0,0,0,0,0,0,0,0,0,0,0
Hungary,washingtonpost.com,2012-06-01,0,0,0,0,0,0,0,0,0,0,0,0,0,0,0,0,0,0,0,2,0,2,0,0,0,0,0,0,0,0,0,0,0
Hungary,washingtonpost.com,2012-07-01,0,0,0,0,0,0,0,0,0,0,0,0,0,0,0,0,0,0,0,1,0,1,0,0,0,0,0,0,0,0,0,0,0
Hungary,washingtonpost.com,2012-08-01,0,0,0,0,0,0,0,0,0,0,0,0,0,0,0,0,0,0,0,1,0,1,0,0,0,0,0,0,0,0,0,0,0
Hungary,washingtonpost.com,2012-09-01,0,0,0,0,0,0,0,0,0,0,0,0,0,0,0,0,0,0,0,0,0,0,0,0,0,0,0,0,0,0,0,0,0
Hungary,washingtonpost.com,2012-10-01,0,0,0,0,0,0,0,0,0,0,0,0,0,0,0,0,0,0,0,1,0,1,0,0,0,0,0,0,0,0,0,0,0
Hungary,washingtonpost.com,2012-11-01,0,0,0,0,0,0,0,0,0,0,0,0,0,0,0,0,0,0,0,0,0,0,0,0,0,0,0,0,0,0,0,0,0
Hungary,washingtonpost.com,2012-12-01,0,0,0,0,0,0,0,0,0,0,0,0,0,0,0,0,0,0,0,0,0,0,0,0,0,0,0,0,0,0,0,0,0
Hungary,washingtonpost.com,2013-01-01,0,0,0,0,0,0,0,0,0,0,0,0,0,0,0,0,0,0,0,0,0,0,0,0,0,0,0,0,0,0,0,0,0
Hungary,washingtonpost.com,2013-02-01,0,0,0,0,0,0,0,0,0,0,0,0,0,0,0,0,0,0,0,0,0,0,0,0,0,0,0,0,0,0,0,0,0
Hungary,washingtonpost.com,2013-03-01,0,0,0,0,0,0,0,0,0,0,0,0,0,0,0,0,0,0,0,0,0,0,0,0,0,0,0,0,0,0,0,0,0
Hungary,washingtonpost.com,2013-04-01,0,0,0,0,0,0,0,0,0,0,0,0,0,0,0,0,0,0,0,0,0,0,0,0,0,0,0,0,0,0,0,0,0
Hungary,washingtonpost.com,2013-05-01,0,0,0,0,0,0,0,0,0,0,0,0,0,0,0,0,0,0,0,0,0,0,0,0,0,0,0,0,0,0,0,0,0
Hungary,washingtonpost.com,2013-06-01,0,0,0,0,0,0,0,0,0,0,0,0,0,0,0,0,0,0,0,2,0,2,0,0,0,0,0,0,0,0,0,0,0
Hungary,washingtonpost.com,2013-07-01,0,0,0,0,0,0,0,0,0,0,0,0,0,0,0,0,0,0,0,0,0,0,0,0,0,0,0,0,0,0,0,0,0
Hungary,washingtonpost.com,2013-08-01,0,0,0,0,0,0,0,0,0,0,0,0,0,0,0,0,0,0,0,1,0,1,0,0,0,0,0,0,0,0,0,0,0
Hungary,washingtonpost.com,2013-09-01,0,0,0,0,0,0,0,0,0,0,0,0,0,0,0,0,0,0,0,0,0,0,0,0,0,0,0,0,0,0,0,0,0
Hungary,washingtonpost.com,2013-10-01,0,0,0,0,0,0,0,0,0,0,0,0,0,0,0,0,0,0,0,1,0,1,0,0,0,0,0,0,0,0,0,0,0
Hungary,washingtonpost.com,2013-11-01,0,0,0,0,0,0,0,0,0,0,0,0,0,0,0,0,0,0,0,2,0,2,0,0,0,0,0,0,0,0,0,0,0
Hungary,washingtonpost.com,2013-12-01,0,0,0,0,0,0,0,0,0,0,0,0,0,0,0,0,0,0,0,0,0,0,0,0,0,0,0,0,0,0,0,0,0
Hungary,washingtonpost.com,2014-01-01,0,0,0,0,0,0,0,0,0,0,0,0,0,0,0,0,0,0,0,1,0,1,0,0,0,0,0,0,0,0,0,0,0
Hungary,washingtonpost.com,2014-02-01,0,0,0,0,0,0,0,0,0,0,0,0,0,0,0,0,0,0,0,1,0,1,0,0,0,0,0,0,0,0,0,0,0
Hungary,washingtonpost.com,2014-03-01,0,0,0,0,0,0,0,0,0,0,0,0,0,0,0,0,0,0,0,3,0,3,0,0,0,0,0,0,0,0,0,0,0
Hungary,washingtonpost.com,2014-04-01,0,0,0,0,0,0,0,0,0,0,0,0,0,0,0,0,0,0,0,0,0,0,0,0,0,0,0,0,0,0,0,0,0
Hungary,washingtonpost.com,2014-05-01,0,0,0,0,0,1,0,0,0,0,0,0,0,0,0,0,0,0,0,0,0,1,0,0,0,0,0,0,0,0,0,0,0
Hungary,washingtonpost.com,2014-06-01,0,0,0,0,0,0,0,0,0,0,0,0,0,0,0,0,0,0,0,2,0,2,0,0,0,0,0,0,0,0,0,0,0
Hungary,washingtonpost.com,2014-07-01,0,0,0,0,0,0,0,0,0,0,0,0,0,0,0,0,0,0,0,1,0,1,0,0,0,0,0,0,0,0,0,0,0
Hungary,washingtonpost.com,2014-08-01,0,0,0,0,0,0,0,0,0,0,0,0,0,0,0,0,0,0,0,0,0,0,0,0,0,0,0,0,0,0,0,0,0
Hungary,washingtonpost.com,2014-09-01,0,0,0,0,0,0,0,0,0,0,0,0,0,0,0,0,0,0,0,0,0,0,0,0,0,0,0,0,0,0,0,0,0
Hungary,washingtonpost.com,2014-10-01,0,0,0,0,0,0,0,0,0,0,0,0,0,0,1,0,0,0,0,2,0,3,0,0,0,0,0,0,0,0,0,0,0
Hungary,washingtonpost.com,2014-11-01,0,0,0,0,0,0,0,0,0,0,0,0,0,0,0,0,0,0,0,2,0,3,0,0,0,0,0,1,0,0,0,0,0
Hungary,washingtonpost.com,2014-12-01,0,0,0,0,0,0,0,0,0,0,0,0,0,0,0,0,0,0,0,0,0,0,0,0,0,0,0,0,0,0,0,0,0
Hungary,washingtonpost.com,2015-01-01,0,0,0,0,0,0,0,0,0,0,0,0,0,0,0,0,0,0,0,1,0,1,0,0,0,0,0,0,0,0,0,0,0
Hungary,washingtonpost.com,2015-02-01,0,0,0,0,0,0,0,0,0,0,0,0,0,0,0,0,0,0,0,6,0,6,0,0,0,0,0,0,0,0,0,0,0
Hungary,washingtonpost.com,2015-03-01,0,0,0,0,0,0,0,0,0,0,0,0,0,0,0,0,0,0,0,1,0,1,0,0,0,0,0,0,0,0,0,0,0
Hungary,washingtonpost.com,2015-04-01,0,0,0,0,0,0,0,0,0,0,0,0,0,0,0,0,0,0,0,1,0,1,0,0,0,0,0,0,0,0,0,0,0
Hungary,washingtonpost.com,2015-05-01,0,0,0,0,0,0,0,0,0,0,0,0,0,0,0,0,0,0,0,0,0,0,0,0,0,0,0,0,0,0,0,0,0
Hungary,washingtonpost.com,2015-06-01,0,0,0,0,0,0,0,0,0,0,0,0,0,0,0,0,0,0,0,2,0,2,0,0,0,0,0,0,0,0,0,0,0
Hungary,washingtonpost.com,2015-07-01,0,0,0,0,0,0,0,0,0,0,0,0,0,0,0,0,0,0,0,0,0,0,0,0,0,0,0,0,0,0,0,0,0
Hungary,washingtonpost.com,2015-08-01,0,0,0,0,0,0,0,0,0,0,0,0,0,0,0,0,0,1,0,11,0,12,0,0,0,0,0,0,0,0,0,0,0
Hungary,washingtonpost.com,2015-09-01,1,1,0,0,0,0,0,1,1,2,0,0,0,0,0,1,0,0,0,36,0,43,0,0,0,0,0,0,0,0,0,0,0
Hungary,washingtonpost.com,2015-10-01,0,0,0,0,0,1,0,0,0,1,0,0,0,0,0,0,0,0,0,6,0,8,0,0,0,0,0,0,0,0,0,0,0
Hungary,washingtonpost.com,2015-11-01,0,0,0,0,0,0,0,0,0,0,0,0,0,0,0,0,0,0,0,0,0,0,0,0,0,0,0,0,0,0,0,0,0
Hungary,washingtonpost.com,2015-12-01,0,0,0,0,0,0,0,0,0,0,0,0,0,0,0,0,0,0,0,3,0,3,0,0,0,0,0,0,0,0,0,0,0
Hungary,washingtonpost.com,2016-01-01,0,0,0,1,0,0,0,0,0,0,0,0,0,0,0,0,0,0,0,2,0,3,0,0,0,0,0,0,0,0,0,0,0
Hungary,washingtonpost.com,2016-02-01,0,0,0,0,0,0,0,0,0,0,0,0,0,0,0,0,0,0,0,1,0,1,0,0,0,0,0,0,0,0,0,0,0
Hungary,washingtonpost.com,2016-03-01,0,0,0,0,0,0,0,0,0,0,0,0,0,0,0,0,0,0,0,5,0,5,0,0,0,0,0,0,0,0,0,0,0
Hungary,washingtonpost.com,2016-04-01,0,0,1,0,0,0,0,0,0,0,0,0,0,0,0,0,0,0,0,2,0,3,0,0,0,0,0,0,0,0,0,0,0
Hungary,washingtonpost.com,2016-05-01,0,0,0,0,0,0,0,0,0,0,0,0,0,0,1,0,0,0,0,1,0,2,0,0,0,0,0,0,0,0,0,0,0
Hungary,washingtonpost.com,2016-06-01,0,0,0,0,0,0,0,0,0,0,0,0,0,0,0,0,0,0,0,1,0,1,0,0,0,0,0,0,0,0,0,0,0
Hungary,washingtonpost.com,2016-07-01,0,0,0,0,0,0,0,0,0,0,0,0,0,0,0,0,0,0,0,7,0,7,0,0,0,0,0,0,0,0,0,0,0
Hungary,washingtonpost.com,2016-08-01,0,0,0,0,0,0,0,0,0,0,0,0,0,0,0,0,0,0,0,3,0,3,0,0,0,0,0,0,0,0,0,0,0
Hungary,washingtonpost.com,2016-09-01,0,0,0,0,0,0,0,0,0,0,0,0,0,0,0,0,0,0,0,6,0,6,0,0,0,0,0,0,0,0,0,0,0
Hungary,washingtonpost.com,2016-10-01,0,0,0,0,0,0,0,0,0,0,0,0,0,0,0,0,0,0,0,2,0,2,0,0,0,0,0,0,0,0,0,0,0
Hungary,washingtonpost.com,2016-11-01,0,0,0,0,0,0,0,0,0,0,0,0,0,0,0,0,0,0,0,4,0,4,0,0,0,0,0,0,0,0,0,0,0
Hungary,washingtonpost.com,2016-12-01,0,0,0,0,0,1,0,0,0,0,0,0,0,0,0,0,0,0,0,4,0,5,0,0,0,0,0,0,0,0,0,0,0
Hungary,washingtonpost.com,2017-01-01,0,0,0,0,0,0,0,0,0,0,0,0,0,0,0,0,0,0,0,1,0,1,0,0,0,0,0,0,0,0,0,0,0
Hungary,washingtonpost.com,2017-02-01,0,0,0,0,0,0,0,0,0,0,0,0,0,0,0,0,0,0,0,1,0,1,0,0,0,0,0,0,0,0,0,0,0
Hungary,washingtonpost.com,2017-03-01,0,0,0,0,0,0,0,0,0,0,0,0,0,0,0,0,0,0,0,1,0,2,0,0,0,0,0,1,0,0,0,0,0
Hungary,washingtonpost.com,2017-04-01,0,0,0,0,0,0,0,0,0,0,0,0,0,0,0,0,0,0,0,2,0,2,0,0,0,0,0,0,0,0,0,0,0
Hungary,washingtonpost.com,2017-05-01,0,0,0,0,0,0,0,0,0,0,0,0,0,0,0,0,1,0,0,2,0,3,0,0,0,0,0,0,0,0,0,0,0
Hungary,washingtonpost.com,2017-06-01,0,0,0,0,0,0,0,0,0,0,0,0,0,0,0,0,0,0,0,1,0,1,0,0,0,0,0,0,0,0,0,0,0
Hungary,washingtonpost.com,2017-07-01,0,0,0,0,0,0,0,0,0,0,0,1,0,0,1,0,0,0,0,3,0,5,0,0,0,0,0,0,0,0,0,0,0
Hungary,washingtonpost.com,2017-08-01,0,0,0,0,0,0,0,0,0,0,0,0,0,0,0,0,0,0,0,2,0,2,0,0,0,0,0,0,0,0,0,0,0
Hungary,washingtonpost.com,2017-09-01,0,0,0,0,0,0,0,0,0,0,0,0,0,0,0,0,0,0,0,2,0,2,0,0,0,0,0,0,0,0,0,0,0
Hungary,washingtonpost.com,2017-10-01,0,0,0,0,0,0,0,0,0,0,0,0,0,0,0,0,0,0,0,1,0,1,0,0,0,0,0,0,0,0,0,0,0
Hungary,washingtonpost.com,2017-11-01,0,0,0,0,0,0,0,0,0,0,0,0,0,0,0,0,0,0,0,1,0,1,0,0,0,0,0,0,0,0,0,0,0
Hungary,washingtonpost.com,2017-12-01,0,0,0,0,0,0,0,0,0,0,0,0,0,0,0,0,0,0,0,2,0,2,0,0,0,0,0,0,0,0,0,0,0
Hungary,washingtonpost.com,2018-01-01,0,0,0,0,0,1,0,0,0,0,0,0,0,0,0,0,0,0,0,3,0,5,0,0,0,0,1,0,0,0,0,0,0
Hungary,washingtonpost.com,2018-02-01,0,0,0,0,0,0,0,0,0,0,0,0,0,0,0,0,0,0,0,1,0,1,0,0,0,0,0,0,0,0,0,0,0
Hungary,washingtonpost.com,2018-03-01,0,0,0,0,0,1,0,0,0,1,0,0,0,0,0,0,0,0,0,1,0,4,1,0,0,0,0,0,0,0,0,0,0
Hungary,washingtonpost.com,2018-04-01,0,0,0,0,0,6,0,0,0,0,0,0,0,0,0,0,0,0,0,8,0,14,0,0,0,0,0,0,0,0,0,0,0
Hungary,washingtonpost.com,2018-05-01,0,0,0,0,0,0,0,0,0,0,0,0,0,0,1,0,0,0,0,6,0,7,0,0,0,0,0,0,0,0,0,0,0
Hungary,washingtonpost.com,2018-06-01,0,0,1,0,0,2,0,0,0,0,0,0,0,0,3,0,0,0,0,10,0,16,0,0,0,0,0,0,0,0,0,0,0
Hungary,washingtonpost.com,2018-07-01,0,0,2,0,0,0,0,0,0,1,1,0,0,1,1,0,0,0,0,10,0,15,0,0,0,0,0,0,0,0,0,0,0
Hungary,washingtonpost.com,2018-08-01,0,0,0,0,0,0,0,0,0,1,0,0,1,0,0,0,1,0,0,5,0,8,0,0,0,0,0,0,0,0,0,0,0
Hungary,washingtonpost.com,2018-09-01,0,0,3,0,0,0,0,0,0,1,0,0,0,0,2,0,0,0,0,9,0,15,0,0,0,0,0,0,0,0,0,0,0
Hungary,washingtonpost.com,2018-10-01,1,0,0,0,0,0,0,1,0,0,0,1,0,0,0,0,0,0,0,2,0,6,0,0,0,0,0,1,0,0,0,0,0
Hungary,washingtonpost.com,2018-11-01,0,1,3,0,0,0,0,0,0,1,0,0,0,3,1,0,0,0,0,9,0,15,0,0,0,0,0,0,0,0,0,0,0
Hungary,washingtonpost.com,2018-12-01,0,7,0,0,0,0,0,0,0,0,0,0,0,0,7,0,2,0,0,3,0,20,0,0,0,0,1,0,0,0,0,0,0
Hungary,washingtonpost.com,2019-01-01,0,7,0,0,0,0,0,0,0,0,0,0,0,0,1,0,0,0,0,7,0,15,0,0,0,0,0,0,0,0,0,0,0
Hungary,washingtonpost.com,2019-02-01,0,0,2,0,0,1,0,0,0,2,0,0,0,1,0,0,0,0,0,15,0,21,0,0,0,0,1,0,0,0,0,0,0
Hungary,washingtonpost.com,2019-03-01,1,0,3,0,0,0,0,0,0,0,2,0,0,2,0,0,0,0,0,13,0,19,0,0,0,0,0,0,0,0,0,0,0
Hungary,washingtonpost.com,2019-04-01,0,0,0,0,0,1,0,0,0,0,0,0,0,0,1,0,1,0,0,3,0,6,0,0,0,0,0,0,0,0,0,0,0
Hungary,washingtonpost.com,2019-05-01,0,2,1,6,0,1,0,0,0,1,0,0,0,0,0,0,0,0,0,14,0,29,4,0,0,0,0,0,0,0,0,0,0
Hungary,washingtonpost.com,2019-06-01,0,1,1,12,0,2,0,0,0,1,0,0,0,2,0,0,1,0,0,12,0,32,0,0,0,0,2,0,0,0,0,0,0
Hungary,washingtonpost.com,2019-07-01,0,0,1,1,0,1,0,0,0,0,0,0,0,0,0,0,0,0,0,8,0,13,2,0,0,0,0,0,0,0,0,0,0
Hungary,washingtonpost.com,2019-08-01,0,0,0,0,0,0,0,0,0,0,0,0,0,0,0,0,0,0,0,8,0,10,0,0,0,0,2,0,0,0,0,0,0
Hungary,washingtonpost.com,2019-09-01,0,0,1,0,0,0,0,0,0,0,0,1,0,0,0,0,0,0,0,11,0,14,0,0,0,0,1,0,0,0,0,0,0
Hungary,washingtonpost.com,2019-10-01,1,0,1,1,0,4,0,0,0,0,0,0,0,1,1,0,0,0,0,4,0,14,0,0,0,0,1,0,0,0,0,1,0
Hungary,washingtonpost.com,2019-11-01,0,0,1,0,0,0,0,0,0,0,0,1,0,0,0,0,0,0,0,8,0,11,1,0,0,0,0,0,0,0,0,0,0
Hungary,washingtonpost.com,2019-12-01,0,0,2,0,0,0,0,0,0,1,0,0,0,1,1,0,0,0,0,8,0,13,1,0,0,0,0,0,0,0,0,0,0
Hungary,washingtonpost.com,2020-01-01,0,1,0,0,0,0,0,0,0,0,0,0,0,0,1,0,0,0,0,7,0,9,0,0,0,0,0,0,0,0,0,0,0
Hungary,washingtonpost.com,2020-02-01,0,0,0,0,0,0,0,0,0,0,0,0,0,0,0,0,0,0,0,7,0,7,0,0,0,0,0,0,0,0,0,0,0
Hungary,washingtonpost.com,2020-03-01,0,0,0,1,0,0,0,0,0,0,0,0,0,0,4,0,0,0,0,2,0,7,0,0,0,0,0,0,0,0,0,0,0
Hungary,washingtonpost.com,2020-04-01,1,0,0,0,0,0,0,0,0,0,0,0,0,0,1,0,0,0,0,1,0,3,0,0,0,0,0,0,0,0,0,0,0
Hungary,washingtonpost.com,2020-05-01,0,0,0,0,0,0,0,0,0,0,0,0,0,0,0,0,0,0,0,5,0,5,0,0,0,0,0,0,0,0,0,0,0
Hungary,washingtonpost.com,2020-06-01,0,0,0,0,0,0,0,0,0,1,0,0,0,0,1,0,0,0,0,4,0,6,0,0,0,0,0,0,0,0,0,0,0
Hungary,washingtonpost.com,2020-07-01,0,0,0,0,0,0,0,0,0,0,0,0,0,0,0,0,2,0,0,5,0,7,0,0,0,0,0,0,0,0,0,0,0
Hungary,washingtonpost.com,2020-08-01,0,1,0,0,0,0,0,0,0,0,0,0,0,0,0,0,0,0,0,1,0,2,0,0,0,0,0,0,0,0,0,0,0
Hungary,washingtonpost.com,2020-09-01,0,0,0,1,1,0,0,0,0,1,0,0,0,0,1,0,0,0,0,7,0,12,0,0,0,0,0,0,0,0,1,0,0
Hungary,washingtonpost.com,2020-10-01,0,0,0,0,0,1,0,0,0,0,0,0,0,0,0,0,0,0,0,1,0,2,0,0,0,0,0,0,0,0,0,0,0
Hungary,washingtonpost.com,2020-11-01,0,0,0,3,0,0,0,0,0,0,0,0,0,0,1,0,0,1,0,9,0,16,0,0,0,0,0,2,0,0,0,0,0
Hungary,washingtonpost.com,2020-12-01,1,0,1,0,0,1,0,0,0,3,1,0,0,0,0,0,0,0,0,11,0,18,0,0,0,0,0,0,0,0,0,0,0
Hungary,washingtonpost.com,2021-01-01,0,1,0,0,0,0,0,0,0,0,0,0,0,0,0,0,0,0,0,0,0,1,0,0,0,0,0,0,0,0,0,0,0
Hungary,washingtonpost.com,2021-02-01,0,0,1,0,1,0,0,1,0,0,0,0,0,0,1,0,0,0,0,9,0,15,0,1,0,0,0,1,0,0,0,0,0
Hungary,washingtonpost.com,2021-03-01,0,2,3,1,0,1,0,0,2,0,0,0,0,1,0,0,0,1,0,8,0,18,0,0,0,0,0,0,0,0,0,0,0
Hungary,washingtonpost.com,2021-04-01,0,0,1,0,0,0,0,0,0,1,0,0,0,0,3,0,0,0,0,7,0,14,0,0,0,0,0,2,0,0,0,0,0
Hungary,washingtonpost.com,2021-05-01,0,0,0,0,0,1,0,0,0,0,0,0,0,0,0,0,0,0,0,3,0,5,0,1,0,0,0,0,0,0,0,0,0
Hungary,washingtonpost.com,2021-06-01,0,1,0,0,0,0,0,0,0,0,0,0,0,0,3,0,0,2,0,6,0,13,0,0,0,0,0,1,0,0,0,0,0
Hungary,washingtonpost.com,2021-07-01,0,3,1,0,0,0,0,1,0,0,0,0,0,0,1,0,0,0,1,12,0,19,0,0,0,0,0,0,0,0,0,0,0
Hungary,washingtonpost.com,2021-08-01,0,0,0,1,0,0,0,0,0,0,0,0,0,0,0,0,0,0,0,3,0,4,0,0,0,0,0,0,0,0,0,0,0
Hungary,washingtonpost.com,2021-09-01,0,0,1,1,0,1,0,0,0,0,0,0,0,0,0,0,0,0,0,8,0,12,0,0,0,0,0,1,0,0,0,0,0
Hungary,washingtonpost.com,2021-10-01,0,0,0,1,0,7,0,0,0,1,0,0,0,0,0,0,0,0,0,4,0,13,0,0,0,0,0,0,0,0,0,0,0
Hungary,washingtonpost.com,2021-11-01,0,0,1,0,0,0,0,0,0,0,0,0,0,0,1,0,0,0,0,3,0,5,0,0,0,0,0,0,0,0,0,0,0
Hungary,washingtonpost.com,2021-12-01,0,0,1,0,0,0,0,0,0,0,0,0,0,0,0,0,0,0,0,6,0,7,0,0,0,0,0,0,0,0,0,0,0
Hungary,washingtonpost.com,2022-01-01,0,0,0,0,0,1,0,1,0,0,0,0,0,0,0,0,0,0,0,1,0,3,0,0,0,0,0,0,0,0,0,0,0
Hungary,washingtonpost.com,2022-02-01,0,0,1,0,0,0,0,0,0,0,0,0,0,1,0,0,0,0,0,4,0,5,0,0,0,0,0,0,0,0,0,0,0
Hungary,washingtonpost.com,2022-03-01,0,0,0,0,0,0,0,0,0,0,0,0,0,0,0,0,0,0,0,7,0,7,0,0,0,0,0,0,0,0,0,0,0
Hungary,washingtonpost.com,2022-04-01,0,0,0,0,0,5,0,0,0,0,0,0,0,0,0,0,0,0,0,1,0,6,0,0,0,0,0,0,0,0,0,0,0
Hungary,washingtonpost.com,2022-05-01,0,0,0,0,0,0,0,0,0,1,0,0,0,0,0,0,0,0,0,3,0,4,0,0,0,0,0,0,0,0,0,0,0
Hungary,washingtonpost.com,2022-06-01,0,0,0,0,0,0,0,0,0,0,0,0,0,0,0,0,0,0,0,0,0,0,0,0,0,0,0,0,0,0,0,0,0
Hungary,washingtonpost.com,2022-07-01,0,0,0,0,0,0,0,0,0,0,0,0,0,0,0,0,0,0,0,1,0,1,0,0,0,0,0,0,0,0,0,0,0
Hungary,washingtonpost.com,2022-08-01,0,0,0,0,0,0,0,0,0,0,0,0,0,2,0,0,2,0,0,1,0,3,0,0,0,0,0,0,0,0,0,0,0
Hungary,washingtonpost.com,2022-09-01,0,0,1,0,0,2,0,0,0,0,0,0,0,1,1,0,0,0,0,0,0,4,0,0,0,0,0,0,0,0,0,0,0
Hungary,washingtonpost.com,2022-10-01,0,0,0,0,0,0,0,0,0,0,0,0,0,0,0,0,0,0,0,0,0,0,0,0,0,0,0,0,0,0,0,0,0
Hungary,washingtonpost.com,2022-11-01,0,0,0,0,0,0,0,0,0,0,0,0,0,0,0,0,0,0,0,0,0,0,0,0,0,0,0,0,0,0,0,0,0
Hungary,washingtonpost.com,2022-12-01,0,0,0,0,0,0,0,0,0,0,0,0,0,0,0,0,0,0,0,2,0,2,0,0,0,0,0,0,0,0,0,0,0
Hungary,washingtonpost.com,2023-01-01,0,0,0,0,0,0,0,0,0,0,0,0,0,0,0,0,0,0,0,0,0,0,0,0,0,0,0,0,0,0,0,0,0
Hungary,washingtonpost.com,2023-02-01,0,0,0,0,0,0,0,0,0,0,0,0,0,0,0,0,0,0,0,0,0,0,0,0,0,0,0,0,0,0,0,0,0
Hungary,washingtonpost.com,2023-03-01,0,0,0,0,0,0,0,0,0,0,0,0,0,0,0,0,0,0,0,1,0,1,0,0,0,0,0,0,0,0,0,0,0
Hungary,washingtonpost.com,2023-04-01,0,0,0,0,0,0,0,0,0,0,0,0,0,0,0,0,0,0,0,3,0,3,0,0,0,0,0,0,0,0,0,0,0
Hungary,washingtonpost.com,2023-05-01,0,0,0,0,0,0,0,0,0,0,0,0,0,0,0,0,0,0,0,0,0,0,0,0,0,0,0,0,0,0,0,0,0
Hungary,washingtonpost.com,2023-06-01,0,0,0,0,0,0,0,0,0,0,0,0,0,0,0,0,0,0,0,0,0,0,0,0,0,0,0,0,0,0,0,0,0
Hungary,washingtonpost.com,2023-07-01,0,0,0,0,0,0,0,0,0,0,0,0,0,0,0,0,0,0,0,3,0,3,0,0,0,0,0,0,0,0,0,0,0
Hungary,washingtonpost.com,2023-08-01,0,0,0,0,0,0,0,0,0,0,0,0,0,0,0,0,0,0,0,0,0,0,0,0,0,0,0,0,0,0,0,0,0
Hungary,washingtonpost.com,2023-09-01,0,0,0,0,0,0,0,0,0,0,0,0,0,0,0,0,0,0,0,0,0,0,0,0,0,0,0,0,0,0,0,0,0
Hungary,washingtonpost.com,2023-10-01,0,0,0,0,0,0,0,0,0,0,0,0,0,0,0,0,0,0,0,0,0,0,0,0,0,0,0,0,0,0,0,0,0
Hungary,washingtonpost.com,2023-11-01,0,0,0,0,0,0,0,0,0,0,0,0,0,0,0,0,0,0,0,0,0,0,0,0,0,0,0,0,0,0,0,0,0
Hungary,washingtonpost.com,2023-12-01,0,0,0,0,0,0,0,0,0,0,0,0,0,0,0,0,0,0,0,1,0,1,0,0,0,0,0,0,0,0,0,0,0
Hungary,washingtonpost.com,2024-01-01,0,0,0,0,0,0,0,0,0,0,0,0,0,0,0,0,0,0,0,1,0,1,0,0,0,0,0,0,0,0,0,0,0
Hungary,washingtonpost.com,2024-02-01,0,0,0,0,0,0,0,0,0,0,0,0,0,0,0,0,0,0,0,3,0,3,0,0,0,0,0,0,0,0,0,0,0
Hungary,washingtonpost.com,2024-03-01,0,0,0,0,0,0,0,0,0,0,0,0,0,0,0,0,0,0,0,0,0,0,0,0,0,0,0,0,0,0,0,0,0
Hungary,washingtonpost.com,2024-04-01,0,0,0,0,0,0,0,0,0,0,0,0,0,0,0,0,0,0,0,0,0,0,0,0,0,0,0,0,0,0,0,0,0
Hungary,washingtonpost.com,2024-05-01,0,0,0,0,0,0,0,0,0,0,0,0,0,0,0,0,0,0,0,1,0,1,0,0,0,0,0,0,0,0,0,0,0
Hungary,washingtonpost.com,2024-06-01,0,0,0,0,0,0,0,0,0,0,0,0,0,0,0,0,0,0,0,0,0,0,0,0,0,0,0,0,0,0,0,0,0
Hungary,washingtonpost.com,2024-07-01,0,0,0,0,0,0,0,0,0,2,0,0,0,0,0,0,0,0,0,4,0,6,0,0,0,0,0,0,0,0,0,0,0
Hungary,washingtonpost.com,2024-08-01,0,0,0,0,0,0,0,0,0,0,0,0,0,0,0,0,0,0,0,0,0,0,0,0,0,0,0,0,0,0,0,0,0
Hungary,washingtonpost.com,2024-09-01,0,0,0,1,0,0,0,0,0,0,0,0,0,0,0,0,0,0,0,1,0,2,0,0,0,0,0,0,0,0,0,0,0
Hungary,washingtonpost.com,2024-10-01,0,0,0,0,0,0,0,0,0,0,0,0,0,0,0,0,0,0,0,2,0,2,0,0,0,0,0,0,0,0,0,0,0
Hungary,washingtonpost.com,2024-11-01,0,0,0,0,0,0,0,0,0,0,0,0,0,0,0,0,0,0,0,0,0,0,0,0,0,0,0,0,0,0,0,0,0
Hungary,washingtonpost.com,2024-12-01,0,0,0,0,0,0,0,0,0,0,0,0,0,0,0,0,0,0,0,0,0,0,0,0,0,0,0,0,0,0,0,0,0
Hungary,washingtonpost.com,2025-01-01,0,0,0,0,0,0,0,0,0,0,0,0,0,0,0,0,0,0,0,0,0,0,0,0,0,0,0,0,0,0,0,0,0
Hungary,washingtonpost.com,2025-02-01,0,0,0,0,0,0,0,0,0,0,0,0,0,0,0,0,0,0,0,0,0,0,0,0,0,0,0,0,0,0,0,0,0
Hungary,washingtonpost.com,2025-03-01,0,0,0,0,0,0,0,0,0,0,0,0,0,0,0,0,0,0,0,0,0,0,0,0,0,0,0,0,0,0,0,0,0
Hungary,washingtonpost.com,2025-04-01,0,0,0,0,0,0,0,0,0,0,0,0,0,0,0,0,0,0,0,0,0,0,0,0,0,0,0,0,0,0,0,0,0
Hungary,washingtonpost.com,2025-05-01,0,0,0,0,0,0,0,0,0,0,0,0,0,0,0,0,0,0,0,0,0,0,0,0,0,0,0,0,0,0,0,0,0
Hungary,washingtonpost.com,2025-06-01,0,0,0,0,0,0,0,0,0,0,0,0,0,0,0,0,0,0,0,0,0,0,0,0,0,0,0,0,0,0,0,0,0
Hungary,wsj.com,2012-01-01,0,0,0,0,0,0,0,0,0,1,0,0,0,0,1,0,0,0,0,1,0,3,0,0,0,0,0,0,0,0,0,0,0
Hungary,wsj.com,2012-02-01,0,0,0,0,0,0,0,0,0,0,0,0,0,0,0,0,0,0,0,0,0,0,0,0,0,0,0,0,0,0,0,0,0
Hungary,wsj.com,2012-03-01,0,0,0,0,0,0,0,0,0,0,0,0,0,0,1,0,0,0,0,0,0,1,0,0,0,0,0,0,0,0,0,0,0
Hungary,wsj.com,2012-04-01,0,0,0,0,0,0,0,0,0,0,0,0,0,0,0,0,0,0,0,1,0,1,0,0,0,0,0,0,0,0,0,0,0
Hungary,wsj.com,2012-05-01,0,0,0,0,0,0,0,0,0,0,0,0,0,0,0,0,0,0,0,0,0,0,0,0,0,0,0,0,0,0,0,0,0
Hungary,wsj.com,2012-06-01,0,0,0,0,0,0,0,0,0,0,0,0,0,0,0,0,0,0,0,1,0,1,0,0,0,0,0,0,0,0,0,0,0
Hungary,wsj.com,2012-07-01,0,0,0,0,0,0,0,0,0,0,0,0,0,0,0,0,0,0,0,3,0,3,0,0,0,0,0,0,0,0,0,0,0
Hungary,wsj.com,2012-08-01,0,0,0,0,0,0,0,0,0,0,0,0,0,0,0,0,0,0,0,1,0,1,0,0,0,0,0,0,0,0,0,0,0
Hungary,wsj.com,2012-09-01,0,0,1,0,0,0,0,0,0,0,0,0,0,0,0,0,0,0,0,1,0,2,0,0,0,0,0,0,0,0,0,0,0
Hungary,wsj.com,2012-10-01,0,0,0,0,0,0,0,0,0,0,0,0,0,0,0,0,0,0,0,0,0,0,0,0,0,0,0,0,0,0,0,0,0
Hungary,wsj.com,2012-11-01,0,0,0,0,0,0,0,0,0,0,0,0,0,0,0,0,0,0,0,1,0,1,0,0,0,0,0,0,0,0,0,0,0
Hungary,wsj.com,2012-12-01,0,0,0,0,0,0,0,0,0,0,0,0,0,0,0,0,0,0,0,1,0,1,0,0,0,0,0,0,0,0,0,0,0
Hungary,wsj.com,2013-01-01,0,0,0,0,0,0,0,0,0,0,0,0,0,0,0,0,0,0,0,0,0,0,0,0,0,0,0,0,0,0,0,0,0
Hungary,wsj.com,2013-02-01,0,0,0,0,0,0,0,0,0,0,0,0,0,0,1,0,0,0,0,2,0,3,0,0,0,0,0,0,0,0,0,0,0
Hungary,wsj.com,2013-03-01,0,0,0,0,0,0,0,0,0,0,0,0,0,0,0,0,0,0,0,2,0,2,0,0,0,0,0,0,0,0,0,0,0
Hungary,wsj.com,2013-04-01,0,0,0,0,0,0,0,0,0,0,0,0,0,0,1,0,0,0,0,1,0,2,0,0,0,0,0,0,0,0,0,0,0
Hungary,wsj.com,2013-05-01,0,0,0,0,0,0,0,0,0,0,0,0,0,0,0,0,0,0,0,2,0,2,0,0,0,0,0,0,0,0,0,0,0
Hungary,wsj.com,2013-06-01,0,0,0,0,0,0,0,0,0,0,0,0,0,0,0,0,0,0,0,2,0,2,0,0,0,0,0,0,0,0,0,0,0
Hungary,wsj.com,2013-07-01,0,0,0,0,0,0,0,0,0,0,0,0,0,0,0,0,0,0,0,2,0,2,0,0,0,0,0,0,0,0,0,0,0
Hungary,wsj.com,2013-08-01,0,0,0,0,0,0,0,0,0,0,0,0,0,0,0,0,0,0,0,1,0,1,0,0,0,0,0,0,0,0,0,0,0
Hungary,wsj.com,2013-09-01,0,0,0,0,0,0,0,0,0,0,0,0,0,0,0,0,0,0,0,0,0,0,0,0,0,0,0,0,0,0,0,0,0
Hungary,wsj.com,2013-10-01,0,0,0,0,0,0,0,0,0,0,0,0,0,0,0,0,0,0,0,0,0,0,0,0,0,0,0,0,0,0,0,0,0
Hungary,wsj.com,2013-11-01,0,0,0,0,0,0,0,0,0,0,0,0,0,0,0,0,0,0,0,0,0,0,0,0,0,0,0,0,0,0,0,0,0
Hungary,wsj.com,2013-12-01,0,0,0,0,0,0,0,0,0,0,0,0,0,0,0,0,0,0,0,0,0,0,0,0,0,0,0,0,0,0,0,0,0
Hungary,wsj.com,2014-01-01,0,0,0,0,0,0,0,0,0,0,0,0,0,0,0,0,0,0,0,0,0,0,0,0,0,0,0,0,0,0,0,0,0
Hungary,wsj.com,2014-02-01,0,0,0,0,0,0,0,0,0,0,0,0,0,0,0,0,0,0,0,0,0,0,0,0,0,0,0,0,0,0,0,0,0
Hungary,wsj.com,2014-03-01,0,0,0,0,0,0,0,0,0,0,0,0,0,0,0,0,0,0,0,1,0,1,0,0,0,0,0,0,0,0,0,0,0
Hungary,wsj.com,2014-04-01,0,0,0,0,0,0,0,0,0,0,0,0,0,0,0,0,0,0,0,2,0,2,0,0,0,0,0,0,0,0,0,0,0
Hungary,wsj.com,2014-05-01,0,0,0,0,0,0,0,0,0,0,0,0,0,0,0,0,0,0,0,0,0,0,0,0,0,0,0,0,0,0,0,0,0
Hungary,wsj.com,2014-06-01,0,0,0,0,0,0,0,0,0,0,0,0,0,0,0,0,0,0,0,1,0,1,0,0,0,0,0,0,0,0,0,0,0
Hungary,wsj.com,2014-07-01,0,0,0,0,0,0,0,0,0,0,0,0,0,0,0,0,0,0,0,1,0,1,0,0,0,0,0,0,0,0,0,0,0
Hungary,wsj.com,2014-08-01,0,0,0,0,0,0,0,0,0,0,0,0,0,0,1,0,0,0,0,1,0,2,0,0,0,0,0,0,0,0,0,0,0
Hungary,wsj.com,2014-09-01,0,0,0,0,0,0,0,0,0,0,0,0,0,0,0,0,0,0,0,2,0,2,0,0,0,0,0,0,0,0,0,0,0
Hungary,wsj.com,2014-10-01,0,0,0,0,0,0,0,0,0,0,0,0,0,0,1,0,1,0,0,2,0,4,0,0,0,0,0,0,0,0,0,0,0
Hungary,wsj.com,2014-11-01,0,0,0,0,0,0,0,0,0,0,0,0,0,0,0,0,0,0,0,1,0,2,0,0,0,0,0,1,0,0,0,0,0
Hungary,wsj.com,2014-12-01,0,0,0,0,0,0,0,0,0,0,0,0,0,0,0,0,0,0,0,0,0,0,0,0,0,0,0,0,0,0,0,0,0
Hungary,wsj.com,2015-01-01,0,0,0,0,0,0,0,0,0,0,0,0,0,0,0,0,0,0,0,7,0,7,0,0,0,0,0,0,0,0,0,0,0
Hungary,wsj.com,2015-02-01,0,0,0,0,0,0,0,0,0,0,0,0,0,0,0,0,0,0,0,6,0,6,0,0,0,0,0,0,0,0,0,0,0
Hungary,wsj.com,2015-03-01,0,0,0,0,0,0,0,0,0,0,0,0,0,0,0,0,0,0,0,1,0,1,0,0,0,0,0,0,0,0,0,0,0
Hungary,wsj.com,2015-04-01,0,0,0,0,0,0,0,0,0,0,0,0,0,0,0,0,0,0,0,1,0,1,0,0,0,0,0,0,0,0,0,0,0
Hungary,wsj.com,2015-05-01,0,0,0,0,0,0,0,0,0,0,0,0,0,0,0,0,0,0,0,1,0,1,0,0,0,0,0,0,0,0,0,0,0
Hungary,wsj.com,2015-06-01,0,0,0,0,0,0,0,0,0,0,0,0,0,0,1,0,0,0,0,3,0,4,0,0,0,0,0,0,0,0,0,0,0
Hungary,wsj.com,2015-07-01,0,0,0,0,0,0,0,0,0,0,0,0,0,0,0,0,0,0,0,1,0,1,0,0,0,0,0,0,0,0,0,0,0
Hungary,wsj.com,2015-08-01,0,0,0,0,0,0,0,0,1,0,0,0,0,0,1,1,0,0,0,5,0,10,1,0,0,0,0,0,0,0,0,1,0
Hungary,wsj.com,2015-09-01,0,0,0,0,0,0,0,0,0,0,0,1,0,0,1,1,0,0,0,36,0,39,0,0,0,0,0,0,0,0,0,0,0
Hungary,wsj.com,2015-10-01,0,0,0,0,0,0,0,0,0,2,0,0,0,0,0,1,0,0,0,6,0,9,0,0,0,0,0,0,0,0,0,0,0
Hungary,wsj.com,2015-11-01,0,0,0,0,0,0,0,0,0,0,0,0,0,0,0,0,0,0,0,3,0,3,0,0,0,0,0,0,0,0,0,0,0
Hungary,wsj.com,2015-12-01,0,0,1,0,0,1,0,0,0,0,0,0,0,0,0,0,0,0,0,3,0,5,0,0,0,0,0,0,0,0,0,0,0
Hungary,wsj.com,2016-01-01,0,0,0,0,0,0,0,0,0,1,0,0,0,0,0,0,0,0,0,1,0,2,0,0,0,0,0,0,0,0,0,0,0
Hungary,wsj.com,2016-02-01,0,0,0,0,0,0,0,0,0,0,0,0,0,0,0,0,0,0,0,3,0,3,0,0,0,0,0,0,0,0,0,0,0
Hungary,wsj.com,2016-03-01,0,0,0,0,0,0,0,0,0,0,0,0,0,0,0,0,0,0,0,4,0,4,0,0,0,0,0,0,0,0,0,0,0
Hungary,wsj.com,2016-04-01,0,0,0,0,0,0,0,0,0,0,0,0,0,0,0,0,0,0,0,2,0,2,0,0,0,0,0,0,0,0,0,0,0
Hungary,wsj.com,2016-05-01,0,0,1,0,0,0,0,0,0,0,0,0,0,0,0,0,0,0,0,2,0,4,0,0,0,0,0,0,0,0,0,0,1
Hungary,wsj.com,2016-06-01,0,0,0,0,0,0,0,0,0,0,0,0,0,0,0,0,0,0,0,12,0,12,0,0,0,0,0,0,0,0,0,0,0
Hungary,wsj.com,2016-07-01,0,0,0,0,0,1,0,0,0,0,0,0,0,0,0,0,0,0,0,5,0,7,1,0,0,0,0,0,0,0,0,0,0
Hungary,wsj.com,2016-08-01,0,0,0,0,0,0,0,0,0,0,0,0,0,0,0,0,0,0,0,2,0,2,0,0,0,0,0,0,0,0,0,0,0
Hungary,wsj.com,2016-09-01,0,0,0,0,0,0,0,0,0,0,0,0,0,0,0,0,0,0,0,4,0,4,0,0,0,0,0,0,0,0,0,0,0
Hungary,wsj.com,2016-10-01,0,0,1,0,0,1,0,0,0,0,0,0,0,0,1,0,0,0,0,2,0,6,0,0,1,0,1,0,0,0,0,0,0
Hungary,wsj.com,2016-11-01,0,0,0,0,0,0,0,0,0,0,0,0,0,0,0,0,0,0,0,1,0,1,0,0,0,0,0,0,0,0,0,0,0
Hungary,wsj.com,2016-12-01,0,0,0,0,0,0,0,0,0,0,0,0,0,0,0,0,0,0,0,3,0,3,0,0,0,0,0,0,0,0,0,0,0
Hungary,wsj.com,2017-01-01,0,0,0,1,0,0,0,0,0,0,0,0,0,0,0,0,0,0,0,5,0,6,0,0,0,0,0,0,0,0,0,0,0
Hungary,wsj.com,2017-02-01,0,0,0,0,0,0,0,0,0,0,0,0,0,0,0,0,0,0,0,1,0,1,0,0,0,0,0,0,0,0,0,0,0
Hungary,wsj.com,2017-03-01,0,0,0,0,0,0,0,0,0,0,0,0,0,0,1,0,0,0,0,0,0,1,0,0,0,0,0,0,0,0,0,0,0
Hungary,wsj.com,2017-04-01,0,0,0,0,0,0,0,0,0,1,0,0,0,0,1,0,0,0,0,2,0,4,0,0,0,0,0,0,0,0,0,0,0
Hungary,wsj.com,2017-05-01,0,0,0,0,0,0,0,0,0,0,0,0,0,0,0,0,0,0,0,1,0,1,0,0,0,0,0,0,0,0,0,0,0
Hungary,wsj.com,2017-06-01,0,0,0,0,0,0,0,0,0,0,0,0,0,0,0,0,0,0,0,1,0,1,0,0,0,0,0,0,0,0,0,0,0
Hungary,wsj.com,2017-07-01,0,0,0,0,0,0,0,0,0,0,0,0,0,0,0,0,0,0,0,1,0,1,0,0,0,0,0,0,0,0,0,0,0
Hungary,wsj.com,2017-08-01,0,0,0,0,0,0,0,0,0,0,0,0,0,0,0,0,0,0,0,2,0,2,0,0,0,0,0,0,0,0,0,0,0
Hungary,wsj.com,2017-09-01,0,0,1,0,0,0,0,0,0,0,0,0,0,0,0,0,0,0,0,2,0,3,0,0,0,0,0,0,0,0,0,0,0
Hungary,wsj.com,2017-10-01,0,0,0,0,0,0,0,0,0,0,0,0,0,0,0,0,0,0,0,1,0,1,0,0,0,0,0,0,0,0,0,0,0
Hungary,wsj.com,2017-11-01,0,1,0,0,0,0,0,0,0,0,0,0,0,0,0,0,0,0,0,0,0,1,0,0,0,0,0,0,0,0,0,0,0
Hungary,wsj.com,2017-12-01,0,0,0,0,0,0,0,0,0,0,0,0,0,0,0,0,0,0,0,0,0,0,0,0,0,0,0,0,0,0,0,0,0
Hungary,wsj.com,2018-01-01,0,0,0,0,0,1,0,0,0,0,0,0,0,1,0,0,0,0,0,5,0,7,0,0,0,0,0,0,0,0,0,0,0
Hungary,wsj.com,2018-02-01,0,0,0,0,0,0,0,0,0,0,0,0,0,0,0,0,0,0,0,0,0,0,0,0,0,0,0,0,0,0,0,0,0
Hungary,wsj.com,2018-03-01,0,0,0,0,0,0,0,0,0,0,0,0,0,0,0,0,0,0,0,5,0,5,0,0,0,0,0,0,0,0,0,0,0
Hungary,wsj.com,2018-04-01,0,0,0,0,0,3,0,0,0,0,0,0,0,0,0,0,0,0,0,1,0,4,0,0,0,0,0,0,0,0,0,0,0
Hungary,wsj.com,2018-05-01,0,0,0,0,0,1,0,0,0,0,0,0,0,0,0,0,0,0,0,8,0,10,0,0,0,0,1,0,0,0,0,0,0
Hungary,wsj.com,2018-06-01,0,0,0,0,0,0,0,0,0,0,0,0,0,0,0,0,0,0,0,5,0,6,0,0,0,0,1,0,0,0,0,0,0
Hungary,wsj.com,2018-07-01,0,0,1,0,0,0,0,0,0,0,0,0,0,0,0,0,0,0,0,2,0,3,0,0,0,0,0,0,0,0,0,0,0
Hungary,wsj.com,2018-08-01,0,0,0,0,0,0,0,0,0,0,0,0,0,0,0,0,0,0,0,2,0,2,0,0,0,0,0,0,0,0,0,0,0
Hungary,wsj.com,2018-09-01,0,0,0,0,0,1,0,0,0,0,0,0,0,0,0,0,0,0,0,6,0,7,0,0,0,0,0,0,0,0,0,0,0
Hungary,wsj.com,2018-10-01,0,0,0,0,0,0,0,0,0,0,0,0,0,0,0,0,0,0,0,0,0,1,1,0,0,0,0,0,0,0,0,0,0
Hungary,wsj.com,2018-11-01,0,0,0,0,0,0,0,0,0,0,0,0,0,0,0,0,0,0,0,2,0,2,0,0,0,0,0,0,0,0,0,0,0
Hungary,wsj.com,2018-12-01,0,2,0,0,0,0,0,0,0,0,0,0,0,0,0,0,0,0,0,2,0,4,0,0,0,0,0,0,0,0,0,0,0
Hungary,wsj.com,2019-01-01,0,0,0,0,0,0,0,0,0,0,0,0,0,0,0,0,0,0,0,1,0,1,0,0,0,0,0,0,0,0,0,0,0
Hungary,wsj.com,2019-02-01,0,0,0,0,0,0,0,0,0,0,0,0,0,0,0,0,0,0,0,2,0,2,0,0,0,0,0,0,0,0,0,0,0
Hungary,wsj.com,2019-03-01,0,0,0,0,0,0,0,0,0,0,0,0,0,0,0,0,0,0,0,1,0,2,0,0,1,0,1,0,0,0,0,0,0
Hungary,wsj.com,2019-04-01,0,0,0,0,0,0,0,0,0,0,0,0,0,0,0,0,0,0,0,0,0,0,0,0,0,0,0,0,0,0,0,0,0
Hungary,wsj.com,2019-05-01,0,0,0,0,0,0,0,0,0,0,0,0,0,0,0,0,0,0,0,1,0,1,0,0,0,0,0,0,0,0,0,0,0
Hungary,wsj.com,2019-06-01,0,0,0,0,0,0,0,0,0,0,0,0,0,0,0,0,0,0,0,2,0,3,1,0,0,0,0,0,0,0,0,0,0
Hungary,wsj.com,2019-07-01,0,0,0,0,0,0,0,0,0,0,0,0,0,0,0,0,0,0,0,2,0,2,0,0,0,0,0,0,0,0,0,0,0
Hungary,wsj.com,2019-08-01,0,0,0,0,0,0,0,0,0,0,0,0,0,0,0,0,0,0,0,0,0,0,0,0,0,0,0,0,0,0,0,0,0
Hungary,wsj.com,2019-09-01,0,0,0,0,0,0,0,0,0,0,0,0,0,0,0,0,0,0,0,1,0,1,0,0,0,0,0,0,0,0,0,0,0
Hungary,wsj.com,2019-10-01,0,0,0,0,0,1,0,0,0,0,0,0,0,0,0,0,0,0,0,2,0,3,0,0,0,0,0,0,0,0,0,0,0
Hungary,wsj.com,2019-11-01,0,0,0,0,0,0,0,0,0,0,0,0,0,0,0,0,0,0,0,4,0,4,0,0,0,0,0,0,0,0,0,0,0
Hungary,wsj.com,2019-12-01,0,0,0,0,0,0,0,0,0,0,0,0,0,0,0,0,0,0,0,0,0,0,0,0,0,0,0,0,0,0,0,0,0
Hungary,wsj.com,2020-01-01,0,0,0,0,0,0,0,0,0,0,0,0,0,0,0,0,0,0,0,1,0,1,0,0,0,0,0,0,0,0,0,0,0
Hungary,wsj.com,2020-02-01,0,0,0,0,0,0,0,0,0,0,0,0,0,0,0,0,0,0,0,2,0,2,0,0,0,0,0,0,0,0,0,0,0
Hungary,wsj.com,2020-03-01,0,0,0,0,0,1,0,0,0,0,0,0,0,0,1,0,0,0,0,1,0,3,0,0,0,0,0,0,0,0,0,0,0
Hungary,wsj.com,2020-04-01,0,0,0,0,0,0,0,0,0,0,0,0,0,0,0,0,0,0,0,1,0,1,0,0,0,0,0,0,0,0,0,0,0
Hungary,wsj.com,2020-05-01,0,0,0,0,0,0,0,0,0,0,0,0,0,0,0,0,0,0,0,3,0,3,0,0,0,0,0,0,0,0,0,0,0
Hungary,wsj.com,2020-06-01,0,0,0,0,0,0,0,0,0,0,0,0,0,0,0,0,0,0,0,2,0,2,0,0,0,0,0,0,0,0,0,0,0
Hungary,wsj.com,2020-07-01,0,0,0,0,0,0,0,0,1,0,0,0,0,0,0,0,0,0,0,0,0,1,0,0,0,0,0,0,0,0,0,0,0
Hungary,wsj.com,2020-08-01,0,0,0,0,0,0,0,0,0,0,0,0,0,0,0,0,0,0,0,1,0,1,0,0,0,0,0,0,0,0,0,0,0
Hungary,wsj.com,2020-09-01,0,0,0,0,0,0,0,0,0,0,0,0,0,0,0,0,0,0,0,0,0,0,0,0,0,0,0,0,0,0,0,0,0
Hungary,wsj.com,2020-10-01,0,0,0,0,0,0,0,0,0,0,0,0,0,0,0,0,0,0,0,0,0,0,0,0,0,0,0,0,0,0,0,0,0
Hungary,wsj.com,2020-11-01,0,0,0,0,0,0,0,0,0,0,0,0,0,0,0,0,0,0,0,0,0,0,0,0,0,0,0,0,0,0,0,0,0
Hungary,wsj.com,2020-12-01,0,0,0,0,0,0,0,0,0,0,0,0,0,0,0,0,0,0,0,0,0,0,0,0,0,0,0,0,0,0,0,0,0
Hungary,wsj.com,2021-01-01,0,0,0,0,0,0,0,0,0,0,0,0,0,0,0,0,0,0,0,1,0,1,0,0,0,0,0,0,0,0,0,0,0
Hungary,wsj.com,2021-02-01,0,0,0,0,0,0,0,0,0,0,0,0,0,0,0,0,0,0,0,1,0,1,0,0,0,0,0,0,0,0,0,0,0
Hungary,wsj.com,2021-03-01,0,0,0,0,0,0,0,0,0,0,0,0,0,0,0,0,0,0,0,2,0,2,0,0,0,0,0,0,0,0,0,0,0
Hungary,wsj.com,2021-04-01,0,0,0,0,0,0,0,0,0,0,0,0,0,0,0,0,0,0,0,3,0,3,0,0,0,0,0,0,0,0,0,0,0
Hungary,wsj.com,2021-05-01,0,0,0,0,0,0,0,0,0,0,0,0,0,0,0,0,0,0,0,0,0,0,0,0,0,0,0,0,0,0,0,0,0
Hungary,wsj.com,2021-06-01,0,0,0,0,0,0,0,0,0,0,0,0,0,0,0,0,0,0,0,1,0,1,0,0,0,0,0,0,0,0,0,0,0
Hungary,wsj.com,2021-07-01,0,0,0,0,0,0,0,0,0,0,0,0,0,0,0,0,0,0,0,2,0,2,0,0,0,0,0,0,0,0,0,0,0
Hungary,wsj.com,2021-08-01,0,0,0,0,0,0,0,0,0,0,0,0,0,0,0,0,0,0,0,3,0,3,0,0,0,0,0,0,0,0,0,0,0
Hungary,wsj.com,2021-09-01,0,0,0,0,0,0,0,0,0,0,0,0,0,0,0,0,0,0,0,0,0,0,0,0,0,0,0,0,0,0,0,0,0
Hungary,wsj.com,2021-10-01,0,0,0,0,0,0,0,0,0,0,0,0,0,0,0,0,0,0,0,1,0,1,0,0,0,0,0,0,0,0,0,0,0
Hungary,wsj.com,2021-11-01,0,0,0,0,0,0,0,0,0,0,0,0,0,0,0,0,0,0,0,0,0,0,0,0,0,0,0,0,0,0,0,0,0
Hungary,wsj.com,2021-12-01,0,0,0,0,0,0,0,0,0,0,0,0,0,0,0,0,0,0,0,2,0,2,0,0,0,0,0,0,0,0,0,0,0
Hungary,wsj.com,2022-01-01,0,0,0,0,0,0,0,0,0,0,0,0,0,0,0,0,0,0,0,0,0,0,0,0,0,0,0,0,0,0,0,0,0
Hungary,wsj.com,2022-02-01,0,0,0,0,0,0,0,0,0,0,0,0,0,0,0,0,0,0,0,4,0,4,0,0,0,0,0,0,0,0,0,0,0
Hungary,wsj.com,2022-03-01,0,0,0,0,0,0,0,0,0,0,0,0,0,0,0,0,0,0,0,3,0,3,0,0,0,0,0,0,0,0,0,0,0
Hungary,wsj.com,2022-04-01,0,0,0,0,0,1,0,0,0,0,0,0,0,0,0,0,0,0,0,6,0,7,0,0,0,0,0,0,0,0,0,0,0
Hungary,wsj.com,2022-05-01,0,0,0,0,0,0,0,0,0,0,0,0,0,0,0,0,0,0,0,9,0,9,0,0,0,0,0,0,0,0,0,0,0
Hungary,wsj.com,2022-06-01,0,0,0,0,0,0,0,0,0,0,0,0,0,0,0,0,0,0,0,1,0,1,0,0,0,0,0,0,0,0,0,0,0
Hungary,wsj.com,2022-07-01,0,0,0,0,0,0,0,0,0,0,0,0,0,0,0,0,0,0,0,2,0,2,0,0,0,0,0,0,0,0,0,0,0
Hungary,wsj.com,2022-08-01,0,0,0,0,0,0,0,0,0,0,0,0,0,0,0,0,0,0,0,0,0,0,0,0,0,0,0,0,0,0,0,0,0
Hungary,wsj.com,2022-09-01,0,0,0,0,0,0,0,0,0,0,0,0,0,0,0,0,0,0,0,1,0,1,0,0,0,0,0,0,0,0,0,0,0
Hungary,wsj.com,2022-10-01,0,0,0,0,0,0,0,0,0,0,0,0,0,0,0,0,0,0,0,0,0,0,0,0,0,0,0,0,0,0,0,0,0
Hungary,wsj.com,2022-11-01,0,0,0,0,0,0,0,0,0,0,0,0,0,0,0,0,0,0,0,1,0,1,0,0,0,0,0,0,0,0,0,0,0
Hungary,wsj.com,2022-12-01,0,0,0,0,0,0,0,0,0,0,0,0,0,0,0,0,0,0,0,1,0,2,0,0,0,0,0,1,0,0,0,0,0
Hungary,wsj.com,2023-01-01,0,0,0,0,0,0,0,0,0,0,0,0,0,0,0,0,0,0,0,0,0,0,0,0,0,0,0,0,0,0,0,0,0
Hungary,wsj.com,2023-02-01,0,0,0,0,0,0,0,0,0,0,0,0,0,0,0,0,0,0,0,0,0,0,0,0,0,0,0,0,0,0,0,0,0
Hungary,wsj.com,2023-03-01,0,0,0,0,0,0,0,0,0,0,0,0,0,0,0,0,0,0,0,0,0,0,0,0,0,0,0,0,0,0,0,0,0
Hungary,wsj.com,2023-04-01,0,0,0,0,0,0,0,0,0,0,0,0,0,0,0,0,0,0,0,2,0,2,0,0,0,0,0,0,0,0,0,0,0
Hungary,wsj.com,2023-05-01,0,0,0,0,0,0,0,0,0,0,0,0,0,0,0,0,0,0,0,0,0,0,0,0,0,0,0,0,0,0,0,0,0
Hungary,wsj.com,2023-06-01,0,0,0,0,0,0,0,0,0,0,0,0,0,0,0,0,0,0,0,0,0,0,0,0,0,0,0,0,0,0,0,0,0
Hungary,wsj.com,2023-07-01,0,0,0,0,0,0,0,0,0,0,0,0,0,0,0,0,0,0,0,0,0,0,0,0,0,0,0,0,0,0,0,0,0
Hungary,wsj.com,2023-08-01,0,0,0,0,0,0,0,0,0,0,0,0,0,0,0,0,0,0,0,0,0,0,0,0,0,0,0,0,0,0,0,0,0
Hungary,wsj.com,2023-09-01,0,0,0,0,0,0,0,0,0,0,0,0,0,0,0,0,0,0,0,0,0,0,0,0,0,0,0,0,0,0,0,0,0
Hungary,wsj.com,2023-10-01,0,0,0,0,0,0,0,0,0,0,0,0,0,0,0,0,0,0,0,0,0,0,0,0,0,0,0,0,0,0,0,0,0
Hungary,wsj.com,2023-11-01,0,0,0,0,0,0,0,0,0,0,0,0,0,0,0,0,0,0,0,1,0,1,0,0,0,0,0,0,0,0,0,0,0
Hungary,wsj.com,2023-12-01,0,0,0,0,0,0,0,0,0,0,0,0,0,0,0,0,0,0,0,0,0,0,0,0,0,0,0,0,0,0,0,0,0
Hungary,wsj.com,2024-01-01,0,0,0,0,0,0,0,0,0,0,0,0,0,0,0,0,0,0,0,0,0,0,0,0,0,0,0,0,0,0,0,0,0
Hungary,wsj.com,2024-02-01,0,0,0,0,0,0,0,0,0,0,0,0,0,0,0,0,0,0,0,0,0,0,0,0,0,0,0,0,0,0,0,0,0
Hungary,wsj.com,2024-03-01,0,0,0,0,0,0,0,0,0,0,0,0,0,0,0,0,0,0,0,0,0,0,0,0,0,0,0,0,0,0,0,0,0
Hungary,wsj.com,2024-04-01,0,0,0,0,0,0,0,0,0,0,0,0,0,0,0,0,0,0,0,0,0,0,0,0,0,0,0,0,0,0,0,0,0
Hungary,wsj.com,2024-05-01,0,0,0,0,0,0,0,0,0,0,0,0,0,0,0,0,0,0,0,0,0,0,0,0,0,0,0,0,0,0,0,0,0
Hungary,wsj.com,2024-06-01,0,0,0,0,0,0,0,0,0,0,0,0,0,0,0,0,0,0,0,0,0,0,0,0,0,0,0,0,0,0,0,0,0
Hungary,wsj.com,2024-07-01,0,0,0,0,0,0,0,0,0,0,0,0,0,0,0,0,0,0,0,0,0,0,0,0,0,0,0,0,0,0,0,0,0
Hungary,wsj.com,2024-08-01,0,0,0,0,0,0,0,0,0,0,0,0,0,0,0,0,0,0,0,0,0,0,0,0,0,0,0,0,0,0,0,0,0
Hungary,wsj.com,2024-09-01,0,0,0,0,0,0,0,0,0,0,0,0,0,0,0,0,0,0,0,0,0,0,0,0,0,0,0,0,0,0,0,0,0
Hungary,wsj.com,2024-10-01,0,0,0,0,0,0,0,0,0,0,0,0,0,0,0,0,0,0,0,0,0,0,0,0,0,0,0,0,0,0,0,0,0
Hungary,wsj.com,2024-11-01,0,0,0,0,0,0,0,0,0,0,0,0,0,0,0,0,0,0,0,0,0,0,0,0,0,0,0,0,0,0,0,0,0
Hungary,wsj.com,2024-12-01,0,0,0,0,0,0,0,0,0,0,0,0,0,0,0,0,0,0,0,0,0,0,0,0,0,0,0,0,0,0,0,0,0
Hungary,wsj.com,2025-01-01,0,0,0,0,0,0,0,0,0,0,0,0,0,0,0,0,0,0,0,0,0,0,0,0,0,0,0,0,0,0,0,0,0
Hungary,wsj.com,2025-02-01,0,0,0,0,0,0,0,0,0,0,0,0,0,0,0,0,0,0,0,0,0,0,0,0,0,0,0,0,0,0,0,0,0
Hungary,wsj.com,2025-03-01,0,0,0,0,0,0,0,0,0,0,0,0,0,0,0,0,0,0,0,0,0,0,0,0,0,0,0,0,0,0,0,0,0
Hungary,wsj.com,2025-04-01,0,0,0,0,0,0,0,0,0,0,0,0,0,0,0,0,0,0,0,0,0,0,0,0,0,0,0,0,0,0,0,0,0
Hungary,wsj.com,2025-05-01,0,0,0,0,0,0,0,0,0,0,0,0,0,0,0,0,0,0,0,0,0,0,0,0,0,0,0,0,0,0,0,0,0
Hungary,wsj.com,2025-06-01,0,0,0,0,0,0,0,0,0,0,0,0,0,0,0,0,0,0,0,0,0,0,0,0,0,0,0,0,0,0,0,0,0
